ds,y,rainfall,transport_lag_3
2001-01-10,253.33333333333334,0.0,0.0
2001-02-08,350.0,0.0,0.0
2001-03-07,420.0,0.0,0.0
2001-03-08,420.0,0.0,0.0
2001-03-13,220.0,0.0,0.0
2001-03-15,220.0,0.0,0.0
2001-03-17,220.0,0.0,0.0
2001-03-20,22.0,0.0,0.0
2001-03-21,220.0,0.0,0.0
2001-03-22,200.0,0.0,0.0
2001-03-27,225.0,0.0,0.0
2001-03-29,267.5,0.0,0.0
2001-03-30,340.0,0.0,0.0
2001-04-03,342.5,0.0,0.0
2001-04-05,400.0,0.0,0.0
2001-04-06,400.0,0.0,0.0
2001-04-07,425.0,0.0,0.0
2001-04-08,425.0,0.0,0.0
2001-04-10,400.0,0.0,0.0
2001-04-11,327.5,0.0,0.0
2001-04-12,317.5,0.0,0.0
2001-04-13,390.0,0.0,0.0
2001-04-14,390.0,0.0,0.0
2001-04-18,270.0,0.0,0.0
2001-04-19,307.0,0.0,0.0
2001-04-20,310.0,0.0,0.0
2001-04-21,340.0,0.0,0.0
2001-04-24,276.0,0.0,0.0
2001-04-25,333.0,0.0,0.0
2001-04-26,342.0,0.0,0.0
2001-04-27,291.0,0.0,0.0
2001-04-28,352.0,0.0,0.0
2001-04-29,350.0,0.0,0.0
2001-04-30,240.0,0.0,0.0
2001-05-01,300.0,0.0,0.0
2001-05-02,300.0,0.0,0.0
2001-05-03,275.0,0.0,0.0
2001-05-04,300.0,0.0,0.0
2001-05-05,287.0,0.0,0.0
2001-05-08,233.5,0.0,0.0
2001-05-09,512.3333333333334,0.0,0.0
2001-05-11,213.5,0.0,0.0
2001-05-12,235.0,0.0,0.0
2001-05-15,240.0,0.0,0.0
2001-05-17,210.0,0.0,0.0
2001-05-22,252.0,0.0,0.0
2001-05-23,260.0,0.0,0.0
2001-05-24,231.0,0.0,0.0
2001-05-25,227.5,0.0,0.0
2001-05-26,230.0,0.0,0.0
2001-05-30,272.5,0.0,0.0
2001-05-31,277.5,0.0,0.0
2001-06-01,263.0,0.0,0.0
2001-06-02,255.66666666666666,0.0,0.0
2001-06-03,250.0,0.0,0.0
2001-06-04,340.0,0.0,0.0
2001-06-05,250.0,0.0,0.0
2001-06-06,332.5,0.0,0.0
2001-06-07,291.5,0.0,0.0
2001-06-08,267.5,0.0,0.0
2001-06-09,285.5,0.0,0.0
2001-06-10,265.0,0.0,0.0
2001-06-11,337.0,0.0,0.0
2001-06-12,262.0,0.0,0.0
2001-06-13,301.3333333333333,0.0,0.0
2001-06-14,283.5,0.0,0.0
2001-06-15,297.5,0.0,0.0
2001-06-16,265.0,0.0,0.0
2001-06-17,287.5,0.0,0.0
2001-06-18,326.0,0.0,0.0
2001-06-19,307.6,0.0,0.0
2001-06-20,277.3333333333333,0.0,0.0
2001-06-21,337.5,0.0,0.0
2001-06-22,292.0,0.0,0.0
2001-06-23,280.0,0.0,0.0
2001-06-24,260.0,0.0,0.0
2001-06-25,280.0,0.0,0.0
2001-06-26,270.0,0.0,0.0
2001-06-27,290.0,0.0,0.0
2001-06-28,290.0,0.0,0.0
2001-06-29,285.0,0.0,0.0
2001-06-30,807.5,0.0,0.0
2001-07-01,315.0,0.0,0.0
2001-07-02,317.3333333333333,0.0,0.0
2001-07-03,335.0,0.0,0.0
2001-07-04,351.6666666666667,0.0,0.0
2001-07-05,653.3333333333334,0.0,0.0
2001-07-06,1125.0,0.0,0.0
2001-07-07,555.5,0.0,0.0
2001-07-08,385.0,0.0,0.0
2001-07-09,552.5,0.0,0.0
2001-07-10,552.8571428571429,0.0,0.0
2001-07-11,458.3333333333333,0.0,0.0
2001-07-12,280.0,0.0,0.0
2001-07-13,511.25,0.0,0.0
2001-07-14,351.6666666666667,0.0,0.0
2001-07-15,350.0,0.0,0.0
2001-07-16,1050.0,0.0,0.0
2001-07-17,521.75,0.0,0.0
2001-07-18,465.0,0.0,0.0
2001-07-19,461.0,0.0,0.0
2001-07-20,720.0,0.0,0.0
2001-07-21,538.0,0.0,0.0
2001-07-22,340.0,0.0,0.0
2001-07-23,478.0,0.0,0.0
2001-07-24,295.0,0.0,0.0
2001-07-25,341.25,0.0,0.0
2001-07-26,368.3333333333333,0.0,0.0
2001-07-27,631.25,0.0,0.0
2001-07-28,510.0,0.0,0.0
2001-07-29,440.0,0.0,0.0
2001-07-30,495.0,0.0,0.0
2001-07-31,721.0,0.0,0.0
2001-08-01,501.0,0.0,0.0
2001-08-02,593.3333333333334,0.0,0.0
2001-08-03,625.0,0.0,0.0
2001-08-04,596.6666666666666,0.0,0.0
2001-08-06,616.4,0.0,0.0
2001-08-07,678.3333333333334,0.0,0.0
2001-08-08,570.0,0.0,0.0
2001-08-09,536.6666666666666,0.0,0.0
2001-08-10,425.0,0.0,0.0
2001-08-11,547.5,0.0,0.0
2001-08-13,678.75,0.0,0.0
2001-08-14,673.75,0.0,0.0
2001-08-16,716.25,0.0,0.0
2001-08-17,430.0,0.0,0.0
2001-08-18,692.5,0.0,0.0
2001-08-19,542.5,0.0,0.0
2001-08-20,960.0,0.0,0.0
2001-08-21,740.0,0.0,0.0
2001-08-22,667.5,0.0,0.0
2001-08-23,507.5,0.0,0.0
2001-08-24,510.0,0.0,0.0
2001-08-25,825.0,0.0,0.0
2001-08-26,450.0,0.0,0.0
2001-08-27,633.3333333333334,0.0,0.0
2001-08-28,626.3333333333334,0.0,0.0
2001-08-29,631.4,0.0,0.0
2001-08-30,560.0,0.0,0.0
2001-08-31,550.0,0.0,0.0
2001-09-01,894.0,0.0,0.0
2001-09-03,482.5,0.0,0.0
2001-09-04,500.0,0.0,0.0
2001-09-05,651.0,0.0,0.0
2001-09-06,606.25,0.0,0.0
2001-09-07,750.0,0.0,0.0
2001-09-08,431.25,0.0,0.0
2001-09-09,510.0,0.0,0.0
2001-09-10,625.0,0.0,0.0
2001-09-11,438.3333333333333,0.0,0.0
2001-09-12,478.3333333333333,0.0,0.0
2001-09-13,477.0,0.0,0.0
2001-09-14,581.6666666666666,0.0,0.0
2001-09-15,683.0,0.0,0.0
2001-09-16,460.0,0.0,0.0
2001-09-17,490.0,0.0,0.0
2001-09-18,612.5,0.0,0.0
2001-09-19,664.0,0.0,0.0
2001-09-20,705.0,0.0,0.0
2001-09-21,791.6666666666666,0.0,0.0
2001-09-22,681.25,0.0,0.0
2001-09-23,550.0,0.0,0.0
2001-09-24,743.3333333333334,0.0,0.0
2001-09-25,682.0,0.0,0.0
2001-09-26,614.1666666666666,0.0,0.0
2001-09-27,653.0,0.0,0.0
2001-09-28,675.0,0.0,0.0
2001-09-29,437.5,0.0,0.0
2001-09-30,500.0,0.0,0.0
2001-10-01,331.25,0.0,0.0
2001-10-02,483.75,0.0,0.0
2001-10-03,442.0,0.0,0.0
2001-10-04,405.0,0.0,0.0
2001-10-05,441.25,0.0,0.0
2001-10-06,463.75,0.0,0.0
2001-10-07,512.5,0.0,0.0
2001-10-08,466.6666666666667,0.0,0.0
2001-10-09,497.5,0.0,0.0
2001-10-10,492.5,0.0,0.0
2001-10-11,491.6666666666667,0.0,0.0
2001-10-12,496.0,0.0,0.0
2001-10-13,505.0,0.0,0.0
2001-10-14,512.5,0.0,0.0
2001-10-15,475.0,0.0,0.0
2001-10-16,525.0,0.0,0.0
2001-10-17,500.0,0.0,0.0
2001-10-18,540.0,0.0,0.0
2001-10-19,575.0,0.0,0.0
2001-10-20,476.25,0.0,0.0
2001-10-21,550.0,0.0,0.0
2001-10-22,565.0,0.0,0.0
2001-10-23,528.3333333333334,0.0,0.0
2001-10-24,550.0,0.0,0.0
2001-10-25,565.0,0.0,0.0
2001-10-26,570.0,0.0,0.0
2001-10-27,450.0,0.0,0.0
2001-10-29,637.5,0.0,0.0
2001-10-30,580.0,0.0,0.0
2001-10-31,573.75,0.0,0.0
2001-11-01,525.0,0.0,0.0
2001-11-02,600.0,0.0,0.0
2001-11-03,450.0,0.0,0.0
2001-11-05,562.5,0.0,0.0
2001-11-06,525.0,0.0,0.0
2001-11-07,462.5,0.0,0.0
2001-11-08,600.0,0.0,0.0
2001-11-09,575.0,0.0,0.0
2001-11-10,400.0,0.0,0.0
2001-11-11,550.0,0.0,0.0
2001-11-13,550.0,0.0,0.0
2001-11-14,575.0,0.0,0.0
2001-11-15,920.0,0.0,0.0
2001-11-16,575.0,0.0,0.0
2001-11-18,575.0,0.0,0.0
2001-11-20,850.0,0.0,0.0
2001-11-21,770.0,0.0,0.0
2001-11-22,850.0,0.0,0.0
2001-11-23,578.3333333333334,0.0,0.0
2001-11-24,608.3333333333334,0.0,0.0
2001-11-25,700.0,0.0,0.0
2001-11-26,350.0,0.0,0.0
2001-11-27,450.0,0.0,0.0
2001-11-28,542.5,0.0,0.0
2001-11-29,462.5,0.0,0.0
2001-11-30,550.0,0.0,0.0
2001-12-01,495.6666666666667,0.0,0.0
2001-12-02,575.0,0.0,0.0
2001-12-03,431.25,0.0,0.0
2001-12-04,496.6666666666667,0.0,0.0
2001-12-05,440.0,0.0,0.0
2001-12-06,431.25,0.0,0.0
2001-12-07,432.5,0.0,0.0
2001-12-08,459.3333333333333,0.0,0.0
2001-12-10,470.0,0.0,0.0
2001-12-11,409.5,0.0,0.0
2001-12-12,377.5,0.0,0.0
2001-12-13,392.5,0.0,0.0
2001-12-14,413.3333333333333,0.0,0.0
2001-12-15,423.75,0.0,0.0
2001-12-18,416.875,0.0,0.0
2001-12-19,480.0,0.0,0.0
2001-12-20,410.55555555555554,0.0,0.0
2001-12-21,442.5,0.0,0.0
2001-12-22,382.0,0.0,0.0
2001-12-23,475.0,0.0,0.0
2001-12-24,380.0,0.0,0.0
2001-12-25,436.6666666666667,0.0,0.0
2001-12-26,374.0,0.0,0.0
2001-12-27,418.1818181818182,0.0,0.0
2001-12-28,412.22222222222223,0.0,0.0
2001-12-29,360.7142857142857,0.0,0.0
2001-12-30,400.0,0.0,0.0
2001-12-31,347.1666666666667,0.0,0.0
2002-01-01,395.14285714285717,0.0,0.0
2002-01-02,368.57142857142856,0.0,0.0
2002-01-03,404.1111111111111,0.0,0.0
2002-01-04,363.57142857142856,0.0,0.0
2002-01-05,406.5,0.0,0.0
2002-01-06,412.5,0.0,0.0
2002-01-07,391.8888888888889,0.0,0.0
2002-01-08,395.55555555555554,0.0,0.0
2002-01-09,386.1111111111111,0.0,0.0
2002-01-10,379.0,0.0,0.0
2002-01-11,433.75,0.0,0.0
2002-01-12,271.7142857142857,0.0,0.0
2002-01-13,287.5,0.0,0.0
2002-01-14,268.5,0.0,0.0
2002-01-15,350.0,0.0,0.0
2002-01-16,326.8181818181818,0.0,0.0
2002-01-17,426.1111111111111,0.0,0.0
2002-01-18,378.1818181818182,0.0,0.0
2002-01-19,349.27272727272725,0.0,0.0
2002-01-20,312.5,0.0,0.0
2002-01-21,370.6363636363636,0.0,0.0
2002-01-22,319.1333333333333,0.0,0.0
2002-01-23,305.45454545454544,0.0,0.0
2002-01-24,305.1666666666667,0.0,0.0
2002-01-25,260.5833333333333,0.0,0.0
2002-01-26,250.0,0.0,0.0
2002-01-27,285.0,0.0,0.0
2002-01-28,275.0,0.0,0.0
2002-01-29,249.0,0.0,0.0
2002-01-30,273.0,0.0,0.0
2002-01-31,275.625,0.0,0.0
2002-02-01,355.35714285714283,0.0,0.0
2002-02-02,354.25,0.0,0.0
2002-02-03,258.3333333333333,0.0,0.0
2002-02-04,322.1764705882353,0.0,0.0
2002-02-05,316.175,0.0,0.0
2002-02-06,283.44444444444446,0.0,0.0
2002-02-07,298.05555555555554,0.0,0.0
2002-02-08,314.64285714285717,0.0,0.0
2002-02-09,252.72727272727272,0.0,0.0
2002-02-10,250.0,0.0,0.0
2002-02-11,276.0,0.0,0.0
2002-02-12,420.4166666666667,0.0,0.0
2002-02-13,309.7368421052632,0.0,0.0
2002-02-14,296.875,0.0,0.0
2002-02-15,284.09090909090907,0.0,0.0
2002-02-16,307.3333333333333,0.0,0.0
2002-02-17,300.0,0.0,0.0
2002-02-18,302.3076923076923,0.0,0.0
2002-02-19,311.3333333333333,0.0,0.0
2002-02-20,302.6111111111111,0.0,0.0
2002-02-21,281.0,0.0,0.0
2002-02-22,298.3333333333333,0.0,0.0
2002-02-23,256.7142857142857,0.0,0.0
2002-02-24,313.75,0.0,0.0
2002-02-25,333.0,0.0,0.0
2002-02-26,303.3333333333333,0.0,0.0
2002-02-27,376.6666666666667,0.0,0.0
2002-02-28,371.57142857142856,0.0,0.0
2002-03-01,300.0,0.0,0.0
2002-03-02,349.7692307692308,0.0,0.0
2002-03-03,575.0,0.0,0.0
2002-03-04,327.84615384615387,0.0,0.0
2002-03-05,288.625,0.0,0.0
2002-03-06,375.3529411764706,0.0,0.0
2002-03-07,272.89473684210526,0.0,0.0
2002-03-08,298.6111111111111,0.0,0.0
2002-03-09,255.15384615384616,0.0,0.0
2002-03-10,350.0,0.0,0.0
2002-03-11,313.3529411764706,0.0,0.0
2002-03-12,312.5,0.0,0.0
2002-03-13,332.8333333333333,0.0,0.0
2002-03-14,308.1578947368421,0.0,0.0
2002-03-15,291.8076923076923,0.0,0.0
2002-03-16,317.94444444444446,0.0,0.0
2002-03-17,575.0,0.0,0.0
2002-03-18,297.3333333333333,0.0,0.0
2002-03-19,330.2857142857143,0.0,0.0
2002-03-20,310.7391304347826,0.0,0.0
2002-03-21,294.625,0.0,0.0
2002-03-22,261.45454545454544,0.0,0.0
2002-03-23,282.2857142857143,0.0,0.0
2002-03-24,300.0,0.0,0.0
2002-03-25,700.0,0.0,0.0
2002-03-26,266.66,0.0,0.0
2002-03-27,320.42857142857144,0.0,0.0
2002-03-28,290.0,0.0,0.0
2002-03-29,286.25,0.0,0.0
2002-03-30,327.53846153846155,0.0,0.0
2002-03-31,220.0,0.0,0.0
2002-04-01,305.0833333333333,0.0,0.0
2002-04-02,286.96153846153845,0.0,0.0
2002-04-03,274.78125,0.0,0.0
2002-04-04,274.7878787878788,0.0,0.0
2002-04-05,266.18518518518516,0.0,0.0
2002-04-06,303.67857142857144,0.0,0.0
2002-04-07,300.0,0.0,0.0
2002-04-08,281.6774193548387,0.0,0.0
2002-04-09,277.40625,0.0,0.0
2002-04-10,261.80555555555554,0.0,0.0
2002-04-11,297.2,0.0,0.0
2002-04-12,275.6322580645161,0.0,0.0
2002-04-13,313.0,0.0,0.0
2002-04-14,283.3333333333333,0.0,0.0
2002-04-15,245.3548387096774,0.0,0.0
2002-04-16,249.3918918918919,0.0,0.0
2002-04-17,267.71875,0.0,0.0
2002-04-18,299.04761904761904,0.0,0.0
2002-04-19,325.05555555555554,0.0,0.0
2002-04-20,294.8157894736842,0.0,0.0
2002-04-21,908.3333333333334,0.0,0.0
2002-04-22,293.3333333333333,0.0,0.0
2002-04-23,284.5833333333333,0.0,0.0
2002-04-24,304.3170731707317,0.0,0.0
2002-04-25,319.88235294117646,0.0,0.0
2002-04-26,284.95714285714286,0.0,0.0
2002-04-27,319.11764705882354,0.0,0.0
2002-04-28,250.0,0.0,0.0
2002-04-29,284.14285714285717,0.0,0.0
2002-04-30,276.21875,0.0,0.0
2002-05-01,268.125,0.0,0.0
2002-05-02,263.28125,0.0,0.0
2002-05-03,274.7432432432432,0.0,0.0
2002-05-04,262.0833333333333,0.0,0.0
2002-05-05,220.0,0.0,0.0
2002-05-06,288.21875,0.0,0.0
2002-05-07,304.2903225806452,0.0,0.0
2002-05-08,339.16129032258067,0.0,0.0
2002-05-09,297.1142857142857,0.0,0.0
2002-05-10,288.47058823529414,0.0,0.0
2002-05-11,274.9130434782609,0.0,0.0
2002-05-12,258.0,0.0,0.0
2002-05-13,390.6666666666667,0.0,0.0
2002-05-14,325.1304347826087,0.0,0.0
2002-05-15,297.62857142857143,0.0,0.0
2002-05-16,288.2647058823529,0.0,0.0
2002-05-17,337.2,0.0,0.0
2002-05-18,308.8333333333333,0.0,0.0
2002-05-19,243.75,0.0,0.0
2002-05-20,279.7096774193548,0.0,0.0
2002-05-21,296.3666666666667,0.0,0.0
2002-05-22,291.82758620689657,0.0,0.0
2002-05-23,304.41379310344826,0.0,0.0
2002-05-24,306.0833333333333,0.0,0.0
2002-05-25,325.0952380952381,0.0,0.0
2002-05-26,273.3333333333333,0.0,0.0
2002-05-27,306.90909090909093,0.0,0.0
2002-05-28,327.5151515151515,0.0,0.0
2002-05-29,330.52941176470586,0.0,0.0
2002-05-30,326.7096774193548,0.0,0.0
2002-05-31,330.70588235294116,0.0,0.0
2002-06-01,328.79411764705884,0.0,0.0
2002-06-02,431.25,0.0,0.0
2002-06-03,329.2647058823529,0.0,0.0
2002-06-04,336.05263157894734,0.0,0.0
2002-06-05,334.8421052631579,0.0,0.0
2002-06-06,324.94736842105266,0.0,0.0
2002-06-07,350.44444444444446,0.0,0.0
2002-06-08,323.4583333333333,0.0,0.0
2002-06-09,296.6666666666667,0.0,0.0
2002-06-10,340.69444444444446,0.0,0.0
2002-06-11,332.62857142857143,0.0,0.0
2002-06-12,342.6842105263158,0.0,0.0
2002-06-13,318.0,0.0,0.0
2002-06-14,326.8157894736842,0.0,0.0
2002-06-15,328.55263157894734,0.0,0.0
2002-06-16,356.25,0.0,0.0
2002-06-17,345.0975609756098,0.0,0.0
2002-06-18,359.5882352941176,0.0,0.0
2002-06-19,355.9047619047619,0.0,0.0
2002-06-20,370.4318181818182,0.0,0.0
2002-06-21,638.625,0.0,0.0
2002-06-22,377.8285714285714,0.0,0.0
2002-06-23,308.3333333333333,0.0,0.0
2002-06-24,369.8378378378378,0.0,0.0
2002-06-25,392.05882352941177,0.0,0.0
2002-06-26,360.5,0.0,0.0
2002-06-27,340.1842105263158,0.0,0.0
2002-06-28,392.5151515151515,0.0,0.0
2002-06-29,426.44827586206895,0.0,0.0
2002-06-30,307.5,0.0,0.0
2002-07-01,480.3478260869565,0.0,0.0
2002-07-02,424.2,0.0,0.0
2002-07-03,400.2105263157895,0.0,0.0
2002-07-04,406.225,0.0,0.0
2002-07-05,405.92105263157896,0.0,0.0
2002-07-06,409.6842105263158,0.0,0.0
2002-07-07,342.0,0.0,0.0
2002-07-08,398.09302325581393,0.0,0.0
2002-07-09,402.3958333333333,0.0,0.0
2002-07-10,407.8125,0.0,0.0
2002-07-11,418.7659574468085,0.0,0.0
2002-07-12,424.94444444444446,0.0,0.0
2002-07-13,426.7931034482759,0.0,0.0
2002-07-14,415.0,0.0,0.0
2002-07-15,395.3061224489796,0.0,0.0
2002-07-16,419.3541666666667,0.0,0.0
2002-07-17,403.12,0.0,0.0
2002-07-18,404.7708333333333,0.0,0.0
2002-07-19,430.3720930232558,0.0,0.0
2002-07-20,410.4146341463415,0.0,0.0
2002-07-21,435.0,0.0,0.0
2002-07-22,419.20512820512823,0.0,0.0
2002-07-23,409.8875,0.0,0.0
2002-07-24,425.0,0.0,0.0
2002-07-25,414.89130434782606,0.0,0.0
2002-07-26,434.075,0.0,0.0
2002-07-27,411.2894736842105,0.0,0.0
2002-07-28,407.14285714285717,0.0,0.0
2002-07-29,435.4,0.0,0.0
2002-07-30,438.16129032258067,0.0,0.0
2002-07-31,458.35897435897436,0.0,0.0
2002-08-01,433.9024390243902,0.0,0.0
2002-08-02,444.3658536585366,0.0,0.0
2002-08-03,440.7105263157895,0.0,0.0
2002-08-04,419.1666666666667,0.0,0.0
2002-08-05,452.6309523809524,0.0,0.0
2002-08-06,417.95454545454544,0.0,0.0
2002-08-07,457.1333333333333,0.0,0.0
2002-08-08,507.3414634146341,0.0,0.0
2002-08-09,554.9473684210526,0.0,0.0
2002-08-10,499.0833333333333,0.0,0.0
2002-08-11,521.875,0.0,0.0
2002-08-12,484.97727272727275,0.0,0.0
2002-08-13,473.6904761904762,0.0,0.0
2002-08-14,476.8780487804878,0.0,0.0
2002-08-15,501.7857142857143,0.0,0.0
2002-08-16,533.5348837209302,0.0,0.0
2002-08-17,536.8974358974359,0.0,0.0
2002-08-18,551.25,0.0,0.0
2002-08-19,512.3913043478261,0.0,0.0
2002-08-20,473.78,0.0,0.0
2002-08-21,482.69565217391306,0.0,0.0
2002-08-22,496.75,0.0,0.0
2002-08-23,481.51063829787233,0.0,0.0
2002-08-24,492.5,0.0,0.0
2002-08-25,425.0,0.0,0.0
2002-08-26,479.00961538461536,0.0,0.0
2002-08-27,543.1538461538462,0.0,0.0
2002-08-28,500.3557692307692,0.0,0.0
2002-08-29,516.05,0.0,0.0
2002-08-30,535.3142857142857,0.0,0.0
2002-08-31,468.3333333333333,0.0,0.0
2002-09-01,478.3333333333333,0.0,0.0
2002-09-02,502.64285714285717,0.0,0.0
2002-09-03,502.4791666666667,0.0,0.0
2002-09-04,505.0104166666667,0.0,0.0
2002-09-05,524.6222222222223,0.0,0.0
2002-09-06,553.2954545454545,0.0,0.0
2002-09-07,535.7105263157895,0.0,0.0
2002-09-08,466.1111111111111,0.0,0.0
2002-09-09,514.0851063829788,0.0,0.0
2002-09-10,593.4,0.0,0.0
2002-09-11,506.12068965517244,0.0,0.0
2002-09-12,503.3673469387755,0.0,0.0
2002-09-13,515.24,0.0,0.0
2002-09-14,470.1666666666667,0.0,0.0
2002-09-15,428.5,0.0,0.0
2002-09-16,502.37254901960785,0.0,0.0
2002-09-17,500.32608695652175,0.0,0.0
2002-09-18,529.1836734693877,0.0,0.0
2002-09-19,512.3703703703703,0.0,0.0
2002-09-20,521.4418604651163,0.0,0.0
2002-09-21,532.8269230769231,0.0,0.0
2002-09-22,478.3333333333333,0.0,0.0
2002-09-23,512.5573770491803,0.0,0.0
2002-09-24,522.5,0.0,0.0
2002-09-25,514.8653846153846,0.0,0.0
2002-09-26,550.4285714285714,0.0,0.0
2002-09-27,527.2166666666667,0.0,0.0
2002-09-28,543.8,0.0,0.0
2002-09-29,474.1666666666667,0.0,0.0
2002-09-30,508.2682926829268,0.0,0.0
2002-10-01,546.3148148148148,0.0,0.0
2002-10-02,484.7857142857143,0.0,0.0
2002-10-03,516.7321428571429,0.0,0.0
2002-10-04,541.7547169811321,0.0,0.0
2002-10-05,525.8571428571429,0.0,0.0
2002-10-06,494.09090909090907,0.0,0.0
2002-10-07,519.6346153846154,0.0,0.0
2002-10-08,589.7735849056604,0.0,0.0
2002-10-09,567.9508196721312,0.0,0.0
2002-10-10,555.843137254902,0.0,0.0
2002-10-11,552.5294117647059,0.0,0.0
2002-10-12,516.6,0.0,0.0
2002-10-13,492.0,0.0,0.0
2002-10-14,526.72,0.0,0.0
2002-10-15,533.9565217391304,0.0,0.0
2002-10-16,535.1666666666666,0.0,0.0
2002-10-17,591.8135593220339,0.0,0.0
2002-10-18,622.2448979591836,0.0,0.0
2002-10-19,632.2291666666666,0.0,0.0
2002-10-20,542.0,0.0,0.0
2002-10-21,555.8717948717949,0.0,0.0
2002-10-22,696.4081632653061,0.0,0.0
2002-10-23,702.3214285714286,0.0,0.0
2002-10-24,652.311475409836,0.0,0.0
2002-10-25,667.8852459016393,0.0,0.0
2002-10-26,657.6545454545454,0.0,0.0
2002-10-27,460.4166666666667,0.0,0.0
2002-10-28,631.8095238095239,0.0,0.0
2002-10-29,644.4528301886793,0.0,0.0
2002-10-30,617.5074626865671,0.0,0.0
2002-10-31,603.4905660377359,0.0,0.0
2002-11-01,656.4042553191489,0.0,0.0
2002-11-02,619.875,0.0,0.0
2002-11-03,480.45454545454544,0.0,0.0
2002-11-04,508.52941176470586,0.0,0.0
2002-11-05,632.0,0.0,0.0
2002-11-06,589.4468085106383,0.0,0.0
2002-11-07,612.1724137931035,0.0,0.0
2002-11-08,614.3928571428571,0.0,0.0
2002-11-09,556.0,0.0,0.0
2002-11-10,475.55555555555554,0.0,0.0
2002-11-11,575.9821428571429,0.0,0.0
2002-11-12,638.5084745762712,0.0,0.0
2002-11-13,608.515625,0.0,0.0
2002-11-14,593.1475409836065,0.0,0.0
2002-11-15,602.6111111111111,0.0,0.0
2002-11-16,598.3692307692307,0.0,0.0
2002-11-17,525.7692307692307,0.0,0.0
2002-11-18,565.688524590164,0.0,0.0
2002-11-19,583.0434782608696,0.0,0.0
2002-11-20,549.8783783783783,0.0,0.0
2002-11-21,535.8787878787879,0.0,0.0
2002-11-22,585.169014084507,0.0,0.0
2002-11-23,559.1363636363636,0.0,0.0
2002-11-24,452.26666666666665,0.0,0.0
2002-11-25,490.37142857142857,0.0,0.0
2002-11-26,500.8,0.0,0.0
2002-11-27,481.17910447761193,0.0,0.0
2002-11-28,451.375,0.0,0.0
2002-11-29,500.1044776119403,0.0,0.0
2002-11-30,457.0,0.0,0.0
2002-12-01,420.90909090909093,0.0,0.0
2002-12-02,459.95522388059703,0.0,0.0
2002-12-03,435.13432835820896,0.0,0.0
2002-12-04,495.87704918032784,0.0,0.0
2002-12-05,430.69565217391306,0.0,0.0
2002-12-06,392.03846153846155,0.0,0.0
2002-12-07,440.43859649122805,0.0,0.0
2002-12-08,356.875,0.0,0.0
2002-12-09,422.864406779661,0.0,0.0
2002-12-10,425.01666666666665,0.0,0.0
2002-12-11,432.6756756756757,0.0,0.0
2002-12-12,414.95454545454544,0.0,0.0
2002-12-13,440.2162162162162,0.0,0.0
2002-12-14,400.609756097561,0.0,0.0
2002-12-15,394.1111111111111,0.0,0.0
2002-12-16,372.83561643835617,0.0,0.0
2002-12-17,364.2307692307692,0.0,0.0
2002-12-18,368.6164383561644,0.0,0.0
2002-12-19,366.27536231884056,0.0,0.0
2002-12-20,385.4848484848485,0.0,0.0
2002-12-21,368.828125,0.0,0.0
2002-12-22,324.11764705882354,0.0,0.0
2002-12-23,345.57894736842104,0.0,0.0
2002-12-24,361.8955223880597,0.0,0.0
2002-12-25,313.34615384615387,0.0,0.0
2002-12-26,350.17391304347825,0.0,0.0
2002-12-27,354.27868852459017,0.0,0.0
2002-12-28,380.9259259259259,0.0,0.0
2002-12-29,341.42857142857144,0.0,0.0
2002-12-30,350.4,0.0,0.0
2002-12-31,341.93333333333334,0.0,0.0
2003-01-01,419.1449275362319,0.0,0.0
2003-01-02,352.15384615384613,0.0,0.0
2003-01-03,378.5844155844156,0.0,0.0
2003-01-04,346.14473684210526,0.0,0.0
2003-01-05,325.6666666666667,0.0,0.0
2003-01-06,363.12359550561797,0.0,0.0
2003-01-07,340.9625,0.0,0.0
2003-01-08,348.578313253012,0.0,0.0
2003-01-09,314.5806451612903,0.0,0.0
2003-01-10,365.86746987951807,0.0,0.0
2003-01-11,318.5074626865672,0.0,0.0
2003-01-12,314.64285714285717,0.0,0.0
2003-01-13,342.25581395348837,0.0,0.0
2003-01-14,335.65,0.0,0.0
2003-01-15,333.6666666666667,0.0,0.0
2003-01-16,300.4831460674157,0.0,0.0
2003-01-17,331.6703296703297,0.0,0.0
2003-01-18,319.45,0.0,0.0
2003-01-19,291.6842105263158,0.0,0.0
2003-01-20,330.55913978494624,0.0,0.0
2003-01-21,331.3939393939394,0.0,0.0
2003-01-22,320.3939393939394,0.0,0.0
2003-01-23,302.0841121495327,0.0,0.0
2003-01-24,326.7448979591837,0.0,0.0
2003-01-25,326.536231884058,0.0,0.0
2003-01-26,323.05263157894734,0.0,0.0
2003-01-27,334.11340206185565,0.0,0.0
2003-01-28,328.0659340659341,0.0,0.0
2003-01-29,322.747572815534,0.0,0.0
2003-01-30,345.12371134020617,0.0,0.0
2003-01-31,316.57608695652175,0.0,0.0
2003-02-01,310.7260273972603,0.0,0.0
2003-02-02,297.9230769230769,0.0,0.0
2003-02-03,313.92727272727274,0.0,0.0
2003-02-04,299.4895833333333,0.0,0.0
2003-02-05,298.5520833333333,0.0,0.0
2003-02-06,285.5348837209302,0.0,0.0
2003-02-07,298.77,0.0,0.0
2003-02-08,282.97333333333336,0.0,0.0
2003-02-09,321.3076923076923,0.0,0.0
2003-02-10,303.6734693877551,0.0,0.0
2003-02-11,292.4301075268817,0.0,0.0
2003-02-12,289.32758620689657,0.0,0.0
2003-02-13,291.716814159292,0.0,0.0
2003-02-14,300.58035714285717,0.0,0.0
2003-02-15,294.2391304347826,0.0,0.0
2003-02-16,311.9259259259259,0.0,0.0
2003-02-17,300.8348623853211,0.0,0.0
2003-02-18,320.89,0.0,0.0
2003-02-19,301.75728155339806,0.0,0.0
2003-02-20,284.4491525423729,0.0,0.0
2003-02-21,293.98214285714283,0.0,0.0
2003-02-22,284.71287128712873,0.0,0.0
2003-02-23,289.037037037037,0.0,0.0
2003-02-24,295.036036036036,0.0,0.0
2003-02-25,282.8363636363636,0.0,0.0
2003-02-26,279.38235294117646,0.0,0.0
2003-02-27,296.77777777777777,0.0,0.0
2003-02-28,294.56637168141594,0.0,0.0
2003-03-01,363.125,0.0,0.0
2003-03-02,258.4074074074074,0.0,0.0
2003-03-03,303.6372549019608,0.0,0.0
2003-03-04,293.9099099099099,0.0,0.0
2003-03-05,297.15315315315314,0.0,0.0
2003-03-06,280.60655737704917,0.0,0.0
2003-03-07,283.1363636363636,0.0,0.0
2003-03-08,288.55,0.0,0.0
2003-03-09,293.9655172413793,0.0,0.0
2003-03-10,293.6880733944954,0.0,0.0
2003-03-11,300.55445544554453,0.0,0.0
2003-03-12,307.8333333333333,0.0,0.0
2003-03-13,320.1929824561403,0.0,0.0
2003-03-14,331.7972972972973,0.0,0.0
2003-03-15,351.1111111111111,0.0,0.0
2003-03-16,314.4583333333333,0.0,0.0
2003-03-17,338.71014492753625,0.0,0.0
2003-03-18,334.75,0.0,0.0
2003-03-19,317.1,0.0,0.0
2003-03-20,334.56363636363636,0.0,0.0
2003-03-21,331.11,0.0,0.0
2003-03-22,338.3404255319149,0.0,0.0
2003-03-23,299.32,0.0,0.0
2003-03-24,327.9795918367347,0.0,0.0
2003-03-25,327.05102040816325,0.0,0.0
2003-03-26,329.82327586206895,0.0,0.0
2003-03-27,313.3391304347826,0.0,0.0
2003-03-28,333.6808510638298,0.0,0.0
2003-03-29,346.0520833333333,0.0,0.0
2003-03-30,322.0833333333333,0.0,0.0
2003-03-31,334.0348837209302,0.0,0.0
2003-04-01,334.15625,0.0,0.0
2003-04-02,344.93548387096774,0.0,0.0
2003-04-03,325.35377358490564,0.0,0.0
2003-04-04,324.90983606557376,0.0,0.0
2003-04-05,333.752427184466,0.0,0.0
2003-04-06,346.21875,0.0,0.0
2003-04-07,332.17543859649123,0.0,0.0
2003-04-08,338.12931034482756,0.0,0.0
2003-04-09,324.8695652173913,0.0,0.0
2003-04-10,326.3464912280702,0.0,0.0
2003-04-11,344.72222222222223,0.0,0.0
2003-04-12,328.5548780487805,0.0,0.0
2003-04-13,324.18518518518516,0.0,0.0
2003-04-14,322.84313725490193,0.0,0.0
2003-04-15,358.3863636363636,0.0,0.0
2003-04-16,378.7056074766355,0.0,0.0
2003-04-17,401.30841121495325,0.0,0.0
2003-04-18,364.5882352941176,0.0,0.0
2003-04-19,404.35051546391753,0.0,0.0
2003-04-20,405.5,0.0,0.0
2003-04-21,396.283185840708,0.0,0.0
2003-04-22,430.9117647058824,0.0,0.0
2003-04-23,434.6637168141593,0.0,0.0
2003-04-24,413.824,0.0,0.0
2003-04-25,446.0521739130435,0.0,0.0
2003-04-26,427.16,0.0,0.0
2003-04-27,423.75,0.0,0.0
2003-04-28,419.4625,0.0,0.0
2003-04-29,410.8807339449541,0.0,0.0
2003-04-30,410.4108527131783,0.0,0.0
2003-05-01,402.2738095238095,0.0,0.0
2003-05-02,408.4765625,0.0,0.0
2003-05-03,398.96581196581195,0.0,0.0
2003-05-04,380.1034482758621,0.0,0.0
2003-05-05,401.3208333333333,0.0,0.0
2003-05-06,414.376,0.0,0.0
2003-05-07,404.55223880597015,0.0,0.0
2003-05-08,375.4921875,0.0,0.0
2003-05-09,392.69747899159665,0.0,0.0
2003-05-10,373.1860465116279,0.0,0.0
2003-05-11,390.06666666666666,0.0,0.0
2003-05-12,383.6016260162602,0.0,0.0
2003-05-13,398.04347826086956,0.0,0.0
2003-05-14,393.38990825688074,0.0,0.0
2003-05-15,360.9166666666667,0.0,0.0
2003-05-16,385.08252427184465,0.0,0.0
2003-05-17,382.029702970297,0.0,0.0
2003-05-18,397.4375,0.0,0.0
2003-05-19,377.2413793103448,0.0,0.0
2003-05-20,382.73387096774195,0.0,0.0
2003-05-21,388.036036036036,0.0,0.0
2003-05-22,387.95454545454544,0.0,0.0
2003-05-23,401.5083333333333,0.0,0.0
2003-05-24,397.1570247933884,0.0,0.0
2003-05-25,403.75,0.0,0.0
2003-05-26,380.6062992125984,0.0,0.0
2003-05-27,395.05357142857144,0.0,0.0
2003-05-28,383.31716417910445,0.0,0.0
2003-05-29,388.4485294117647,0.0,0.0
2003-05-30,411.79824561403507,0.0,0.0
2003-05-31,404.48936170212767,0.0,0.0
2003-06-01,404.4,0.0,0.0
2003-06-02,404.372,0.0,0.0
2003-06-03,401.2212389380531,0.0,0.0
2003-06-04,388.97457627118644,0.0,0.0
2003-06-05,426.9263565891473,0.0,0.0
2003-06-06,415.2396694214876,0.0,0.0
2003-06-07,406.6347826086957,0.0,0.0
2003-06-08,538.5185185185185,0.0,0.0
2003-06-09,417.9491525423729,0.0,0.0
2003-06-10,431.6386554621849,0.0,0.0
2003-06-11,428.7950819672131,0.0,0.0
2003-06-12,432.37301587301585,0.0,0.0
2003-06-13,425.5846153846154,0.0,0.0
2003-06-14,422.718085106383,0.0,0.0
2003-06-15,442.962962962963,0.0,0.0
2003-06-16,445.8,0.0,0.0
2003-06-17,457.85714285714283,0.0,0.0
2003-06-18,450.98473282442745,0.0,0.0
2003-06-19,443.608,0.0,0.0
2003-06-20,463.808,0.0,0.0
2003-06-21,455.75555555555553,0.0,0.0
2003-06-22,443.84375,0.0,0.0
2003-06-23,456.5530303030303,0.0,0.0
2003-06-24,487.6363636363636,0.0,0.0
2003-06-25,463.965034965035,0.0,0.0
2003-06-26,472.96527777777777,0.0,0.0
2003-06-27,493.64028776978415,0.0,0.0
2003-06-28,487.599173553719,0.0,0.0
2003-06-29,454.81451612903226,0.0,0.0
2003-06-30,489.5,0.0,0.0
2003-07-01,487.8050847457627,0.0,0.0
2003-07-02,486.92910447761193,0.0,0.0
2003-07-03,486.9640287769784,0.0,0.0
2003-07-04,517.1870503597122,0.0,0.0
2003-07-05,513.1386861313869,0.0,0.0
2003-07-06,435.48571428571427,0.0,0.0
2003-07-07,507.1063829787234,0.0,0.0
2003-07-08,541.0296296296297,0.0,0.0
2003-07-09,530.6758620689656,0.0,0.0
2003-07-10,531.9172932330827,0.0,0.0
2003-07-11,546.5869565217391,0.0,0.0
2003-07-12,547.129213483146,0.0,0.0
2003-07-13,490.875,0.0,0.0
2003-07-14,545.4328358208955,0.0,0.0
2003-07-15,531.5340136054422,0.0,0.0
2003-07-16,553.1572327044025,0.0,0.0
2003-07-17,531.577922077922,0.0,0.0
2003-07-18,551.0649350649351,0.0,0.0
2003-07-19,563.75,0.0,0.0
2003-07-20,500.47058823529414,0.0,0.0
2003-07-21,551.3356164383562,0.0,0.0
2003-07-22,543.0340136054422,0.0,0.0
2003-07-23,556.3856209150326,0.0,0.0
2003-07-24,544.0705128205128,0.0,0.0
2003-07-25,566.5037037037036,0.0,0.0
2003-07-26,525.3652173913043,0.0,0.0
2003-07-27,513.5666666666667,0.0,0.0
2003-07-28,553.6861313868613,0.0,0.0
2003-07-29,556.6814814814815,0.0,0.0
2003-07-30,555.7483443708609,0.0,0.0
2003-07-31,537.3823529411765,0.0,0.0
2003-08-01,569.903448275862,0.0,0.0
2003-08-02,566.0948905109489,0.0,0.0
2003-08-03,499.2258064516129,0.0,0.0
2003-08-04,560.3513513513514,0.0,0.0
2003-08-05,572.7638888888889,0.0,0.0
2003-08-06,562.1935483870968,0.0,0.0
2003-08-07,554.622641509434,0.0,0.0
2003-08-08,572.3809523809524,0.0,0.0
2003-08-09,554.070707070707,0.0,0.0
2003-08-10,538.421052631579,0.0,0.0
2003-08-11,576.0217391304348,0.0,0.0
2003-08-12,594.639175257732,0.0,0.0
2003-08-13,567.1,0.0,0.0
2003-08-14,568.6408450704225,0.0,0.0
2003-08-15,528.5,0.0,0.0
2003-08-16,606.1376811594203,0.0,0.0
2003-08-17,566.9705882352941,0.0,0.0
2003-08-18,587.841726618705,0.0,0.0
2003-08-19,538.3706896551724,0.0,0.0
2003-08-20,575.6324786324786,0.0,0.0
2003-08-21,585.3642857142858,0.0,0.0
2003-08-22,574.8811188811189,0.0,0.0
2003-08-23,580.2605042016806,0.0,0.0
2003-08-24,576.03125,0.0,0.0
2003-08-25,597.5337837837837,0.0,0.0
2003-08-26,600.3511450381679,0.0,0.0
2003-08-27,590.438596491228,0.0,0.0
2003-08-28,583.2608695652174,0.0,0.0
2003-08-29,597.7426470588235,0.0,0.0
2003-08-30,610.7916666666666,0.0,0.0
2003-08-31,565.7037037037037,0.0,0.0
2003-09-01,606.3233082706766,0.0,0.0
2003-09-02,601.7794117647059,0.0,0.0
2003-09-03,602.3322147651006,0.0,0.0
2003-09-04,600.1214285714286,0.0,0.0
2003-09-05,633.1241134751773,0.0,0.0
2003-09-06,619.8676470588235,0.0,0.0
2003-09-07,624.7428571428571,0.0,0.0
2003-09-08,604.3229166666666,0.0,0.0
2003-09-09,633.3157894736842,0.0,0.0
2003-09-10,641.141447368421,0.0,0.0
2003-09-11,610.141975308642,0.0,0.0
2003-09-12,637.5911949685535,0.0,0.0
2003-09-13,587.3418803418804,0.0,0.0
2003-09-14,575.7027027027027,0.0,0.0
2003-09-15,589.5668789808917,0.0,0.0
2003-09-16,616.7695035460993,0.0,0.0
2003-09-17,601.5034722222222,0.0,0.0
2003-09-18,604.2894736842105,0.0,0.0
2003-09-19,620.516447368421,0.0,0.0
2003-09-20,609.0073529411765,0.0,0.0
2003-09-21,578.6756756756756,0.0,0.0
2003-09-22,619.486301369863,0.0,0.0
2003-09-23,627.4967532467532,0.0,0.0
2003-09-24,608.5234899328859,0.0,0.0
2003-09-25,623.8109243697479,0.0,0.0
2003-09-26,660.0075757575758,0.0,0.0
2003-09-27,630.58984375,0.0,0.0
2003-09-28,625.7575757575758,0.0,0.0
2003-09-29,687.2013422818792,0.0,0.0
2003-09-30,736.9051724137931,0.0,0.0
2003-10-01,726.0735294117648,0.0,0.0
2003-10-02,687.7843137254902,0.0,0.0
2003-10-03,695.7870370370371,0.0,0.0
2003-10-04,715.6142857142858,0.0,0.0
2003-10-05,709.1290322580645,0.0,0.0
2003-10-06,736.062015503876,0.0,0.0
2003-10-07,757.3120567375887,0.0,0.0
2003-10-08,754.9310344827586,0.0,0.0
2003-10-09,741.8582677165355,0.0,0.0
2003-10-10,766.7235772357724,0.0,0.0
2003-10-11,759.0576923076923,0.0,0.0
2003-10-12,726.0833333333334,0.0,0.0
2003-10-13,830.6180555555555,0.0,0.0
2003-10-14,861.8358208955224,0.0,0.0
2003-10-15,842.1736111111111,0.0,0.0
2003-10-16,849.8541666666666,0.0,0.0
2003-10-17,874.7518796992481,0.0,0.0
2003-10-18,846.2619047619048,0.0,0.0
2003-10-19,755.025641025641,0.0,0.0
2003-10-20,825.8722222222223,0.0,0.0
2003-10-21,876.8854961832061,0.0,0.0
2003-10-22,843.6751824817518,0.0,0.0
2003-10-23,822.6962962962963,0.0,0.0
2003-10-24,880.3469387755102,0.0,0.0
2003-10-25,841.7169811320755,0.0,0.0
2003-10-26,786.25,0.0,0.0
2003-10-27,885.049504950495,0.0,0.0
2003-10-28,915.9469026548672,0.0,0.0
2003-10-29,847.9837398373984,0.0,0.0
2003-10-30,848.3867924528302,0.0,0.0
2003-10-31,850.0280373831775,0.0,0.0
2003-11-01,853.9639639639639,0.0,0.0
2003-11-02,715.4166666666666,0.0,0.0
2003-11-03,845.0672413793103,0.0,0.0
2003-11-04,848.2015503875969,0.0,0.0
2003-11-05,870.448275862069,0.0,0.0
2003-11-06,825.3235294117648,0.0,0.0
2003-11-07,861.6390977443609,0.0,0.0
2003-11-08,759.925,0.0,0.0
2003-11-09,682.974358974359,0.0,0.0
2003-11-10,792.7058823529412,0.0,0.0
2003-11-11,780.9357142857143,0.0,0.0
2003-11-12,758.9154929577464,0.0,0.0
2003-11-13,738.8263888888889,0.0,0.0
2003-11-14,746.9191176470588,0.0,0.0
2003-11-15,716.65,0.0,0.0
2003-11-16,675.0,0.0,0.0
2003-11-17,719.1908396946565,0.0,0.0
2003-11-18,708.7851851851852,0.0,0.0
2003-11-19,689.6521739130435,0.0,0.0
2003-11-20,697.2063492063492,0.0,0.0
2003-11-21,710.4132231404959,0.0,0.0
2003-11-22,657.9590163934427,0.0,0.0
2003-11-23,626.6129032258065,0.0,0.0
2003-11-24,639.3032786885246,0.0,0.0
2003-11-25,667.5,0.0,0.0
2003-11-26,641.9333333333333,0.0,0.0
2003-11-27,676.2704918032787,0.0,0.0
2003-11-28,687.9375,0.0,0.0
2003-11-29,659.0172413793103,0.0,0.0
2003-11-30,613.0666666666667,0.0,0.0
2003-12-01,697.0388888888889,0.0,0.0
2003-12-02,712.0598802395209,0.0,0.0
2003-12-03,696.375,0.0,0.0
2003-12-04,654.188524590164,0.0,0.0
2003-12-05,714.2793296089385,0.0,0.0
2003-12-06,677.4242424242424,0.0,0.0
2003-12-07,675.7352941176471,0.0,0.0
2003-12-08,702.0902255639098,0.0,0.0
2003-12-09,710.5636363636364,0.0,0.0
2003-12-10,678.5546875,0.0,0.0
2003-12-11,667.7054263565891,0.0,0.0
2003-12-12,700.3655172413793,0.0,0.0
2003-12-13,641.1612903225806,0.0,0.0
2003-12-14,626.8787878787879,0.0,0.0
2003-12-15,694.3307692307692,0.0,0.0
2003-12-16,694.9596774193549,0.0,0.0
2003-12-17,688.0948905109489,0.0,0.0
2003-12-18,675.3125,0.0,0.0
2003-12-19,735.4814814814815,0.0,0.0
2003-12-20,685.2547169811321,0.0,0.0
2003-12-21,647.0,0.0,0.0
2003-12-22,718.0672268907563,0.0,0.0
2003-12-23,714.79,0.0,0.0
2003-12-24,698.2439024390244,0.0,0.0
2003-12-25,663.6607142857143,0.0,0.0
2003-12-26,763.16,0.0,0.0
2003-12-27,745.1333333333333,0.0,0.0
2003-12-28,698.3333333333334,0.0,0.0
2003-12-29,759.4571428571429,0.0,0.0
2003-12-30,795.9426229508197,0.0,0.0
2003-12-31,795.3418803418804,0.0,0.0
2004-01-01,786.3359375,0.0,0.0
2004-01-02,779.4324324324324,0.0,0.0
2004-01-03,759.5027624309392,0.0,0.0
2004-01-04,714.5769230769231,0.0,0.0
2004-01-05,766.5730337078652,0.0,0.0
2004-01-06,794.3139534883721,0.0,0.0
2004-01-07,792.5226130653266,0.0,0.0
2004-01-08,791.109375,0.0,0.0
2004-01-09,795.0,0.0,0.0
2004-01-10,778.2409638554217,0.0,0.0
2004-01-11,787.0967741935484,0.0,0.0
2004-01-12,821.7823529411764,0.0,0.0
2004-01-13,817.0864197530864,0.0,0.0
2004-01-14,847.8316831683169,0.0,0.0
2004-01-15,838.3846153846154,0.0,0.0
2004-01-16,813.1354838709677,0.0,0.0
2004-01-17,801.0,0.0,0.0
2004-01-18,787.6774193548387,0.0,0.0
2004-01-19,835.2083333333334,0.0,0.0
2004-01-20,838.2727272727273,0.0,0.0
2004-01-21,838.71875,0.0,0.0
2004-01-22,807.5257731958762,0.0,0.0
2004-01-23,795.0958083832336,0.0,0.0
2004-01-24,760.0118343195267,0.0,0.0
2004-01-25,772.52,0.0,0.0
2004-01-26,804.6,0.0,0.0
2004-01-27,813.2570621468926,0.0,0.0
2004-01-28,767.258152173913,0.0,0.0
2004-01-29,785.6684210526316,0.0,0.0
2004-01-30,793.727027027027,0.0,0.0
2004-01-31,766.3128834355829,0.0,0.0
2004-02-01,754.6,0.0,0.0
2004-02-02,807.1636363636363,0.0,0.0
2004-02-03,797.1158536585366,0.0,0.0
2004-02-04,818.4615384615385,0.0,0.0
2004-02-05,815.9416058394161,0.0,0.0
2004-02-06,820.9454545454546,0.0,0.0
2004-02-07,822.439024390244,0.0,0.0
2004-02-08,812.8571428571429,0.0,0.0
2004-02-09,815.479674796748,0.0,0.0
2004-02-10,828.4262295081967,0.0,0.0
2004-02-11,856.2388059701492,0.0,0.0
2004-02-12,818.5170068027211,0.0,0.0
2004-02-13,840.0992366412214,0.0,0.0
2004-02-14,787.7558139534884,0.0,0.0
2004-02-15,816.4074074074074,0.0,0.0
2004-02-16,827.4651162790698,0.0,0.0
2004-02-17,833.8666666666667,0.0,0.0
2004-02-18,835.1052631578947,0.0,0.0
2004-02-19,821.3211009174312,0.0,0.0
2004-02-20,821.7727272727273,0.0,0.0
2004-02-21,810.3781512605042,0.0,0.0
2004-02-22,778.7931034482758,0.0,0.0
2004-02-23,773.8188976377953,0.0,0.0
2004-02-24,750.990990990991,0.0,0.0
2004-02-25,742.7518248175182,0.0,0.0
2004-02-26,714.8201438848921,0.0,0.0
2004-02-27,751.9426229508197,0.0,0.0
2004-02-28,735.3589743589744,0.0,0.0
2004-02-29,678.695652173913,0.0,0.0
2004-03-01,699.6822916666666,0.0,0.0
2004-03-02,706.1805555555555,0.0,0.0
2004-03-03,663.4416666666667,0.0,0.0
2004-03-04,655.7622950819672,0.0,0.0
2004-03-05,735.8469387755102,0.0,0.0
2004-03-06,585.5512820512821,0.0,0.0
2004-03-07,605.375,0.0,0.0
2004-03-08,604.2857142857143,0.0,0.0
2004-03-09,664.6363636363636,0.0,0.0
2004-03-10,648.1937984496124,0.0,0.0
2004-03-11,633.0542635658915,0.0,0.0
2004-03-12,640.4044117647059,0.0,0.0
2004-03-13,620.4888888888889,0.0,0.0
2004-03-14,621.125,0.0,0.0
2004-03-15,635.5143884892086,0.0,0.0
2004-03-16,644.7753623188406,0.0,0.0
2004-03-17,625.7445255474453,0.0,0.0
2004-03-18,585.9642857142857,0.0,0.0
2004-03-19,613.2686567164179,0.0,0.0
2004-03-20,630.3873873873874,0.0,0.0
2004-03-21,549.0645161290323,0.0,0.0
2004-03-22,620.8666666666667,0.0,0.0
2004-03-23,593.2076923076924,0.0,0.0
2004-03-24,577.4666666666667,0.0,0.0
2004-03-25,538.3538461538461,0.0,0.0
2004-03-26,567.6456692913385,0.0,0.0
2004-03-27,533.3613445378152,0.0,0.0
2004-03-28,535.8333333333334,0.0,0.0
2004-03-29,545.9090909090909,0.0,0.0
2004-03-30,546.0454545454545,0.0,0.0
2004-03-31,549.8761904761905,0.0,0.0
2004-04-01,537.4285714285714,0.0,0.0
2004-04-02,509.86206896551727,0.0,0.0
2004-04-03,528.5714285714286,0.0,0.0
2004-04-04,511.8888888888889,0.0,0.0
2004-04-05,527.3189655172414,0.0,0.0
2004-04-06,507.5131578947368,0.0,0.0
2004-04-07,464.2068965517241,0.0,0.0
2004-04-08,483.25,0.0,0.0
2004-04-09,459.2894736842105,0.0,0.0
2004-04-10,456.1951219512195,0.0,0.0
2004-04-11,490.6333333333333,0.0,0.0
2004-04-12,494.2457627118644,0.0,0.0
2004-04-13,450.46902654867256,0.0,0.0
2004-04-14,458.66153846153844,0.0,0.0
2004-04-15,446.2260869565217,0.0,0.0
2004-04-16,472.5267857142857,0.0,0.0
2004-04-17,475.2755102040816,0.0,0.0
2004-04-18,449.8888888888889,0.0,0.0
2004-04-19,494.4325842696629,0.0,0.0
2004-04-20,483.625,0.0,0.0
2004-04-21,450.61009174311926,0.0,0.0
2004-04-22,476.10869565217394,0.0,0.0
2004-04-23,458.3970588235294,0.0,0.0
2004-04-24,454.59139784946234,0.0,0.0
2004-04-25,415.0,0.0,0.0
2004-04-26,455.13483146067415,0.0,0.0
2004-04-27,447.49,0.0,0.0
2004-04-28,428.0693069306931,0.0,0.0
2004-04-29,447.5098039215686,0.0,0.0
2004-04-30,439.9095744680851,0.0,0.0
2004-05-01,428.0603448275862,0.0,0.0
2004-05-02,416.8,0.0,0.0
2004-05-03,380.86290322580646,0.0,0.0
2004-05-04,411.9146341463415,0.0,0.0
2004-05-05,430.17021276595744,0.0,0.0
2004-05-06,428.98275862068965,0.0,0.0
2004-05-07,433.23893805309734,0.0,0.0
2004-05-08,388.54545454545456,0.0,0.0
2004-05-09,418.75,0.0,0.0
2004-05-10,427.8955223880597,0.0,0.0
2004-05-11,408.68674698795184,0.0,0.0
2004-05-12,407.88461538461536,0.0,0.0
2004-05-13,402.9024390243902,0.0,0.0
2004-05-14,438.3191489361702,0.0,0.0
2004-05-15,418.80434782608694,0.0,0.0
2004-05-16,384.06451612903226,0.0,0.0
2004-05-17,421.7549019607843,0.0,0.0
2004-05-18,440.7083333333333,0.0,0.0
2004-05-19,440.5806451612903,0.0,0.0
2004-05-20,403.9035087719298,0.0,0.0
2004-05-21,418.0833333333333,0.0,0.0
2004-05-22,393.3068181818182,0.0,0.0
2004-05-23,388.8484848484849,0.0,0.0
2004-05-24,402.9347826086956,0.0,0.0
2004-05-25,415.7474226804124,0.0,0.0
2004-05-26,436.8290598290598,0.0,0.0
2004-05-27,403.09375,0.0,0.0
2004-05-28,404.86238532110093,0.0,0.0
2004-05-29,403.2604166666667,0.0,0.0
2004-05-30,377.1034482758621,0.0,0.0
2004-05-31,400.5188679245283,0.0,0.0
2004-06-01,408.83185840707966,0.0,0.0
2004-06-02,423.472,0.0,0.0
2004-06-03,403.21491228070175,0.0,0.0
2004-06-04,431.1587301587302,0.0,0.0
2004-06-05,411.70940170940173,0.0,0.0
2004-06-06,401.7142857142857,0.0,0.0
2004-06-07,415.793893129771,0.0,0.0
2004-06-08,429.67692307692306,0.0,0.0
2004-06-09,428.544,0.0,0.0
2004-06-10,424.7972027972028,0.0,0.0
2004-06-11,440.9248120300752,0.0,0.0
2004-06-12,383.9125,0.0,0.0
2004-06-13,381.125,0.0,0.0
2004-06-14,427.1461538461538,0.0,0.0
2004-06-15,418.8292682926829,0.0,0.0
2004-06-16,423.35714285714283,0.0,0.0
2004-06-17,424.2230215827338,0.0,0.0
2004-06-18,406.4621212121212,0.0,0.0
2004-06-19,419.2371134020619,0.0,0.0
2004-06-20,391.1842105263158,0.0,0.0
2004-06-21,410.375,0.0,0.0
2004-06-22,435.68,0.0,0.0
2004-06-23,423.84814814814814,0.0,0.0
2004-06-24,413.4724409448819,0.0,0.0
2004-06-25,436.12605042016804,0.0,0.0
2004-06-26,407.9807692307692,0.0,0.0
2004-06-27,411.44827586206895,0.0,0.0
2004-06-28,443.53125,0.0,0.0
2004-06-29,423.56363636363636,0.0,0.0
2004-06-30,425.9353448275862,0.0,0.0
2004-07-01,440.04379562043795,0.0,0.0
2004-07-02,421.56451612903226,0.0,0.0
2004-07-03,429.19417475728153,0.0,0.0
2004-07-04,378.93548387096774,0.0,0.0
2004-07-05,434.9478260869565,0.0,0.0
2004-07-06,413.1504424778761,0.0,0.0
2004-07-07,428.5743243243243,0.0,0.0
2004-07-08,445.5104166666667,0.0,0.0
2004-07-09,441.890625,0.0,0.0
2004-07-10,385.04545454545456,0.0,0.0
2004-07-11,400.82758620689657,0.0,0.0
2004-07-12,411.43362831858406,0.0,0.0
2004-07-13,423.69642857142856,0.0,0.0
2004-07-14,417.91735537190084,0.0,0.0
2004-07-15,427.69642857142856,0.0,0.0
2004-07-16,418.35849056603774,0.0,0.0
2004-07-17,416.8736263736264,0.0,0.0
2004-07-18,410.625,0.0,0.0
2004-07-19,430.4031007751938,0.0,0.0
2004-07-20,446.59090909090907,0.0,0.0
2004-07-21,433.23809523809524,0.0,0.0
2004-07-22,457.36507936507934,0.0,0.0
2004-07-23,461.584,0.0,0.0
2004-07-24,455.80392156862746,0.0,0.0
2004-07-25,458.1290322580645,0.0,0.0
2004-07-26,470.07563025210084,0.0,0.0
2004-07-27,479.60743801652893,0.0,0.0
2004-07-28,473.97083333333336,0.0,0.0
2004-07-29,470.8359375,0.0,0.0
2004-07-30,507.890625,0.0,0.0
2004-07-31,471.10869565217394,0.0,0.0
2004-08-01,493.3333333333333,0.0,0.0
2004-08-02,483.8396946564886,0.0,0.0
2004-08-03,500.23275862068965,0.0,0.0
2004-08-04,499.0719424460432,0.0,0.0
2004-08-05,499.68461538461537,0.0,0.0
2004-08-06,511.9574468085106,0.0,0.0
2004-08-07,524.425,0.0,0.0
2004-08-08,462.6666666666667,0.0,0.0
2004-08-09,503.2027972027972,0.0,0.0
2004-08-10,513.2898550724638,0.0,0.0
2004-08-11,524.9090909090909,0.0,0.0
2004-08-12,502.33112582781456,0.0,0.0
2004-08-13,522.8345864661654,0.0,0.0
2004-08-14,470.05555555555554,0.0,0.0
2004-08-15,483.1818181818182,0.0,0.0
2004-08-16,513.4,0.0,0.0
2004-08-17,497.7686567164179,0.0,0.0
2004-08-18,494.4888888888889,0.0,0.0
2004-08-19,501.18978102189783,0.0,0.0
2004-08-20,537.0504201680673,0.0,0.0
2004-08-21,544.3223140495868,0.0,0.0
2004-08-22,480.5882352941176,0.0,0.0
2004-08-23,541.7046979865772,0.0,0.0
2004-08-24,550.9185185185186,0.0,0.0
2004-08-25,528.81654676259,0.0,0.0
2004-08-26,534.5464285714286,0.0,0.0
2004-08-27,519.5748031496063,0.0,0.0
2004-08-28,521.9181818181818,0.0,0.0
2004-08-29,506.25,0.0,0.0
2004-08-30,526.2136752136752,0.0,0.0
2004-08-31,559.6574803149606,0.0,0.0
2004-09-01,528.189393939394,0.0,0.0
2004-09-02,518.4305555555555,0.0,0.0
2004-09-03,543.2794117647059,0.0,0.0
2004-09-04,528.0403225806451,0.0,0.0
2004-09-05,504.4,0.0,0.0
2004-09-06,526.952,0.0,0.0
2004-09-07,550.010101010101,0.0,0.0
2004-09-08,525.0479452054794,0.0,0.0
2004-09-09,524.01677852349,0.0,0.0
2004-09-10,537.6290322580645,0.0,0.0
2004-09-11,505.3936170212766,0.0,0.0
2004-09-12,481.71794871794873,0.0,0.0
2004-09-13,537.3125,0.0,0.0
2004-09-14,549.6440677966102,0.0,0.0
2004-09-15,524.2307692307693,0.0,0.0
2004-09-16,510.1231884057971,0.0,0.0
2004-09-17,530.7846153846153,0.0,0.0
2004-09-18,575.8222222222222,0.0,0.0
2004-09-19,489.48571428571427,0.0,0.0
2004-09-20,519.7385620915032,0.0,0.0
2004-09-21,530.1052631578947,0.0,0.0
2004-09-22,514.5797101449275,0.0,0.0
2004-09-23,503.9424460431655,0.0,0.0
2004-09-24,540.4758620689655,0.0,0.0
2004-09-25,517.2201834862385,0.0,0.0
2004-09-26,465.2162162162162,0.0,0.0
2004-09-27,566.6061946902655,0.0,0.0
2004-09-28,530.8503937007874,0.0,0.0
2004-09-29,510.97241379310344,0.0,0.0
2004-09-30,501.2625,0.0,0.0
2004-10-01,508.4145299145299,0.0,0.0
2004-10-02,505.64516129032256,0.0,0.0
2004-10-03,505.79545454545456,0.0,0.0
2004-10-04,533.1751824817518,0.0,0.0
2004-10-05,527.7222222222222,0.0,0.0
2004-10-06,523.9144736842105,0.0,0.0
2004-10-07,529.0,0.0,0.0
2004-10-08,527.75,0.0,0.0
2004-10-09,521.46875,0.0,0.0
2004-10-10,466.17391304347825,0.0,0.0
2004-10-11,550.1857142857143,0.0,0.0
2004-10-12,560.5620437956204,0.0,0.0
2004-10-13,590.5046296296297,0.0,0.0
2004-10-14,597.8095238095239,0.0,0.0
2004-10-15,578.5735294117648,0.0,0.0
2004-10-16,584.552,0.0,0.0
2004-10-17,528.4102564102565,0.0,0.0
2004-10-18,564.6274509803922,0.0,0.0
2004-10-19,578.1928571428572,0.0,0.0
2004-10-20,569.3100775193799,0.0,0.0
2004-10-21,526.3888888888889,0.0,0.0
2004-10-22,587.8448275862069,0.0,0.0
2004-10-23,549.297619047619,0.0,0.0
2004-10-24,514.3030303030303,0.0,0.0
2004-10-25,571.1470588235294,0.0,0.0
2004-10-26,587.5693430656934,0.0,0.0
2004-10-27,562.6690647482014,0.0,0.0
2004-10-28,555.8217054263566,0.0,0.0
2004-10-29,581.4357142857143,0.0,0.0
2004-10-30,580.4181818181818,0.0,0.0
2004-10-31,553.9333333333333,0.0,0.0
2004-11-01,600.3644067796611,0.0,0.0
2004-11-02,579.4411764705883,0.0,0.0
2004-11-03,564.1351351351351,0.0,0.0
2004-11-04,574.1438356164383,0.0,0.0
2004-11-05,575.8373983739838,0.0,0.0
2004-11-06,553.9193548387096,0.0,0.0
2004-11-07,522.4285714285714,0.0,0.0
2004-11-08,574.0353982300885,0.0,0.0
2004-11-09,563.3247863247864,0.0,0.0
2004-11-10,564.9074074074074,0.0,0.0
2004-11-11,593.8068181818181,0.0,0.0
2004-11-12,545.4583333333334,0.0,0.0
2004-11-13,560.1190476190476,0.0,0.0
2004-11-14,538.0357142857143,0.0,0.0
2004-11-15,531.1621621621622,0.0,0.0
2004-11-16,537.0,0.0,0.0
2004-11-17,514.6747967479674,0.0,0.0
2004-11-18,524.4132231404959,0.0,0.0
2004-11-19,538.1496062992126,0.0,0.0
2004-11-20,526.5655737704918,0.0,0.0
2004-11-21,486.1621621621622,0.0,0.0
2004-11-22,535.7652173913043,0.0,0.0
2004-11-23,541.875,0.0,0.0
2004-11-24,502.9117647058824,0.0,0.0
2004-11-25,535.572,0.0,0.0
2004-11-26,510.9767441860465,0.0,0.0
2004-11-27,519.9578947368421,0.0,0.0
2004-11-28,468.13793103448273,0.0,0.0
2004-11-29,537.4102564102565,0.0,0.0
2004-11-30,518.1764705882352,0.0,0.0
2004-12-01,486.296875,0.0,0.0
2004-12-02,472.0,0.0,0.0
2004-12-03,502.1842105263158,0.0,0.0
2004-12-04,501.7226890756302,0.0,0.0
2004-12-05,437.7631578947368,0.0,0.0
2004-12-06,488.5275590551181,0.0,0.0
2004-12-07,502.03937007874015,0.0,0.0
2004-12-08,472.85074626865674,0.0,0.0
2004-12-09,489.187969924812,0.0,0.0
2004-12-10,487.9230769230769,0.0,0.0
2004-12-11,456.0095238095238,0.0,0.0
2004-12-12,452.1621621621622,0.0,0.0
2004-12-13,505.58620689655174,0.0,0.0
2004-12-14,472.793893129771,0.0,0.0
2004-12-15,452.13868613138686,0.0,0.0
2004-12-16,454.1901408450704,0.0,0.0
2004-12-17,464.31159420289856,0.0,0.0
2004-12-18,453.780487804878,0.0,0.0
2004-12-19,405.0,0.0,0.0
2004-12-20,440.79411764705884,0.0,0.0
2004-12-21,439.7589928057554,0.0,0.0
2004-12-22,422.3970588235294,0.0,0.0
2004-12-23,424.53846153846155,0.0,0.0
2004-12-24,419.4871794871795,0.0,0.0
2004-12-25,384.609375,0.0,0.0
2004-12-26,403.6388888888889,0.0,0.0
2004-12-27,421.34188034188037,0.0,0.0
2004-12-28,451.76612903225805,0.0,0.0
2004-12-29,441.74626865671644,0.0,0.0
2004-12-30,437.8129496402878,0.0,0.0
2004-12-31,443.6302521008403,0.0,0.0
2005-01-01,438.68518518518516,0.0,0.0
2005-01-02,405.52941176470586,0.0,0.0
2005-01-03,471.7956204379562,0.0,0.0
2005-01-04,467.3483606557377,0.0,0.0
2005-01-05,467.348623853211,0.0,0.0
2005-01-06,448.9925373134328,0.0,0.0
2005-01-07,459.80645161290323,0.0,0.0
2005-01-08,444.17391304347825,0.0,0.0
2005-01-09,400.0,0.0,0.0
2005-01-10,462.0913043478261,0.0,0.0
2005-01-11,455.50387596899225,0.0,0.0
2005-01-12,444.21014492753625,0.0,0.0
2005-01-13,442.91269841269843,0.0,0.0
2005-01-14,490.7073170731707,0.0,0.0
2005-01-15,472.19191919191917,0.0,0.0
2005-01-16,418.69444444444446,0.0,0.0
2005-01-17,455.6031746031746,0.0,0.0
2005-01-18,464.6111111111111,0.0,0.0
2005-01-19,436.53125,0.0,0.0
2005-01-20,437.95522388059703,0.0,0.0
2005-01-21,417.7936507936508,0.0,0.0
2005-01-22,429.14159292035396,0.0,0.0
2005-01-23,407.725,0.0,0.0
2005-01-24,449.01162790697674,0.0,0.0
2005-01-25,449.09016393442624,0.0,0.0
2005-01-26,431.3611111111111,0.0,0.0
2005-01-27,428.42446043165467,0.0,0.0
2005-01-28,432.59328358208955,0.0,0.0
2005-01-29,419.2566371681416,0.0,0.0
2005-01-30,385.24242424242425,0.0,0.0
2005-01-31,427.0088495575221,0.0,0.0
2005-02-01,420.752,0.0,0.0
2005-02-02,397.5609756097561,0.0,0.0
2005-02-03,424.1832061068702,0.0,0.0
2005-02-04,408.2758620689655,0.0,0.0
2005-02-05,411.7,0.0,0.0
2005-02-06,381.4864864864865,0.0,0.0
2005-02-07,397.12280701754383,0.0,0.0
2005-02-08,416.4818181818182,0.0,0.0
2005-02-09,383.12931034482756,0.0,0.0
2005-02-10,414.3193277310924,0.0,0.0
2005-02-11,429.5952380952381,0.0,0.0
2005-02-12,389.32608695652175,0.0,0.0
2005-02-13,397.4054054054054,0.0,0.0
2005-02-14,389.73636363636365,0.0,0.0
2005-02-15,419.8103448275862,0.0,0.0
2005-02-16,396.11290322580646,0.0,0.0
2005-02-17,391.64166666666665,0.0,0.0
2005-02-18,408.57894736842104,0.0,0.0
2005-02-19,420.41284403669727,0.0,0.0
2005-02-20,355.4871794871795,0.0,0.0
2005-02-21,390.6190476190476,0.0,0.0
2005-02-22,428.1880341880342,0.0,0.0
2005-02-23,398.90909090909093,0.0,0.0
2005-02-24,387.87719298245617,0.0,0.0
2005-02-25,418.5126050420168,0.0,0.0
2005-02-26,402.04545454545456,0.0,0.0
2005-02-27,385.09090909090907,0.0,0.0
2005-02-28,398.3783783783784,0.0,0.0
2005-03-01,421.82307692307694,0.0,0.0
2005-03-02,403.86538461538464,0.0,0.0
2005-03-03,394.0074626865672,0.0,0.0
2005-03-04,404.68888888888887,0.0,0.0
2005-03-05,403.2920353982301,0.0,0.0
2005-03-06,384.1388888888889,0.0,0.0
2005-03-07,403.8306451612903,0.0,0.0
2005-03-08,436.19444444444446,0.0,0.0
2005-03-09,402.02941176470586,0.0,0.0
2005-03-10,390.1461538461538,0.0,0.0
2005-03-11,411.0725806451613,0.0,0.0
2005-03-12,378.3333333333333,0.0,0.0
2005-03-13,381.5121951219512,0.0,0.0
2005-03-14,393.8595041322314,0.0,0.0
2005-03-15,398.3937007874016,0.0,0.0
2005-03-16,391.8740740740741,0.0,0.0
2005-03-17,379.85,0.0,0.0
2005-03-18,409.27131782945736,0.0,0.0
2005-03-19,415.2015503875969,0.0,0.0
2005-03-20,384.5652173913044,0.0,0.0
2005-03-21,411.208,0.0,0.0
2005-03-22,418.02272727272725,0.0,0.0
2005-03-23,409.984,0.0,0.0
2005-03-24,403.33613445378154,0.0,0.0
2005-03-25,414.3478260869565,0.0,0.0
2005-03-26,430.9130434782609,0.0,0.0
2005-03-27,408.42857142857144,0.0,0.0
2005-03-28,466.59504132231405,0.0,0.0
2005-03-29,435.271186440678,0.0,0.0
2005-03-30,435.5204081632653,0.0,0.0
2005-03-31,422.1547619047619,0.0,0.0
2005-04-01,452.04395604395603,0.0,0.0
2005-04-02,460.77884615384613,0.0,0.0
2005-04-03,468.9111111111111,0.0,0.0
2005-04-04,432.18518518518516,0.0,0.0
2005-04-05,461.63671875,0.0,0.0
2005-04-06,428.875,0.0,0.0
2005-04-07,467.6192307692308,0.0,0.0
2005-04-08,479.87394957983196,0.0,0.0
2005-04-09,414.2307692307692,0.0,0.0
2005-04-10,374.6136363636364,0.0,0.0
2005-04-11,420.76335877862596,0.0,0.0
2005-04-12,466.258064516129,0.0,0.0
2005-04-13,422.19924812030075,0.0,0.0
2005-04-14,408.7142857142857,0.0,0.0
2005-04-15,411.6967213114754,0.0,0.0
2005-04-16,411.5929203539823,0.0,0.0
2005-04-17,370.275,0.0,0.0
2005-04-18,424.20652173913044,0.0,0.0
2005-04-19,426.2,0.0,0.0
2005-04-20,407.68382352941177,0.0,0.0
2005-04-21,404.9,0.0,0.0
2005-04-22,412.51162790697674,0.0,0.0
2005-04-23,410.94594594594594,0.0,0.0
2005-04-24,369.84615384615387,0.0,0.0
2005-04-25,421.992,0.0,0.0
2005-04-26,422.0232558139535,0.0,0.0
2005-04-27,408.44525547445255,0.0,0.0
2005-04-28,391.3358778625954,0.0,0.0
2005-04-29,408.4513274336283,0.0,0.0
2005-04-30,413.0952380952381,0.0,0.0
2005-05-01,402.0810810810811,0.0,0.0
2005-05-02,398.48854961832063,0.0,0.0
2005-05-03,421.06666666666666,0.0,0.0
2005-05-04,408.50714285714287,0.0,0.0
2005-05-05,415.54014598540147,0.0,0.0
2005-05-06,411.13492063492066,0.0,0.0
2005-05-07,402.4634146341463,0.0,0.0
2005-05-08,425.4878048780488,0.0,0.0
2005-05-09,406.168,0.0,0.0
2005-05-10,412.69767441860466,0.0,0.0
2005-05-11,420.05384615384617,0.0,0.0
2005-05-12,388.975,0.0,0.0
2005-05-13,396.63194444444446,0.0,0.0
2005-05-14,402.2201834862385,0.0,0.0
2005-05-15,376.8235294117647,0.0,0.0
2005-05-16,381.7682119205298,0.0,0.0
2005-05-17,403.35664335664336,0.0,0.0
2005-05-18,378.25531914893617,0.0,0.0
2005-05-19,383.8407643312102,0.0,0.0
2005-05-20,382.6754966887417,0.0,0.0
2005-05-21,378.74603174603175,0.0,0.0
2005-05-22,362.5869565217391,0.0,0.0
2005-05-23,356.7391304347826,0.0,0.0
2005-05-24,383.59655172413795,0.0,0.0
2005-05-25,376.1489361702128,0.0,0.0
2005-05-26,375.78231292517006,0.0,0.0
2005-05-27,428.5777777777778,0.0,0.0
2005-05-28,362.35833333333335,0.0,0.0
2005-05-29,374.0,0.0,0.0
2005-05-30,368.3211382113821,0.0,0.0
2005-05-31,370.24045801526717,0.0,0.0
2005-06-01,361.2014388489209,0.0,0.0
2005-06-02,366.2195945945946,0.0,0.0
2005-06-03,376.2810218978102,0.0,0.0
2005-06-04,370.38345864661653,0.0,0.0
2005-06-05,340.55102040816325,0.0,0.0
2005-06-06,370.748322147651,0.0,0.0
2005-06-07,417.60130718954247,0.0,0.0
2005-06-08,373.7130177514793,0.0,0.0
2005-06-09,375.2760736196319,0.0,0.0
2005-06-10,399.31418918918916,0.0,0.0
2005-06-11,365.5853658536585,0.0,0.0
2005-06-12,378.2830188679245,0.0,0.0
2005-06-13,394.3376623376623,0.0,0.0
2005-06-14,380.9512987012987,0.0,0.0
2005-06-15,377.5448275862069,0.0,0.0
2005-06-16,391.40625,0.0,0.0
2005-06-17,375.73214285714283,0.0,0.0
2005-06-18,397.0882352941176,0.0,0.0
2005-06-19,398.76,0.0,0.0
2005-06-20,397.10738255033556,0.0,0.0
2005-06-21,391.8527397260274,0.0,0.0
2005-06-22,393.2028985507246,0.0,0.0
2005-06-23,384.3921568627451,0.0,0.0
2005-06-24,402.0255474452555,0.0,0.0
2005-06-25,398.1640625,0.0,0.0
2005-06-26,421.42105263157896,0.0,0.0
2005-06-27,411.9925373134328,0.0,0.0
2005-06-28,410.3130081300813,0.0,0.0
2005-06-29,415.1021126760563,0.0,0.0
2005-06-30,393.6962962962963,0.0,0.0
2005-07-01,412.3777777777778,0.0,0.0
2005-07-02,428.75912408759126,0.0,0.0
2005-07-03,409.38,0.0,0.0
2005-07-04,421.0743243243243,0.0,0.0
2005-07-05,409.6423611111111,0.0,0.0
2005-07-06,428.44117647058823,0.0,0.0
2005-07-07,425.0679012345679,0.0,0.0
2005-07-08,428.43506493506493,0.0,0.0
2005-07-09,439.0973451327434,0.0,0.0
2005-07-10,428.62,0.0,0.0
2005-07-11,450.0673076923077,0.0,0.0
2005-07-12,448.8,0.0,0.0
2005-07-13,451.9447852760736,0.0,0.0
2005-07-14,443.2922077922078,0.0,0.0
2005-07-15,463.11392405063293,0.0,0.0
2005-07-16,465.36942675159236,0.0,0.0
2005-07-17,455.25454545454545,0.0,0.0
2005-07-18,458.1503267973856,0.0,0.0
2005-07-19,462.88690476190476,0.0,0.0
2005-07-20,463.40880503144655,0.0,0.0
2005-07-21,465.90909090909093,0.0,0.0
2005-07-22,469.39473684210526,0.0,0.0
2005-07-23,447.91970802919707,0.0,0.0
2005-07-24,440.31632653061223,0.0,0.0
2005-07-25,480.6993670886076,0.0,0.0
2005-07-26,487.23030303030305,0.0,0.0
2005-07-27,464.29375,0.0,0.0
2005-07-28,477.3519553072626,0.0,0.0
2005-07-29,475.0891719745223,0.0,0.0
2005-07-30,467.61538461538464,0.0,0.0
2005-07-31,497.52941176470586,0.0,0.0
2005-08-01,483.27852348993287,0.0,0.0
2005-08-02,497.29545454545456,0.0,0.0
2005-08-03,488.2608695652174,0.0,0.0
2005-08-04,494.0888157894737,0.0,0.0
2005-08-05,550.855421686747,0.0,0.0
2005-08-06,509.7755102040816,0.0,0.0
2005-08-07,490.9074074074074,0.0,0.0
2005-08-08,496.74117647058824,0.0,0.0
2005-08-09,526.25,0.0,0.0
2005-08-10,528.2727272727273,0.0,0.0
2005-08-11,523.5911458333334,0.0,0.0
2005-08-12,533.4920212765958,0.0,0.0
2005-08-13,495.390977443609,0.0,0.0
2005-08-14,543.1698113207547,0.0,0.0
2005-08-15,507.2456140350877,0.0,0.0
2005-08-16,562.2395209580839,0.0,0.0
2005-08-17,579.5860215053764,0.0,0.0
2005-08-18,581.7914438502673,0.0,0.0
2005-08-19,622.2446043165468,0.0,0.0
2005-08-20,632.4831081081081,0.0,0.0
2005-08-21,593.7796610169491,0.0,0.0
2005-08-22,640.1787709497206,0.0,0.0
2005-08-23,638.804469273743,0.0,0.0
2005-08-24,646.8757396449704,0.0,0.0
2005-08-25,654.4329896907217,0.0,0.0
2005-08-26,671.418918918919,0.0,0.0
2005-08-27,691.1969696969697,0.0,0.0
2005-08-28,677.6610169491526,0.0,0.0
2005-08-29,739.6709844559585,0.0,0.0
2005-08-30,746.0939226519337,0.0,0.0
2005-08-31,758.3314917127071,0.0,0.0
2005-09-01,781.5555555555555,0.0,0.0
2005-09-02,787.2620320855615,0.0,0.0
2005-09-03,790.8233532934132,0.0,0.0
2005-09-04,817.7833333333333,0.0,0.0
2005-09-05,815.0213903743315,0.0,0.0
2005-09-06,855.5245901639345,0.0,0.0
2005-09-07,856.367088607595,0.0,0.0
2005-09-08,891.3154362416108,0.0,0.0
2005-09-09,898.7287234042553,0.0,0.0
2005-09-10,903.5111111111111,0.0,0.0
2005-09-11,889.8571428571429,0.0,0.0
2005-09-12,894.1607142857143,0.0,0.0
2005-09-13,928.7301587301587,0.0,0.0
2005-09-14,918.5482233502538,0.0,0.0
2005-09-15,946.434065934066,0.0,0.0
2005-09-16,946.9830508474577,0.0,0.0
2005-09-17,965.1142857142858,0.0,0.0
2005-09-18,953.1929824561404,0.0,0.0
2005-09-19,979.5963855421687,0.0,0.0
2005-09-20,932.7298850574713,0.0,0.0
2005-09-21,953.0307692307692,0.0,0.0
2005-09-22,937.4581280788177,0.0,0.0
2005-09-23,983.438202247191,0.0,0.0
2005-09-24,974.6518987341772,0.0,0.0
2005-09-25,977.4561403508771,0.0,0.0
2005-09-26,995.796052631579,0.0,0.0
2005-09-27,963.2085561497327,0.0,0.0
2005-09-28,965.4512820512821,0.0,0.0
2005-09-29,988.3597883597884,0.0,0.0
2005-09-30,983.521978021978,0.0,0.0
2005-10-01,989.98125,0.0,0.0
2005-10-02,989.6610169491526,0.0,0.0
2005-10-03,1023.06875,0.0,0.0
2005-10-04,973.7911764705882,0.0,0.0
2005-10-05,988.3459459459459,0.0,0.0
2005-10-06,992.1277777777777,0.0,0.0
2005-10-07,1010.5572916666666,0.0,0.0
2005-10-08,968.68345323741,0.0,0.0
2005-10-09,964.0806451612904,0.0,0.0
2005-10-10,946.3441558441558,0.0,0.0
2005-10-11,981.0036496350365,0.0,0.0
2005-10-12,969.63,0.0,0.0
2005-10-13,1019.3956043956044,0.0,0.0
2005-10-14,999.4594594594595,0.0,0.0
2005-10-15,999.3691860465116,0.0,0.0
2005-10-16,944.3239436619718,0.0,0.0
2005-10-17,1031.209090909091,0.0,0.0
2005-10-18,1057.2568306010928,0.0,0.0
2005-10-19,1091.451776649746,0.0,0.0
2005-10-20,1117.6834170854272,0.0,0.0
2005-10-21,1221.6593406593406,0.0,0.0
2005-10-22,1251.2625,0.0,0.0
2005-10-23,1328.9558823529412,0.0,0.0
2005-10-24,1356.0393258426966,0.0,0.0
2005-10-25,1353.844827586207,0.0,0.0
2005-10-26,1342.5977653631285,0.0,0.0
2005-10-27,1339.1822916666667,0.0,0.0
2005-10-28,1330.2057142857143,0.0,0.0
2005-10-29,1320.458064516129,0.0,0.0
2005-10-30,1263.0535714285713,0.0,0.0
2005-10-31,1273.9710144927535,0.0,0.0
2005-11-01,1231.4225352112676,0.0,0.0
2005-11-02,1317.784090909091,0.0,0.0
2005-11-03,1293.5905511811025,0.0,0.0
2005-11-04,1254.1176470588234,0.0,0.0
2005-11-05,1292.1037037037038,0.0,0.0
2005-11-06,1192.344827586207,0.0,0.0
2005-11-07,1214.8979591836735,0.0,0.0
2005-11-08,1241.5974842767296,0.0,0.0
2005-11-09,1262.0978260869565,0.0,0.0
2005-11-10,1251.4469273743016,0.0,0.0
2005-11-11,1277.9878048780488,0.0,0.0
2005-11-12,1251.0252100840337,0.0,0.0
2005-11-13,1282.622950819672,0.0,0.0
2005-11-14,1238.779761904762,0.0,0.0
2005-11-15,1198.3923076923077,0.0,0.0
2005-11-16,1220.450819672131,0.0,0.0
2005-11-17,1193.3463687150838,0.0,0.0
2005-11-18,1195.25,0.0,0.0
2005-11-19,1205.3672316384182,0.0,0.0
2005-11-20,1162.0394736842106,0.0,0.0
2005-11-21,1171.427027027027,0.0,0.0
2005-11-22,1163.9689119170985,0.0,0.0
2005-11-23,1148.1725888324872,0.0,0.0
2005-11-24,1131.0374331550802,0.0,0.0
2005-11-25,1153.5698324022346,0.0,0.0
2005-11-26,1156.7771084337348,0.0,0.0
2005-11-27,1141.8529411764705,0.0,0.0
2005-11-28,1098.6304347826087,0.0,0.0
2005-11-29,1112.565445026178,0.0,0.0
2005-11-30,1085.103448275862,0.0,0.0
2005-12-01,1104.8579234972678,0.0,0.0
2005-12-02,1057.6030150753768,0.0,0.0
2005-12-03,1052.6888888888889,0.0,0.0
2005-12-04,982.9878048780488,0.0,0.0
2005-12-05,1007.253807106599,0.0,0.0
2005-12-06,1000.4292452830189,0.0,0.0
2005-12-07,989.2474747474747,0.0,0.0
2005-12-08,959.8542713567839,0.0,0.0
2005-12-09,999.8652849740932,0.0,0.0
2005-12-10,948.3267973856209,0.0,0.0
2005-12-11,938.6626506024096,0.0,0.0
2005-12-12,905.7551020408164,0.0,0.0
2005-12-13,921.7323232323232,0.0,0.0
2005-12-14,902.829596412556,0.0,0.0
2005-12-15,903.6859903381643,0.0,0.0
2005-12-16,890.4215246636771,0.0,0.0
2005-12-17,885.475,0.0,0.0
2005-12-18,838.2702702702703,0.0,0.0
2005-12-19,876.3233830845771,0.0,0.0
2005-12-20,847.29,0.0,0.0
2005-12-21,817.1720930232558,0.0,0.0
2005-12-22,806.2686567164179,0.0,0.0
2005-12-23,766.8886138613861,0.0,0.0
2005-12-24,734.664739884393,0.0,0.0
2005-12-25,694.921052631579,0.0,0.0
2005-12-26,711.2277777777778,0.0,0.0
2005-12-27,725.4769230769231,0.0,0.0
2005-12-28,683.0616113744076,0.0,0.0
2005-12-29,665.1141552511416,0.0,0.0
2005-12-30,683.8434343434343,0.0,0.0
2005-12-31,682.1646341463414,0.0,0.0
2006-01-01,684.8846153846154,0.0,0.0
2006-01-02,641.2428571428571,0.0,0.0
2006-01-03,636.6216216216217,0.0,0.0
2006-01-04,619.4495412844037,0.0,0.0
2006-01-05,608.8307692307692,0.0,0.0
2006-01-06,644.8009950248756,0.0,0.0
2006-01-07,622.9633507853404,0.0,0.0
2006-01-08,606.2941176470588,0.0,0.0
2006-01-09,602.3209302325581,0.0,0.0
2006-01-10,635.8472222222222,0.0,0.0
2006-01-11,618.5,0.0,0.0
2006-01-12,590.2651162790697,0.0,0.0
2006-01-13,623.3,0.0,0.0
2006-01-14,600.9214285714286,0.0,0.0
2006-01-15,587.5263157894736,0.0,0.0
2006-01-16,592.9356435643564,0.0,0.0
2006-01-17,584.9276018099547,0.0,0.0
2006-01-18,562.689698275862,0.0,0.0
2006-01-19,561.2412280701755,0.0,0.0
2006-01-20,571.8962264150944,0.0,0.0
2006-01-21,561.8994974874372,0.0,0.0
2006-01-22,574.1518987341772,0.0,0.0
2006-01-23,541.8603351955308,0.0,0.0
2006-01-24,545.4975609756098,0.0,0.0
2006-01-25,524.3443396226415,0.0,0.0
2006-01-26,529.8144329896908,0.0,0.0
2006-01-27,537.9952830188679,0.0,0.0
2006-01-28,537.0217391304348,0.0,0.0
2006-01-29,533.0845070422536,0.0,0.0
2006-01-30,502.7434554973822,0.0,0.0
2006-01-31,523.9834254143647,0.0,0.0
2006-02-01,499.1333333333333,0.0,0.0
2006-02-02,501.1039603960396,0.0,0.0
2006-02-03,506.4450261780105,0.0,0.0
2006-02-04,496.5625,0.0,0.0
2006-02-05,488.34444444444443,0.0,0.0
2006-02-06,499.8073394495413,0.0,0.0
2006-02-07,494.4976525821596,0.0,0.0
2006-02-08,481.3532338308458,0.0,0.0
2006-02-09,475.43624161073825,0.0,0.0
2006-02-10,480.90547263681594,0.0,0.0
2006-02-11,456.83098591549293,0.0,0.0
2006-02-12,461.8607594936709,0.0,0.0
2006-02-13,463.61560693641616,0.0,0.0
2006-02-14,457.49756097560976,0.0,0.0
2006-02-15,453.5962441314554,0.0,0.0
2006-02-16,462.28472222222223,0.0,0.0
2006-02-17,465.66331658291455,0.0,0.0
2006-02-18,479.6067708333333,0.0,0.0
2006-02-19,443.3139534883721,0.0,0.0
2006-02-20,450.3474178403756,0.0,0.0
2006-02-21,457.1407766990291,0.0,0.0
2006-02-22,440.3350785340314,0.0,0.0
2006-02-23,440.25,0.0,0.0
2006-02-24,460.9950495049505,0.0,0.0
2006-02-25,464.4651162790698,0.0,0.0
2006-02-26,453.38235294117646,0.0,0.0
2006-02-27,453.30845771144277,0.0,0.0
2006-02-28,457.4654255319149,0.0,0.0
2006-03-01,446.79904306220095,0.0,0.0
2006-03-02,460.3181818181818,0.0,0.0
2006-03-03,484.9530516431925,0.0,0.0
2006-03-04,444.9145728643216,0.0,0.0
2006-03-05,434.87628865979383,0.0,0.0
2006-03-06,454.0576923076923,0.0,0.0
2006-03-07,450.3952380952381,0.0,0.0
2006-03-08,439.93548387096774,0.0,0.0
2006-03-09,432.420814479638,0.0,0.0
2006-03-10,442.6637168141593,0.0,0.0
2006-03-11,436.9308176100629,0.0,0.0
2006-03-12,436.1,0.0,0.0
2006-03-13,441.7203791469194,0.0,0.0
2006-03-14,423.0457516339869,0.0,0.0
2006-03-15,443.0705882352941,0.0,0.0
2006-03-16,489.60309278350513,0.0,0.0
2006-03-17,441.9795918367347,0.0,0.0
2006-03-18,440.9836065573771,0.0,0.0
2006-03-19,433.5584415584416,0.0,0.0
2006-03-20,436.83076923076925,0.0,0.0
2006-03-21,432.07142857142856,0.0,0.0
2006-03-22,428.5412371134021,0.0,0.0
2006-03-23,432.75,0.0,0.0
2006-03-24,433.90995260663504,0.0,0.0
2006-03-25,423.5232558139535,0.0,0.0
2006-03-26,441.3623188405797,0.0,0.0
2006-03-27,425.7230769230769,0.0,0.0
2006-03-28,425.34299516908214,0.0,0.0
2006-03-29,429.80049261083747,0.0,0.0
2006-03-30,429.32026143790847,0.0,0.0
2006-03-31,431.03550295857985,0.0,0.0
2006-04-01,426.7959183673469,0.0,0.0
2006-04-02,415.438202247191,0.0,0.0
2006-04-03,424.7608695652174,0.0,0.0
2006-04-04,428.7098445595855,0.0,0.0
2006-04-05,423.20949720670393,0.0,0.0
2006-04-06,417.97972972972974,0.0,0.0
2006-04-07,436.24064171122996,0.0,0.0
2006-04-08,431.2804054054054,0.0,0.0
2006-04-09,434.9864864864865,0.0,0.0
2006-04-10,424.7244897959184,0.0,0.0
2006-04-11,417.6641221374046,0.0,0.0
2006-04-12,448.45212765957444,0.0,0.0
2006-04-13,421.3097826086956,0.0,0.0
2006-04-14,396.030303030303,0.0,0.0
2006-04-15,424.93865030674846,0.0,0.0
2006-04-16,422.038961038961,0.0,0.0
2006-04-17,412.0025,0.0,0.0
2006-04-18,433.40314136125653,0.0,0.0
2006-04-19,410.84343434343435,0.0,0.0
2006-04-20,420.8959390862944,0.0,0.0
2006-04-21,427.59067357512953,0.0,0.0
2006-04-22,420.10115606936415,0.0,0.0
2006-04-23,428.95,0.0,0.0
2006-04-24,414.0079365079365,0.0,0.0
2006-04-25,407.2083333333333,0.0,0.0
2006-04-26,401.7981220657277,0.0,0.0
2006-04-27,398.4339622641509,0.0,0.0
2006-04-28,425.2433862433862,0.0,0.0
2006-04-29,388.52513966480444,0.0,0.0
2006-04-30,436.42105263157896,0.0,0.0
2006-05-01,399.4888888888889,0.0,0.0
2006-05-02,412.5,0.0,0.0
2006-05-03,383.38317757009344,0.0,0.0
2006-05-04,384.67452830188677,0.0,0.0
2006-05-05,382.4299065420561,0.0,0.0
2006-05-06,406.0731707317073,0.0,0.0
2006-05-07,423.26056338028167,0.0,0.0
2006-05-08,397.0239520958084,0.0,0.0
2006-05-09,377.9947368421053,0.0,0.0
2006-05-10,377.6201923076923,0.0,0.0
2006-05-11,379.94472361809045,0.0,0.0
2006-05-12,378.4306930693069,0.0,0.0
2006-05-13,402.9491525423729,0.0,0.0
2006-05-14,393.271186440678,0.0,0.0
2006-05-15,362.5181818181818,0.0,0.0
2006-05-16,380.8814432989691,0.0,0.0
2006-05-17,384.72,0.0,0.0
2006-05-18,370.2822966507177,0.0,0.0
2006-05-19,393.9817073170732,0.0,0.0
2006-05-20,389.96815286624206,0.0,0.0
2006-05-21,365.45454545454544,0.0,0.0
2006-05-22,398.08383233532936,0.0,0.0
2006-05-23,394.7185628742515,0.0,0.0
2006-05-24,365.15841584158414,0.0,0.0
2006-05-25,365.2074468085106,0.0,0.0
2006-05-26,371.5842105263158,0.0,0.0
2006-05-27,360.4696132596685,0.0,0.0
2006-05-28,369.1290322580645,0.0,0.0
2006-05-29,365.95360824742266,0.0,0.0
2006-05-30,367.6063829787234,0.0,0.0
2006-05-31,380.4076433121019,0.0,0.0
2006-06-01,364.93333333333334,0.0,0.0
2006-06-02,365.37254901960785,0.0,0.0
2006-06-03,374.97938144329896,0.0,0.0
2006-06-04,368.078125,0.0,0.0
2006-06-05,367.54347826086956,0.0,0.0
2006-06-06,373.9777227722772,0.0,0.0
2006-06-07,380.18,0.0,0.0
2006-06-08,383.5607476635514,0.0,0.0
2006-06-09,393.57608695652175,0.0,0.0
2006-06-10,402.60357142857146,0.0,0.0
2006-06-11,400.7945205479452,0.0,0.0
2006-06-12,410.010989010989,0.0,0.0
2006-06-13,382.82142857142856,0.0,0.0
2006-06-14,412.81304347826085,0.0,0.0
2006-06-15,428.75409836065575,0.0,0.0
2006-06-16,442.7981220657277,0.0,0.0
2006-06-17,426.0964912280702,0.0,0.0
2006-06-18,411.9220779220779,0.0,0.0
2006-06-19,400.51612903225805,0.0,0.0
2006-06-20,413.2767441860465,0.0,0.0
2006-06-21,415.08583690987126,0.0,0.0
2006-06-22,430.93617021276594,0.0,0.0
2006-06-23,430.9622641509434,0.0,0.0
2006-06-24,448.1548387096774,0.0,0.0
2006-06-25,394.54,0.0,0.0
2006-06-26,422.7772277227723,0.0,0.0
2006-06-27,417.24083769633506,0.0,0.0
2006-06-28,426.92543859649123,0.0,0.0
2006-06-29,453.46315789473687,0.0,0.0
2006-06-30,431.8061224489796,0.0,0.0
2006-07-01,418.2121212121212,0.0,0.0
2006-07-02,458.5405405405405,0.0,0.0
2006-07-03,465.046875,0.0,0.0
2006-07-04,446.60775862068965,0.0,0.0
2006-07-05,442.4375,0.0,0.0
2006-07-06,433.42857142857144,0.0,0.0
2006-07-07,447.53361344537814,0.0,0.0
2006-07-08,465.45454545454544,0.0,0.0
2006-07-09,481.51851851851853,0.0,0.0
2006-07-10,447.8861788617886,0.0,0.0
2006-07-11,487.8688888888889,0.0,0.0
2006-07-12,478.5782608695652,0.0,0.0
2006-07-13,454.302371541502,0.0,0.0
2006-07-14,455.3171206225681,0.0,0.0
2006-07-15,482.15962441314554,0.0,0.0
2006-07-16,463.0888888888889,0.0,0.0
2006-07-17,468.92323651452284,0.0,0.0
2006-07-18,506.5344827586207,0.0,0.0
2006-07-19,472.4737827715356,0.0,0.0
2006-07-20,473.15384615384613,0.0,0.0
2006-07-21,504.4282700421941,0.0,0.0
2006-07-22,454.34496124031006,0.0,0.0
2006-07-23,510.48837209302326,0.0,0.0
2006-07-24,457.41063829787237,0.0,0.0
2006-07-25,486.01372549019607,0.0,0.0
2006-07-26,478.4344569288389,0.0,0.0
2006-07-27,486.278,0.0,0.0
2006-07-28,450.9838129496403,0.0,0.0
2006-07-29,499.2942708333333,0.0,0.0
2006-07-30,486.5571428571429,0.0,0.0
2006-07-31,510.54395604395603,0.0,0.0
2006-08-01,470.3320158102767,0.0,0.0
2006-08-02,463.869140625,0.0,0.0
2006-08-03,440.3745644599303,0.0,0.0
2006-08-04,456.61245674740485,0.0,0.0
2006-08-05,504.3382352941176,0.0,0.0
2006-08-06,471.2391304347826,0.0,0.0
2006-08-07,471.7551867219917,0.0,0.0
2006-08-08,498.33953488372094,0.0,0.0
2006-08-09,516.2,0.0,0.0
2006-08-10,470.8961538461538,0.0,0.0
2006-08-11,522.0972222222222,0.0,0.0
2006-08-12,441.1900452488688,0.0,0.0
2006-08-13,497.88235294117646,0.0,0.0
2006-08-14,488.531914893617,0.0,0.0
2006-08-15,504.0183486238532,0.0,0.0
2006-08-16,514.0355029585799,0.0,0.0
2006-08-17,507.151376146789,0.0,0.0
2006-08-18,504.09125475285174,0.0,0.0
2006-08-19,535.1196172248804,0.0,0.0
2006-08-20,519.1509433962265,0.0,0.0
2006-08-21,502.5289575289575,0.0,0.0
2006-08-22,538.7787234042553,0.0,0.0
2006-08-23,533.4149377593361,0.0,0.0
2006-08-24,511.95,0.0,0.0
2006-08-25,502.97318007662835,0.0,0.0
2006-08-26,507.4759825327511,0.0,0.0
2006-08-27,549.0,0.0,0.0
2006-08-28,553.1917808219179,0.0,0.0
2006-08-29,551.4666666666667,0.0,0.0
2006-08-30,502.072,0.0,0.0
2006-08-31,498.1795918367347,0.0,0.0
2006-09-01,517.1094339622641,0.0,0.0
2006-09-02,512.2327935222672,0.0,0.0
2006-09-03,546.1134020618557,0.0,0.0
2006-09-04,504.0344129554656,0.0,0.0
2006-09-05,536.3377777777778,0.0,0.0
2006-09-06,533.2107623318385,0.0,0.0
2006-09-07,532.4369565217391,0.0,0.0
2006-09-08,507.70722433460077,0.0,0.0
2006-09-09,513.0862068965517,0.0,0.0
2006-09-10,523.7142857142857,0.0,0.0
2006-09-11,498.32669322709165,0.0,0.0
2006-09-12,532.9357798165138,0.0,0.0
2006-09-13,534.7877551020408,0.0,0.0
2006-09-14,523.9120370370371,0.0,0.0
2006-09-15,539.4325581395349,0.0,0.0
2006-09-16,522.0406091370559,0.0,0.0
2006-09-17,514.1336633663366,0.0,0.0
2006-09-18,534.7230392156863,0.0,0.0
2006-09-19,532.8275862068965,0.0,0.0
2006-09-20,512.4608294930875,0.0,0.0
2006-09-21,525.740932642487,0.0,0.0
2006-09-22,523.6363636363636,0.0,0.0
2006-09-23,507.8757396449704,0.0,0.0
2006-09-24,528.4024390243902,0.0,0.0
2006-09-25,524.6020408163265,0.0,0.0
2006-09-26,508.7909090909091,0.0,0.0
2006-09-27,526.7058823529412,0.0,0.0
2006-09-28,486.9634703196347,0.0,0.0
2006-09-29,502.875,0.0,0.0
2006-09-30,505.1526717557252,0.0,0.0
2006-10-01,501.5753424657534,0.0,0.0
2006-10-02,515.8737864077669,0.0,0.0
2006-10-03,530.7446808510638,0.0,0.0
2006-10-04,518.2182741116751,0.0,0.0
2006-10-05,532.0,0.0,0.0
2006-10-06,522.8366834170854,0.0,0.0
2006-10-07,535.3,0.0,0.0
2006-10-08,527.5229357798165,0.0,0.0
2006-10-09,526.169014084507,0.0,0.0
2006-10-10,534.7635467980296,0.0,0.0
2006-10-11,538.2311320754717,0.0,0.0
2006-10-12,533.6618357487922,0.0,0.0
2006-10-13,537.1176470588235,0.0,0.0
2006-10-14,508.0,0.0,0.0
2006-10-15,511.11340206185565,0.0,0.0
2006-10-16,525.5113636363636,0.0,0.0
2006-10-17,538.5235602094241,0.0,0.0
2006-10-18,494.67410714285717,0.0,0.0
2006-10-19,543.4072164948453,0.0,0.0
2006-10-20,500.54357798165137,0.0,0.0
2006-10-21,533.9661016949152,0.0,0.0
2006-10-22,528.6515151515151,0.0,0.0
2006-10-23,528.1666666666666,0.0,0.0
2006-10-24,536.6642335766423,0.0,0.0
2006-10-25,550.6286764705883,0.0,0.0
2006-10-26,555.5483870967741,0.0,0.0
2006-10-27,545.1578947368421,0.0,0.0
2006-10-28,544.0,0.0,0.0
2006-10-29,559.1704545454545,0.0,0.0
2006-10-30,546.6796875,0.0,0.0
2006-10-31,548.2293577981651,0.0,0.0
2006-11-01,552.2948207171315,0.0,0.0
2006-11-02,557.7851851851852,0.0,0.0
2006-11-03,550.5,0.0,0.0
2006-11-04,588.0050505050505,0.0,0.0
2006-11-05,568.8705882352941,0.0,0.0
2006-11-06,552.9807692307693,0.0,0.0
2006-11-07,575.7064676616916,0.0,0.0
2006-11-08,531.5075187969925,0.0,0.0
2006-11-09,524.9136363636363,0.0,0.0
2006-11-10,501.8446215139442,0.0,0.0
2006-11-11,544.375,0.0,0.0
2006-11-12,556.8539325842696,0.0,0.0
2006-11-13,542.5388349514564,0.0,0.0
2006-11-14,590.6358024691358,0.0,0.0
2006-11-15,518.645,0.0,0.0
2006-11-16,513.971098265896,0.0,0.0
2006-11-17,509.64903846153845,0.0,0.0
2006-11-18,545.1235294117647,0.0,0.0
2006-11-19,544.4555555555555,0.0,0.0
2006-11-20,560.1461988304094,0.0,0.0
2006-11-21,541.1602209944751,0.0,0.0
2006-11-22,542.2134831460675,0.0,0.0
2006-11-23,552.7672955974842,0.0,0.0
2006-11-24,550.5367231638418,0.0,0.0
2006-11-25,545.6242424242424,0.0,0.0
2006-11-26,524.8382352941177,0.0,0.0
2006-11-27,516.28,0.0,0.0
2006-11-28,558.5438596491229,0.0,0.0
2006-11-29,485.6040609137056,0.0,0.0
2006-11-30,504.635593220339,0.0,0.0
2006-12-01,529.7797619047619,0.0,0.0
2006-12-02,555.5274725274726,0.0,0.0
2006-12-03,538.7037037037037,0.0,0.0
2006-12-04,545.8357487922706,0.0,0.0
2006-12-05,526.1913875598086,0.0,0.0
2006-12-06,543.5254237288135,0.0,0.0
2006-12-07,528.0796460176991,0.0,0.0
2006-12-08,547.7397260273973,0.0,0.0
2006-12-09,563.7260273972603,0.0,0.0
2006-12-10,563.0135135135135,0.0,0.0
2006-12-11,560.8275862068965,0.0,0.0
2006-12-12,589.3316582914573,0.0,0.0
2006-12-13,641.012987012987,0.0,0.0
2006-12-14,592.8071748878924,0.0,0.0
2006-12-15,657.4853556485356,0.0,0.0
2006-12-16,648.2994923857868,0.0,0.0
2006-12-17,619.7282608695652,0.0,0.0
2006-12-18,629.1578947368421,0.0,0.0
2006-12-19,632.8510638297872,0.0,0.0
2006-12-20,631.138775510204,0.0,0.0
2006-12-21,646.9451476793249,0.0,0.0
2006-12-22,652.3833333333333,0.0,0.0
2006-12-23,658.6900584795321,0.0,0.0
2006-12-24,697.0588235294117,0.0,0.0
2006-12-25,682.2177419354839,0.0,0.0
2006-12-26,656.6888888888889,0.0,0.0
2006-12-27,674.3587443946188,0.0,0.0
2006-12-28,670.9912280701755,0.0,0.0
2006-12-29,726.0177777777777,0.0,0.0
2006-12-30,703.491935483871,0.0,0.0
2006-12-31,703.515625,0.0,0.0
2007-01-01,765.436974789916,0.0,0.0
2007-01-02,696.1735159817351,0.0,0.0
2007-01-03,693.3415492957746,0.0,0.0
2007-01-04,713.6363636363636,0.0,0.0
2007-01-05,745.6238532110092,0.0,0.0
2007-01-06,774.9043062200957,0.0,0.0
2007-01-07,833.9263157894737,0.0,0.0
2007-01-08,854.0840163934427,0.0,0.0
2007-01-09,843.0444444444445,0.0,0.0
2007-01-10,860.0583333333333,0.0,0.0
2007-01-11,852.7951807228916,0.0,0.0
2007-01-12,883.3153153153153,0.0,0.0
2007-01-13,843.6480446927375,0.0,0.0
2007-01-14,901.358024691358,0.0,0.0
2007-01-15,885.3188405797101,0.0,0.0
2007-01-16,894.012987012987,0.0,0.0
2007-01-17,902.7185185185185,0.0,0.0
2007-01-18,921.5263157894736,0.0,0.0
2007-01-19,989.648275862069,0.0,0.0
2007-01-20,938.9601990049752,0.0,0.0
2007-01-21,965.1100917431193,0.0,0.0
2007-01-22,921.0912280701755,0.0,0.0
2007-01-23,916.8470588235294,0.0,0.0
2007-01-24,956.8496240601504,0.0,0.0
2007-01-25,944.8490566037735,0.0,0.0
2007-01-26,984.671052631579,0.0,0.0
2007-01-27,954.175965665236,0.0,0.0
2007-01-28,998.9550561797753,0.0,0.0
2007-01-29,961.9404761904761,0.0,0.0
2007-01-30,1012.9782608695652,0.0,0.0
2007-01-31,946.8169014084507,0.0,0.0
2007-02-01,964.8808510638298,0.0,0.0
2007-02-02,1005.804347826087,0.0,0.0
2007-02-03,984.9411764705883,0.0,0.0
2007-02-04,1022.465,0.0,0.0
2007-02-05,1045.900709219858,0.0,0.0
2007-02-06,1154.7427536231885,0.0,0.0
2007-02-07,1161.6929824561403,0.0,0.0
2007-02-08,1099.7916666666667,0.0,0.0
2007-02-09,1103.5709219858156,0.0,0.0
2007-02-10,1082.1147540983607,0.0,0.0
2007-02-11,1158.7282608695652,0.0,0.0
2007-02-12,1127.5984848484848,0.0,0.0
2007-02-13,1102.2695652173913,0.0,0.0
2007-02-14,1151.8642533936652,0.0,0.0
2007-02-15,1078.791338582677,0.0,0.0
2007-02-16,1197.7205882352941,0.0,0.0
2007-02-17,1047.095238095238,0.0,0.0
2007-02-18,1163.979797979798,0.0,0.0
2007-02-19,1054.0217391304348,0.0,0.0
2007-02-20,1098.3513513513512,0.0,0.0
2007-02-21,1115.2443438914027,0.0,0.0
2007-02-22,1035.21875,0.0,0.0
2007-02-23,1038.9435215946844,0.0,0.0
2007-02-24,997.3308550185874,0.0,0.0
2007-02-25,1044.3578947368421,0.0,0.0
2007-02-26,960.0598591549295,0.0,0.0
2007-02-27,925.8698630136986,0.0,0.0
2007-02-28,982.2383177570093,0.0,0.0
2007-03-01,940.1008403361344,0.0,0.0
2007-03-02,928.25,0.0,0.0
2007-03-03,847.3421052631579,0.0,0.0
2007-03-04,878.8644067796611,0.0,0.0
2007-03-05,869.1640625,0.0,0.0
2007-03-06,874.843537414966,0.0,0.0
2007-03-07,900.425,0.0,0.0
2007-03-08,883.173285198556,0.0,0.0
2007-03-09,914.3884615384616,0.0,0.0
2007-03-10,850.0175438596491,0.0,0.0
2007-03-11,931.9072164948453,0.0,0.0
2007-03-12,891.3607843137255,0.0,0.0
2007-03-13,865.3795379537954,0.0,0.0
2007-03-14,865.3754578754579,0.0,0.0
2007-03-15,858.6979166666666,0.0,0.0
2007-03-16,816.2724137931034,0.0,0.0
2007-03-17,881.7272727272727,0.0,0.0
2007-03-18,896.1142857142858,0.0,0.0
2007-03-19,894.7437810945273,0.0,0.0
2007-03-20,883.9358974358975,0.0,0.0
2007-03-21,869.3521594684386,0.0,0.0
2007-03-22,823.2241379310345,0.0,0.0
2007-03-23,778.9346405228758,0.0,0.0
2007-03-24,771.3161512027491,0.0,0.0
2007-03-25,836.1067961165048,0.0,0.0
2007-03-26,806.1101694915254,0.0,0.0
2007-03-27,827.2951807228916,0.0,0.0
2007-03-28,787.2440944881889,0.0,0.0
2007-03-29,797.3211382113822,0.0,0.0
2007-03-30,782.4,0.0,0.0
2007-03-31,795.2835820895523,0.0,0.0
2007-04-01,774.5304347826087,0.0,0.0
2007-04-02,765.3224299065421,0.0,0.0
2007-04-03,726.6864111498257,0.0,0.0
2007-04-04,691.5392156862745,0.0,0.0
2007-04-05,706.5664335664336,0.0,0.0
2007-04-06,728.8253968253969,0.0,0.0
2007-04-07,677.6225296442688,0.0,0.0
2007-04-08,738.2689075630252,0.0,0.0
2007-04-09,714.3394833948339,0.0,0.0
2007-04-10,726.9933110367894,0.0,0.0
2007-04-11,696.5821428571429,0.0,0.0
2007-04-12,689.007326007326,0.0,0.0
2007-04-13,682.9494163424124,0.0,0.0
2007-04-14,698.6390532544378,0.0,0.0
2007-04-15,713.2966101694915,0.0,0.0
2007-04-16,675.0532319391635,0.0,0.0
2007-04-17,674.5040650406504,0.0,0.0
2007-04-18,650.1954022988506,0.0,0.0
2007-04-19,661.4522058823529,0.0,0.0
2007-04-20,650.1044176706828,0.0,0.0
2007-04-21,640.2596153846154,0.0,0.0
2007-04-22,637.2743362831858,0.0,0.0
2007-04-23,620.9890510948906,0.0,0.0
2007-04-24,603.9397810218978,0.0,0.0
2007-04-25,620.1719298245614,0.0,0.0
2007-04-26,630.0108225108225,0.0,0.0
2007-04-27,606.5139442231076,0.0,0.0
2007-04-28,611.1780821917808,0.0,0.0
2007-04-29,613.6842105263158,0.0,0.0
2007-04-30,629.795918367347,0.0,0.0
2007-05-01,618.87,0.0,0.0
2007-05-02,618.7688679245283,0.0,0.0
2007-05-03,607.3537906137184,0.0,0.0
2007-05-04,636.8929961089494,0.0,0.0
2007-05-05,601.3363636363637,0.0,0.0
2007-05-06,598.5086206896551,0.0,0.0
2007-05-07,579.8992805755396,0.0,0.0
2007-05-08,594.3069498069498,0.0,0.0
2007-05-09,580.014652014652,0.0,0.0
2007-05-10,573.1582491582492,0.0,0.0
2007-05-11,578.0153583617747,0.0,0.0
2007-05-12,566.1030927835052,0.0,0.0
2007-05-13,567.9230769230769,0.0,0.0
2007-05-14,546.890873015873,0.0,0.0
2007-05-15,550.9689781021898,0.0,0.0
2007-05-16,517.0941558441558,0.0,0.0
2007-05-17,533.5410447761194,0.0,0.0
2007-05-18,575.1924778761062,0.0,0.0
2007-05-19,552.8203125,0.0,0.0
2007-05-20,557.5463917525773,0.0,0.0
2007-05-21,536.3030973451328,0.0,0.0
2007-05-22,543.9768041237113,0.0,0.0
2007-05-23,525.6408163265306,0.0,0.0
2007-05-24,531.061135371179,0.0,0.0
2007-05-25,535.4609053497942,0.0,0.0
2007-05-26,506.5970149253731,0.0,0.0
2007-05-27,525.1011235955057,0.0,0.0
2007-05-28,551.7228260869565,0.0,0.0
2007-05-29,554.2169811320755,0.0,0.0
2007-05-30,541.7722772277227,0.0,0.0
2007-05-31,557.4361111111111,0.0,0.0
2007-06-01,529.4247967479674,0.0,0.0
2007-06-02,551.3766816143498,0.0,0.0
2007-06-03,562.0238095238095,0.0,0.0
2007-06-04,567.9344978165939,0.0,0.0
2007-06-05,557.226148409894,0.0,0.0
2007-06-06,547.983498349835,0.0,0.0
2007-06-07,586.9814126394052,0.0,0.0
2007-06-08,573.4950657894736,0.0,0.0
2007-06-09,576.0,0.0,0.0
2007-06-10,607.5819672131148,0.0,0.0
2007-06-11,596.8736842105263,0.0,0.0
2007-06-12,625.8,0.0,0.0
2007-06-13,597.6790540540541,0.0,0.0
2007-06-14,614.3578595317725,0.0,0.0
2007-06-15,616.1598639455782,0.0,0.0
2007-06-16,629.1718061674009,0.0,0.0
2007-06-17,656.5982142857143,0.0,0.0
2007-06-18,675.6208333333333,0.0,0.0
2007-06-19,647.5646258503401,0.0,0.0
2007-06-20,715.6538461538462,0.0,0.0
2007-06-21,719.9856115107914,0.0,0.0
2007-06-22,722.1888888888889,0.0,0.0
2007-06-23,690.1650165016501,0.0,0.0
2007-06-24,797.3693693693693,0.0,0.0
2007-06-25,771.675572519084,0.0,0.0
2007-06-26,785.5985130111524,0.0,0.0
2007-06-27,775.5485074626865,0.0,0.0
2007-06-28,787.6156583629893,0.0,0.0
2007-06-29,812.6437246963562,0.0,0.0
2007-06-30,826.0815217391304,0.0,0.0
2007-07-01,851.95,0.0,0.0
2007-07-02,823.7613636363636,0.0,0.0
2007-07-03,837.4249084249084,0.0,0.0
2007-07-04,813.3705035971223,0.0,0.0
2007-07-05,834.8489208633093,0.0,0.0
2007-07-06,861.5298804780876,0.0,0.0
2007-07-07,825.9172932330827,0.0,0.0
2007-07-08,897.0573770491803,0.0,0.0
2007-07-09,892.3862660944206,0.0,0.0
2007-07-10,870.4676258992806,0.0,0.0
2007-07-11,859.1418181818182,0.0,0.0
2007-07-12,898.5381818181818,0.0,0.0
2007-07-13,884.3901515151515,0.0,0.0
2007-07-14,885.4186046511628,0.0,0.0
2007-07-15,905.6293103448276,0.0,0.0
2007-07-16,880.4621513944223,0.0,0.0
2007-07-17,885.225,0.0,0.0
2007-07-18,871.6789297658863,0.0,0.0
2007-07-19,870.2823920265781,0.0,0.0
2007-07-20,876.1471471471472,0.0,0.0
2007-07-21,908.915611814346,0.0,0.0
2007-07-22,912.4552845528456,0.0,0.0
2007-07-23,892.0,0.0,0.0
2007-07-24,891.9520295202952,0.0,0.0
2007-07-25,885.4778156996587,0.0,0.0
2007-07-26,817.4763513513514,0.0,0.0
2007-07-27,869.3343949044586,0.0,0.0
2007-07-28,896.6212121212121,0.0,0.0
2007-07-29,953.0388349514564,0.0,0.0
2007-07-30,909.5692883895131,0.0,0.0
2007-07-31,813.9744525547445,0.0,0.0
2007-08-01,897.948275862069,0.0,0.0
2007-08-02,898.1481481481482,0.0,75.73999786376953
2007-08-03,898.5760517799353,0.0,77.05000305175781
2007-08-04,876.3942307692307,0.0,75.3499984741211
2007-08-05,951.0746268656717,0.0,75.76000213623047
2007-08-06,918.9192439862543,0.0,74.75
2007-08-07,937.3692810457517,0.0,74.75
2007-08-08,910.7578947368421,0.0,74.75
2007-08-09,917.6306306306307,0.0,71.16999816894531
2007-08-10,920.6449704142012,0.0,71.80000305175781
2007-08-11,927.8661087866109,0.0,70.98999786376953
2007-08-12,971.953488372093,0.0,70.20999908447266
2007-08-13,952.7420494699646,0.0,70.38999938964844
2007-08-14,959.8100358422939,0.0,70.38999938964844
2007-08-15,974.4122807017544,0.0,70.38999938964844
2007-08-16,975.2931506849316,0.0,70.2300033569336
2007-08-17,1053.3385579937303,0.0,70.51000213623047
2007-08-18,1055.184306569343,0.0,71.63999938964844
2007-08-19,1141.9586776859503,0.0,69.7699966430664
2007-08-20,1180.491961414791,0.0,70.44000244140625
2007-08-21,1169.4464831804282,0.0,70.44000244140625
2007-08-22,1174.6305732484077,0.0,70.44000244140625
2007-08-23,1229.6798679867986,0.0,69.8499984741211
2007-08-24,1218.8757668711658,0.0,68.69000244140625
2007-08-25,1258.296875,0.0,68.69999694824219
2007-08-26,1310.1296296296296,0.0,69.86000061035156
2007-08-27,1251.3939393939395,0.0,70.62000274658203
2007-08-28,1305.9899497487438,0.0,70.62000274658203
2007-08-29,1278.46875,0.0,70.62000274658203
2007-08-30,1296.8963636363637,0.0,70.94999694824219
2007-08-31,1285.5210970464136,0.0,70.55000305175781
2007-09-01,1298.7068965517242,0.0,72.12999725341797
2007-09-02,1272.061224489796,0.0,71.9000015258789
2007-09-03,1315.6048387096773,0.0,72.69000244140625
2007-09-04,1292.924107142857,0.0,72.69000244140625
2007-09-05,1280.8660130718954,0.0,72.69000244140625
2007-09-06,1314.5522875816994,0.0,72.69000244140625
2007-09-07,1334.9244604316548,0.0,73.91999816894531
2007-09-08,1296.0923694779117,0.0,74.33999633789062
2007-09-09,1274.6739130434783,0.0,74.7699966430664
2007-09-10,1256.3321428571428,0.0,75.06999969482422
2007-09-11,1346.557251908397,0.0,75.06999969482422
2007-09-12,1252.9796511627908,0.0,75.06999969482422
2007-09-13,1289.8603174603174,0.0,75.4800033569336
2007-09-14,1285.7314814814815,0.0,76.37999725341797
2007-09-15,1355.7238095238095,0.0,77.68000030517578
2007-09-16,1324.2374100719423,0.0,77.12000274658203
2007-09-17,1265.4914089347078,0.0,76.22000122070312
2007-09-18,1261.9851632047478,0.0,76.22000122070312
2007-09-19,1241.9239436619719,0.0,76.22000122070312
2007-09-20,1302.1235632183907,0.0,76.9800033569336
2007-09-21,1316.5849673202615,0.0,77.58999633789062
2007-09-22,1355.3372549019607,0.0,78.47000122070312
2007-09-23,1368.3253968253969,0.0,79.08999633789062
2007-09-24,1363.9674657534247,0.0,79.30000305175781
2007-09-25,1431.2132352941176,0.0,79.30000305175781
2007-09-26,1371.3839590443686,0.0,79.30000305175781
2007-09-27,1415.5973154362416,0.0,78.91000366210938
2007-09-28,1368.5637583892617,0.0,77.62000274658203
2007-09-29,1430.664,0.0,77.43000030517578
2007-09-30,1525.046511627907,0.0,80.02999877929688
2007-10-01,1527.093886462882,0.0,79.16999816894531
2007-10-02,1583.1879194630872,0.0,79.16999816894531
2007-10-03,1464.5135135135135,0.0,79.16999816894531
2007-10-04,1494.3125,0.0,77.63999938964844
2007-10-05,1466.31715210356,0.0,77.37999725341797
2007-10-06,1536.5465587044534,0.0,77.37999725341797
2007-10-07,1554.4878048780488,0.0,78.97000122070312
2007-10-08,1461.61301369863,0.0,78.9000015258789
2007-10-09,1472.4915824915824,0.0,78.9000015258789
2007-10-10,1496.148409893993,0.0,78.9000015258789
2007-10-11,1434.3545150501673,0.0,76.58000183105469
2007-10-12,1457.235294117647,0.0,77.48999786376953
2007-10-13,1386.068376068376,0.0,78.5999984741211
2007-10-14,1458.75,0.0,80.1500015258789
2007-10-15,1428.4960629921259,0.0,80.55000305175781
2007-10-16,1393.240121580547,0.0,80.55000305175781
2007-10-17,1386.860544217687,0.0,80.55000305175781
2007-10-18,1373.3498098859316,0.0,82.75
2007-10-19,1335.536121673004,0.0,83.55000305175781
2007-10-20,1346.854700854701,0.0,83.12999725341797
2007-10-21,1430.7105263157894,0.0,84.5999984741211
2007-10-22,1414.1439393939395,0.0,83.79000091552734
2007-10-23,1438.8023255813953,0.0,83.79000091552734
2007-10-24,1302.7066246056781,0.0,83.79000091552734
2007-10-25,1326.7338129496402,0.0,83.2699966430664
2007-10-26,1355.4883720930231,0.0,82.8499984741211
2007-10-27,1258.6,0.0,84.37000274658203
2007-10-28,1378.4912280701753,0.0,87.4800033569336
2007-10-29,1359.25390625,0.0,88.69000244140625
2007-10-30,1237.8112582781457,0.0,88.69000244140625
2007-10-31,1112.3206896551724,0.0,88.69000244140625
2007-11-01,1331.021645021645,0.0,90.31999969482422
2007-11-02,1278.6775510204081,0.0,87.44000244140625
2007-11-03,1197.9910313901346,0.0,90.62999725341795
2007-11-04,1172.696,0.0,89.72000122070312
2007-11-05,1195.581818181818,0.0,92.08000183105467
2007-11-06,1164.1142857142856,0.0,92.08000183105467
2007-11-07,1176.113537117904,0.0,92.08000183105467
2007-11-08,1188.7880184331798,0.0,90.48999786376952
2007-11-09,1129.3169014084508,0.0,93.26000213623048
2007-11-10,1129.517543859649,0.0,93.23999786376952
2007-11-11,1097.0934579439252,0.0,92.79000091552734
2007-11-12,1150.849765258216,0.0,93.18000030517578
2007-11-13,1127.224,0.0,93.18000030517578
2007-11-14,1035.0112359550562,0.0,93.18000030517578
2007-11-15,941.0941558441558,0.0,91.9800033569336
2007-11-16,1048.95,0.0,88.83000183105469
2007-11-17,1078.588,0.0,91.36000061035156
2007-11-18,1025.0137931034483,0.0,90.2300033569336
2007-11-19,978.7033333333334,0.0,91.62000274658205
2007-11-20,991.054794520548,0.0,91.62000274658205
2007-11-21,937.5345911949686,0.0,91.62000274658205
2007-11-22,965.514657980456,0.0,92.27999877929688
2007-11-23,940.5694915254237,0.0,95.48999786376952
2007-11-24,930.62,0.0,94.83999633789062
2007-11-25,919.8730158730159,0.0,94.83999633789062
2007-11-26,837.3258785942492,0.0,95.76000213623048
2007-11-27,915.5763358778626,0.0,95.76000213623048
2007-11-28,750.6815476190476,0.0,95.76000213623048
2007-11-29,763.5434173669468,0.0,95.31999969482422
2007-11-30,856.5125,0.0,92.5199966430664
2007-12-01,726.7435064935065,0.0,89.80999755859375
2007-12-02,769.0942028985507,0.0,90.22000122070312
2007-12-03,780.5808580858086,0.0,88.26000213623047
2007-12-04,778.2815533980582,0.0,88.26000213623047
2007-12-05,746.3766233766233,0.0,88.26000213623047
2007-12-06,761.4724919093851,0.0,89.80000305175781
2007-12-07,756.6853146853147,0.0,89.52999877929688
2007-12-08,712.1434782608695,0.0,88.48999786376953
2007-12-09,721.8863636363636,0.0,90.18000030517578
2007-12-10,692.0746753246754,0.0,88.63999938964844
2007-12-11,729.1192052980133,0.0,88.63999938964844
2007-12-12,734.1017543859649,0.0,88.63999938964844
2007-12-13,703.1530944625407,0.0,88.04000091552734
2007-12-14,677.316265060241,0.0,89.98999786376953
2007-12-15,662.5785953177258,0.0,94.0199966430664
2007-12-16,651.820895522388,0.0,92.12000274658205
2007-12-17,635.4738372093024,0.0,91.69000244140624
2007-12-18,634.1324921135647,0.0,91.69000244140624
2007-12-19,633.6028481012659,0.0,91.69000244140624
2007-12-20,623.3724832214765,0.0,91.29000091552734
2007-12-21,666.8944444444444,0.0,90.12000274658205
2007-12-22,652.4675324675325,0.0,91.4800033569336
2007-12-23,647.4330708661417,0.0,90.87999725341795
2007-12-24,624.5960264900663,0.0,92.45999908447266
2007-12-25,605.2209302325581,0.0,92.45999908447266
2007-12-26,617.1573770491804,0.0,92.45999908447266
2007-12-27,620.2079207920792,0.0,92.6999969482422
2007-12-28,614.3584229390681,0.0,92.6999969482422
2007-12-29,625.8025751072961,0.0,93.94000244140624
2007-12-30,627.362831858407,0.0,94.77999877929688
2007-12-31,582.6666666666666,0.0,93.87999725341795
2008-01-01,595.6564885496183,0.0,93.87999725341795
2008-01-02,600.8794788273616,0.0,93.87999725341795
2008-01-03,574.859375,0.0,93.8499984741211
2008-01-04,588.4184615384615,0.0,93.8499984741211
2008-01-05,585.8760683760684,0.0,97.83999633789062
2008-01-06,583.8378378378378,0.0,97.5999984741211
2008-01-07,571.8894389438943,0.0,96.79000091552734
2008-01-08,561.3311258278146,0.0,96.79000091552734
2008-01-09,564.0601265822785,0.0,96.79000091552734
2008-01-10,561.6307189542483,0.0,94.38999938964844
2008-01-11,579.3210332103321,0.0,95.54000091552734
2008-01-12,533.6476190476191,0.0,94.37000274658205
2008-01-13,542.2925170068028,0.0,92.22000122070312
2008-01-14,531.1846153846154,0.0,91.06999969482422
2008-01-15,561.0987654320987,0.0,91.06999969482422
2008-01-16,575.3861386138614,0.0,91.06999969482422
2008-01-17,580.3843648208469,0.0,92.91999816894533
2008-01-18,514.8907284768212,0.0,90.9800033569336
2008-01-19,522.2184466019418,0.0,89.5
2008-01-20,519.2928571428571,0.0,88.75
2008-01-21,536.7021276595744,0.0,89.2300033569336
2008-01-22,511.9033333333333,0.0,89.2300033569336
2008-01-23,483.32608695652175,0.0,89.2300033569336
2008-01-24,512.9572784810126,0.0,89.2300033569336
2008-01-25,497.27574750830564,0.0,88.44999694824219
2008-01-26,519.8838709677419,0.0,86.62000274658203
2008-01-27,510.7608695652174,0.0,89.06999969482422
2008-01-28,496.1016393442623,0.0,90.9000015258789
2008-01-29,500.8516129032258,0.0,90.9000015258789
2008-01-30,499.6353135313531,0.0,90.9000015258789
2008-01-31,522.34,0.0,91.37999725341795
2008-02-01,495.83388704318935,0.0,92.0
2008-02-02,469.57597173144876,0.0,92.52999877929688
2008-02-03,488.05594405594405,0.0,92.20999908447266
2008-02-04,487.7070707070707,0.0,89.44000244140625
2008-02-05,495.8942307692308,0.0,89.44000244140625
2008-02-06,479.82274247491637,0.0,89.44000244140625
2008-02-07,481.8306709265176,0.0,90.4000015258789
2008-02-08,478.2250803858521,0.0,88.81999969482422
2008-02-09,462.5068493150685,0.0,87.77999877929688
2008-02-10,490.44897959183675,0.0,88.51000213623047
2008-02-11,457.98293515358364,0.0,91.94000244140624
2008-02-12,481.6531986531987,0.0,91.94000244140624
2008-02-13,467.6149068322981,0.0,91.94000244140624
2008-02-14,455.7540453074434,0.0,93.52999877929688
2008-02-15,462.24844720496895,0.0,92.86000061035156
2008-02-16,481.590405904059,0.0,93.31999969482422
2008-02-17,484.36129032258066,0.0,95.16000366210938
2008-02-18,479.6982142857143,0.0,94.62999725341795
2008-02-19,453.6261980830671,0.0,94.62999725341795
2008-02-20,464.2922077922078,0.0,94.62999725341795
2008-02-21,458.6083650190114,0.0,94.62999725341795
2008-02-22,487.02797202797206,0.0,98.55999755859376
2008-02-23,435.6394984326019,0.0,98.41999816894533
2008-02-24,486.74615384615385,0.0,96.23999786376952
2008-02-25,453.8231707317073,0.0,97.01000213623048
2008-02-26,469.5045871559633,0.0,97.01000213623048
2008-02-27,461.2070063694268,0.0,97.01000213623048
2008-02-28,463.0474683544304,0.0,97.69000244140624
2008-02-29,469.5017301038062,0.0,99.47000122070312
2008-03-01,464.687707641196,0.0,98.2699966430664
2008-03-02,472.2641509433962,0.0,100.9000015258789
2008-03-03,472.875,0.0,100.0999984741211
2008-03-04,470.5670731707317,0.0,100.0999984741211
2008-03-05,455.11620795107035,0.0,100.0999984741211
2008-03-06,474.2009132420091,0.0,100.4800033569336
2008-03-07,469.6504854368932,0.0,97.5199966430664
2008-03-08,473.47899159663865,0.0,101.63999938964844
2008-03-09,465.14383561643837,0.0,102.61000061035156
2008-03-10,463.7781350482315,0.0,102.37999725341795
2008-03-11,481.6984615384615,0.0,102.37999725341795
2008-03-12,469.3630769230769,0.0,102.37999725341795
2008-03-13,478.2194357366771,0.0,104.16000366210938
2008-03-14,481.7483660130719,0.0,105.25
2008-03-15,498.74531835205994,0.0,106.2699966430664
2008-03-16,481.7621951219512,0.0,107.54000091552734
2008-03-17,483.1566666666667,0.0,106.1999969482422
2008-03-18,490.9967213114754,0.0,106.1999969482422
2008-03-19,484.5854430379747,0.0,106.1999969482422
2008-03-20,468.2014134275618,0.0,101.75
2008-03-21,486.88700564971754,0.0,105.55999755859376
2008-03-22,538.2844036697247,0.0,100.72000122070312
2008-03-23,503.0551181102362,0.0,100.37999725341795
2008-03-24,478.5394736842105,0.0,100.37999725341795
2008-03-25,482.03395061728395,0.0,100.37999725341795
2008-03-26,500.1896551724138,0.0,100.37999725341795
2008-03-27,509.24908424908426,0.0,99.86000061035156
2008-03-28,487.15658362989325,0.0,100.5999984741211
2008-03-29,498.03125,0.0,103.98999786376952
2008-03-30,495.4260869565217,0.0,105.0
2008-03-31,488.3143459915612,0.0,103.7699966430664
2008-04-01,493.0383275261324,0.0,103.7699966430664
2008-04-02,488.306338028169,0.0,103.7699966430664
2008-04-03,506.55956678700363,0.0,100.3000030517578
2008-04-04,506.3529411764706,0.0,100.16999816894533
2008-04-05,502.83576642335765,0.0,103.75
2008-04-06,499.1358024691358,0.0,102.5199966430664
2008-04-07,517.4905660377359,0.0,104.9000015258789
2008-04-08,525.6689419795222,0.0,104.9000015258789
2008-04-09,515.4113712374582,0.0,104.9000015258789
2008-04-10,510.76602564102564,0.0,107.13999938964844
2008-04-11,518.2432432432432,0.0,106.33999633789062
2008-04-12,505.52016129032256,0.0,108.47000122070312
2008-04-13,484.03105590062114,0.0,108.1999969482422
2008-04-14,490.07582938388623,0.0,108.75
2008-04-15,493.08088235294116,0.0,108.75
2008-04-16,505.46048109965636,0.0,108.75
2008-04-17,497.5763888888889,0.0,109.83999633789062
2008-04-18,495.82851239669424,0.0,111.58000183105467
2008-04-19,505.84328358208955,0.0,112.66000366210938
2008-04-20,484.6907894736842,0.0,112.43000030517578
2008-04-21,495.6459854014599,0.0,113.91999816894533
2008-04-22,497.2857142857143,0.0,113.91999816894533
2008-04-23,496.66021126760563,0.0,113.91999816894533
2008-04-24,480.57605177993526,0.0,114.43000030517578
2008-04-25,486.1510067114094,0.0,115.9499969482422
2008-04-26,488.6356589147287,0.0,116.45999908447266
2008-04-27,464.1439393939394,0.0,114.33999633789062
2008-04-28,475.06802721088434,0.0,116.33999633789062
2008-04-29,478.28373702422147,0.0,116.33999633789062
2008-04-30,485.2652329749104,0.0,116.33999633789062
2008-05-01,452.61785714285713,0.0,116.73999786376952
2008-05-02,459.76,0.0,113.43000030517578
2008-05-03,484.1089108910891,0.0,111.36000061035156
2008-05-04,465.0125,0.0,110.5
2008-05-05,460.8622950819672,0.0,114.55999755859376
2008-05-06,463.94498381877025,0.0,114.55999755859376
2008-05-07,448.76451612903224,0.0,114.55999755859376
2008-05-08,438.6868686868687,0.0,117.98999786376952
2008-05-09,452.0764525993884,0.0,120.30999755859376
2008-05-10,460.74900398406373,0.0,122.31999969482422
2008-05-11,454.0177514792899,0.0,122.83999633789062
2008-05-12,465.24342105263156,0.0,125.4000015258789
2008-05-13,451.6645569620253,0.0,125.4000015258789
2008-05-14,438.98248407643314,0.0,125.4000015258789
2008-05-15,466.91607142857146,0.0,122.91000366210938
2008-05-16,439.7484662576687,0.0,124.0999984741211
2008-05-17,473.45535714285717,0.0,121.86000061035156
2008-05-18,455.27777777777777,0.0,122.62999725341795
2008-05-19,467.9630996309963,0.0,124.98999786376952
2008-05-20,475.84435797665367,0.0,124.98999786376952
2008-05-21,433.57575757575756,0.0,124.98999786376952
2008-05-22,472.078853046595,0.0,125.05999755859376
2008-05-23,471.81625441696116,0.0,127.83999633789062
2008-05-24,473.16147859922177,0.0,132.6999969482422
2008-05-25,461.6467065868263,0.0,130.50999450683594
2008-05-26,480.67248062015506,0.0,131.57000732421875
2008-05-27,441.29411764705884,0.0,131.57000732421875
2008-05-28,438.56957928802586,0.0,131.57000732421875
2008-05-29,442.006600660066,0.0,131.57000732421875
2008-05-30,474.1033210332103,0.0,128.30999755859375
2008-05-31,487.3818181818182,0.0,130.92999267578125
2008-06-01,466.21153846153845,0.0,126.88999938964844
2008-06-02,450.22935779816515,0.0,127.77999877929688
2008-06-03,473.9068965517241,0.0,127.77999877929688
2008-06-04,469.59032258064514,0.0,127.77999877929688
2008-06-05,447.890243902439,0.0,128.02000427246094
2008-06-06,476.2395833333333,0.0,124.58000183105467
2008-06-07,471.4550173010381,0.0,122.0999984741211
2008-06-08,460.35502958579883,0.0,127.54000091552734
2008-06-09,474.32372881355934,0.0,137.69000244140625
2008-06-10,476.59180327868853,0.0,137.69000244140625
2008-06-11,469.2161716171617,0.0,137.69000244140625
2008-06-12,454.1880877742947,0.0,133.91000366210938
2008-06-13,478.4898305084746,0.0,131.02000427246094
2008-06-14,474.0395256916996,0.0,135.02000427246094
2008-06-15,453.73417721518985,0.0,136.08999633789062
2008-06-16,482.05054151624546,0.0,135.11000061035156
2008-06-17,475.74048442906576,0.0,135.11000061035156
2008-06-18,476.864768683274,0.0,135.11000061035156
2008-06-19,482.1347402597403,0.0,134.7100067138672
2008-06-20,499.4796875,0.0,133.72000122070312
2008-06-21,477.8140243902439,0.0,136.44000244140625
2008-06-22,488.07471264367814,0.0,132.0
2008-06-23,479.61189801699715,0.0,134.86000061035156
2008-06-24,476.59475218658895,0.0,134.86000061035156
2008-06-25,467.0896103896104,0.0,134.86000061035156
2008-06-26,528.22,0.0,135.91000366210938
2008-06-27,527.8973509933775,0.0,136.4600067138672
2008-06-28,493.0567823343849,0.0,134.3300018310547
2008-06-29,525.2708333333334,0.0,139.8300018310547
2008-06-30,468.4301242236025,0.0,140.30999755859375
2008-07-01,477.39397905759165,0.0,140.30999755859375
2008-07-02,507.1894586894587,0.0,140.30999755859375
2008-07-03,506.2076023391813,0.0,139.8300018310547
2008-07-04,524.3988603988604,0.0,140.6699981689453
2008-07-05,524.0785498489425,0.0,144.25999450683594
2008-07-06,544.8488372093024,0.0,146.0800018310547
2008-07-07,554.3805031446541,0.0,146.0800018310547
2008-07-08,532.0040760869565,0.0,146.0800018310547
2008-07-09,538.5445103857567,0.0,146.0800018310547
2008-07-10,578.8206896551724,0.0,141.8699951171875
2008-07-11,590.7986798679868,0.0,136.42999267578125
2008-07-12,573.1634980988593,0.0,136.5800018310547
2008-07-13,594.3542857142858,0.0,142.02999877929688
2008-07-14,587.3636363636364,0.0,144.49000549316406
2008-07-15,631.1610738255033,0.0,144.49000549316406
2008-07-16,588.2115942028986,0.0,144.49000549316406
2008-07-17,619.9426229508197,0.0,143.9199981689453
2008-07-18,641.1012861736334,0.0,138.75
2008-07-19,638.9124203821656,0.0,135.80999755859375
2008-07-20,636.0764705882353,0.0,131.07000732421875
2008-07-21,631.7565982404692,0.0,130.19000244140625
2008-07-22,641.8209366391185,0.0,130.19000244140625
2008-07-23,615.59375,0.0,130.19000244140625
2008-07-24,642.014880952381,0.0,132.61000061035156
2008-07-25,687.6107784431138,0.0,129.5500030517578
2008-07-26,672.4565916398714,0.0,125.29000091552734
2008-07-27,699.1027397260274,0.0,126.44000244140624
2008-07-28,676.538961038961,0.0,124.5199966430664
2008-07-29,676.2100313479624,0.0,124.5199966430664
2008-07-30,676.3873873873874,0.0,124.5199966430664
2008-07-31,771.5361702127659,0.0,125.83999633789062
2008-08-01,681.2839116719243,0.0,122.70999908447266
2008-08-02,738.5031055900621,0.0,127.0999984741211
2008-08-03,749.1585365853658,0.0,123.9800033569336
2008-08-04,770.0431893687708,0.0,124.18000030517578
2008-08-05,755.1814024390244,0.0,124.18000030517578
2008-08-06,746.8456790123457,0.0,124.18000030517578
2008-08-07,691.046925566343,0.0,120.68000030517578
2008-08-08,814.1336032388664,0.0,117.6999969482422
2008-08-09,773.855,0.0,117.0
2008-08-10,792.2635135135135,0.0,117.86000061035156
2008-08-11,817.0292887029289,0.0,113.33000183105467
2008-08-12,788.6464285714286,0.0,113.33000183105467
2008-08-13,818.4584980237154,0.0,113.33000183105467
2008-08-14,769.0426621160409,0.0,112.66999816894533
2008-08-15,852.9927536231884,0.0,111.1500015258789
2008-08-16,869.0376884422111,0.0,113.47000122070312
2008-08-17,832.8366013071895,0.0,113.68000030517578
2008-08-18,838.8967971530249,0.0,112.5500030517578
2008-08-19,850.4869281045752,0.0,112.5500030517578
2008-08-20,794.0945945945946,0.0,112.5500030517578
2008-08-21,833.2866666666666,0.0,111.94000244140624
2008-08-22,854.5760517799353,0.0,113.25
2008-08-23,851.2391304347826,0.0,114.36000061035156
2008-08-24,835.030487804878,0.0,120.16000366210938
2008-08-25,817.2292993630573,0.0,113.91999816894533
2008-08-26,822.4139941690962,0.0,113.91999816894533
2008-08-27,795.4640718562874,0.0,113.91999816894533
2008-08-28,808.945558739255,0.0,114.02999877929688
2008-08-29,826.704268292683,0.0,114.62999725341795
2008-08-30,842.0936329588015,0.0,116.22000122070312
2008-08-31,864.7016129032259,0.0,114.16999816894533
2008-09-01,810.207100591716,0.0,114.0500030517578
2008-09-02,788.4786096256685,0.0,114.0500030517578
2008-09-03,844.4280575539568,0.0,114.0500030517578
2008-09-04,782.4676056338028,0.0,114.0500030517578
2008-09-05,834.096463022508,0.0,108.33999633789062
2008-09-06,825.0671140939597,0.0,108.05999755859376
2008-09-07,836.5555555555555,0.0,106.3000030517578
2008-09-08,795.9014925373134,0.0,104.08999633789062
2008-09-09,779.566765578635,0.0,104.08999633789062
2008-09-10,782.6497005988024,0.0,104.08999633789062
2008-09-11,812.3645484949833,0.0,103.44000244140624
2008-09-12,839.3986710963455,0.0,100.33999633789062
2008-09-13,815.4417670682731,0.0,98.97000122070312
2008-09-14,823.0875,0.0,97.63999938964844
2008-09-15,842.8767605633802,0.0,97.58000183105467
2008-09-16,831.4533333333334,0.0,97.58000183105467
2008-09-17,815.2,0.0,97.58000183105467
2008-09-18,827.2456445993031,0.0,94.23999786376952
2008-09-19,835.9438596491228,0.0,89.22000122070312
2008-09-20,833.0989010989011,0.0,94.83999633789062
2008-09-21,831.2228571428572,0.0,95.19000244140624
2008-09-22,788.5,0.0,99.61000061035156
2008-09-23,828.9565217391304,0.0,99.61000061035156
2008-09-24,792.5777777777778,0.0,99.61000061035156
2008-09-25,817.8273615635179,0.0,106.04000091552734
2008-09-26,802.2152317880794,0.0,103.08000183105467
2008-09-27,797.4280442804428,0.0,102.4499969482422
2008-09-28,833.6805555555555,0.0,104.5999984741211
2008-09-29,782.6566666666666,0.0,103.54000091552734
2008-09-30,762.6171617161716,0.0,103.54000091552734
2008-10-01,730.3931398416887,0.0,103.54000091552734
2008-10-02,804.4338235294117,0.0,93.9800033569336
2008-10-03,817.7170418006431,0.0,98.16999816894533
2008-10-04,790.2019867549669,0.0,95.33000183105467
2008-10-05,810.5900621118012,0.0,90.55999755859376
2008-10-06,806.9674267100977,0.0,90.25
2008-10-07,773.1441176470588,0.0,90.25
2008-10-08,796.2816326530613,0.0,90.25
2008-10-09,820.6634615384615,0.0,83.68000030517578
2008-10-10,822.5396825396825,0.0,84.66000366210938
2008-10-11,811.0079365079365,0.0,84.36000061035156
2008-10-12,852.5757575757576,0.0,82.66000366210938
2008-10-13,785.4793388429752,0.0,74.08999633789062
2008-10-14,808.2945736434109,0.0,74.08999633789062
2008-10-15,756.7720364741641,0.0,74.08999633789062
2008-10-16,782.754491017964,0.0,77.45999908447266
2008-10-17,827.0744985673352,0.0,74.52999877929688
2008-10-18,831.7446043165468,0.0,70.80000305175781
2008-10-19,827.796052631579,0.0,70.80000305175781
2008-10-20,782.0608695652174,0.0,69.5999984741211
2008-10-21,768.7486187845304,0.0,69.5999984741211
2008-10-22,755.8649425287356,0.0,69.5999984741211
2008-10-23,756.9577039274925,0.0,72.02999877929688
2008-10-24,762.9770114942529,0.0,69.72000122070312
2008-10-25,733.595818815331,0.0,64.5199966430664
2008-10-26,826.7794117647059,0.0,65.91999816894531
2008-10-27,827.1607843137255,0.0,62.04999923706055
2008-10-28,835.3743016759777,0.0,62.04999923706055
2008-10-29,882.986301369863,0.0,62.04999923706055
2008-10-30,789.0,0.0,61.40999984741211
2008-10-31,778.7133333333334,0.0,60.290000915527344
2008-11-01,836.6463878326996,0.0,65.47000122070312
2008-11-02,862.9239766081871,0.0,63.709999084472656
2008-11-03,842.9400630914827,0.0,65.31999969482422
2008-11-04,867.1415384615385,0.0,65.31999969482422
2008-11-05,857.8794788273616,0.0,65.31999969482422
2008-11-06,883.3915662650602,0.0,60.47999954223633
2008-11-07,870.5877976190476,0.0,66.44000244140625
2008-11-08,847.693661971831,0.0,61.869998931884766
2008-11-09,913.6153846153846,0.0,57.43000030517578
2008-11-10,892.370820668693,0.0,57.34999847412109
2008-11-11,883.6767123287672,0.0,57.34999847412109
2008-11-12,894.6311239193084,0.0,57.34999847412109
2008-11-13,1003.8477272727273,0.0,59.08000183105469
2008-11-14,979.6505681818181,0.0,55.709999084472656
2008-11-15,983.9527272727273,0.0,52.369998931884766
2008-11-16,1050.474025974026,0.0,52.369998931884766
2008-11-17,940.874269005848,0.0,54.2400016784668
2008-11-18,973.2843450479234,0.0,54.2400016784668
2008-11-19,972.6666666666666,0.0,54.2400016784668
2008-11-20,1000.6287425149701,0.0,52.310001373291016
2008-11-21,1006.2870090634441,0.0,51.84000015258789
2008-11-22,1002.9415807560138,0.0,51.720001220703125
2008-11-23,1099.0595238095239,0.0,48.08000183105469
2008-11-24,1061.4875886524824,0.0,49.18999862670898
2008-11-25,1008.4212962962963,0.0,49.18999862670898
2008-11-26,1013.2010582010582,0.0,49.18999862670898
2008-11-27,1129.3964285714285,0.0,53.93000030517578
2008-11-28,1056.7460815047023,0.0,50.34999847412109
2008-11-29,1023.1302681992337,0.0,53.91999816894531
2008-11-30,1099.8,0.0,53.91999816894531
2008-12-01,1031.3805732484077,0.0,53.4900016784668
2008-12-02,1058.55,0.0,53.4900016784668
2008-12-03,1082.0523076923077,0.0,53.4900016784668
2008-12-04,1038.5428571428572,0.0,47.970001220703125
2008-12-05,1072.3506289308177,0.0,45.43999862670898
2008-12-06,1010.1441717791411,0.0,45.43999862670898
2008-12-07,1107.888888888889,0.0,42.27999877929688
2008-12-08,1122.9275862068966,0.0,39.7400016784668
2008-12-09,1144.2380952380952,0.0,39.7400016784668
2008-12-10,1021.1913043478261,0.0,39.7400016784668
2008-12-11,1040.6402439024391,0.0,43.41999816894531
2008-12-12,1065.3642172523962,0.0,41.52999877929688
2008-12-13,1073.606884057971,0.0,42.400001525878906
2008-12-14,1145.1408045977012,0.0,47.38999938964844
2008-12-15,1049.5795454545455,0.0,46.40999984741211
2008-12-16,1114.45530726257,0.0,46.40999984741211
2008-12-17,1100.0607902735562,0.0,46.40999984741211
2008-12-18,1089.4169278996865,0.0,44.59999847412109
2008-12-19,1051.2657142857142,0.0,44.59999847412109
2008-12-20,1156.9538461538461,0.0,45.52999877929688
2008-12-21,1111.8407643312103,0.0,43.36000061035156
2008-12-22,1071.4674556213017,0.0,44.0
2008-12-23,1090.98,0.0,44.0
2008-12-24,1112.8835616438357,0.0,44.0
2008-12-25,1110.8557692307693,0.0,41.45000076293945
2008-12-26,1140.2066666666667,0.0,40.36000061035156
2008-12-27,1121.1061224489797,0.0,36.61000061035156
2008-12-28,1157.2137404580153,0.0,36.61000061035156
2008-12-29,1214.4833948339483,0.0,38.369998931884766
2008-12-30,1200.5217391304348,0.0,38.369998931884766
2008-12-31,1250.506329113924,0.0,38.369998931884766
2009-01-01,1256.2595155709344,0.0,40.54999923706055
2009-01-02,1191.1863517060367,0.0,40.150001525878906
2009-01-03,1272.32,0.0,45.59000015258789
2009-01-04,1256.9421052631578,0.0,45.59000015258789
2009-01-05,1270.8107255520504,0.0,46.90999984741211
2009-01-06,1241.2456896551723,0.0,46.90999984741211
2009-01-07,1272.5302593659942,0.0,46.90999984741211
2009-01-08,1336.079365079365,0.0,49.619998931884766
2009-01-09,1282.9085872576177,0.0,50.52999877929688
2009-01-10,1309.6786885245901,0.0,45.86000061035156
2009-01-11,1361.9886363636363,0.0,44.66999816894531
2009-01-12,1356.452887537994,0.0,44.41999816894531
2009-01-13,1283.4366925064598,0.0,44.41999816894531
2009-01-14,1345.39649122807,0.0,44.41999816894531
2009-01-15,1298.6151685393259,0.0,42.90999984741211
2009-01-16,1255.8629032258063,0.0,44.83000183105469
2009-01-17,1290.7169811320755,0.0,45.08000183105469
2009-01-18,1360.322033898305,0.0,45.08000183105469
2009-01-19,1277.710796915167,0.0,46.56999969482422
2009-01-20,1297.8208020050126,0.0,46.56999969482422
2009-01-21,1285.121212121212,0.0,46.56999969482422
2009-01-22,1274.1185983827493,0.0,46.56999969482422
2009-01-23,1247.887399463807,0.0,43.619998931884766
2009-01-24,1238.3924731182797,0.0,45.02000045776367
2009-01-25,1360.3,0.0,45.38999938964844
2009-01-26,1362.7272727272727,0.0,48.369998931884766
2009-01-27,1196.190934065934,0.0,48.369998931884766
2009-01-28,1208.4921465968587,0.0,48.369998931884766
2009-01-29,1190.1911764705883,0.0,46.959999084472656
2009-01-30,1185.0732394366198,0.0,43.72999954223633
2009-01-31,1169.218992248062,0.0,44.900001525878906
2009-02-01,1262.035294117647,0.0,45.400001525878906
2009-02-02,1160.719887955182,0.0,45.880001068115234
2009-02-03,1107.9061662198392,0.0,45.880001068115234
2009-02-04,1122.717616580311,0.0,45.880001068115234
2009-02-05,1086.0736040609138,0.0,43.81999969482422
2009-02-06,1141.4094387755101,0.0,44.08000183105469
2009-02-07,1176.4884726224784,0.0,44.150001525878906
2009-02-08,1173.2841530054645,0.0,46.459999084472656
2009-02-09,1158.9147157190635,0.0,46.209999084472656
2009-02-10,1111.2340720221607,0.0,46.209999084472656
2009-02-11,1120.5511811023623,0.0,46.209999084472656
2009-02-12,1144.75956284153,0.0,46.02000045776367
2009-02-13,1076.436507936508,0.0,44.61000061035156
2009-02-14,1076.002824858757,0.0,44.27999877929688
2009-02-15,1154.1297297297297,0.0,44.27999877929688
2009-02-16,1067.2513513513513,0.0,46.2599983215332
2009-02-17,1075.549071618037,0.0,46.2599983215332
2009-02-18,1099.5626666666667,0.0,46.2599983215332
2009-02-19,1147.139393939394,0.0,46.2599983215332
2009-02-20,1074.8567774936062,0.0,42.45000076293945
2009-02-21,1127.4742857142858,0.0,40.75
2009-02-22,1179.1575757575758,0.0,43.27999877929688
2009-02-23,1211.8301886792453,0.0,43.13999938964844
2009-02-24,1230.755072463768,0.0,43.13999938964844
2009-02-25,1145.7512315270935,0.0,43.13999938964844
2009-02-26,1170.6881188118812,0.0,42.36000061035156
2009-02-27,1233.405247813411,0.0,43.84000015258789
2009-02-28,1166.2591463414635,0.0,45.41999816894531
2009-03-01,1223.1375661375662,0.0,47.61000061035156
2009-03-02,1168.5826771653544,0.0,47.20000076293945
2009-03-03,1169.510582010582,0.0,47.20000076293945
2009-03-04,1157.5121951219512,0.0,47.20000076293945
2009-03-05,1162.2905027932961,0.0,43.15999984741211
2009-03-06,1125.1148825065275,0.0,44.560001373291016
2009-03-07,1189.6633333333334,0.0,46.9900016784668
2009-03-08,1183.994011976048,0.0,44.77999877929688
2009-03-09,1121.0561403508773,0.0,45.93999862670898
2009-03-10,1155.8691588785048,0.0,45.93999862670898
2009-03-11,1154.7533333333333,0.0,45.93999862670898
2009-03-12,1063.8522727272727,0.0,45.34999847412109
2009-03-13,1076.9365558912386,0.0,45.150001525878906
2009-03-14,1079.7541528239203,0.0,42.54999923706055
2009-03-15,1105.6989247311828,0.0,46.20000076293945
2009-03-16,1061.927113702624,0.0,45.880001068115234
2009-03-17,1045.7131147540983,0.0,45.880001068115234
2009-03-18,1042.876404494382,0.0,45.880001068115234
2009-03-19,1039.3983516483515,0.0,46.459999084472656
2009-03-20,1001.6037234042553,0.0,48.2400016784668
2009-03-21,1007.4849397590361,0.0,47.65999984741211
2009-03-22,1023.3020833333334,0.0,50.66999816894531
2009-03-23,994.5765765765766,0.0,51.220001220703125
2009-03-24,953.1747851002865,0.0,51.220001220703125
2009-03-25,930.9322033898305,0.0,51.220001220703125
2009-03-26,943.0828402366864,0.0,53.470001220703125
2009-03-27,939.6043165467626,0.0,53.5
2009-03-28,933.2892857142857,0.0,51.75
2009-03-29,877.6016949152543,0.0,53.459999084472656
2009-03-30,897.702875399361,0.0,51.97999954223633
2009-03-31,880.8530465949821,0.0,51.97999954223633
2009-04-01,851.0501567398119,0.0,51.97999954223633
2009-04-02,864.3699421965318,0.0,47.9900016784668
2009-04-03,857.4859154929577,0.0,49.22999954223633
2009-04-04,841.8549848942598,0.0,48.43999862670898
2009-04-05,846.7704081632653,0.0,52.75
2009-04-06,821.4818731117825,0.0,53.470001220703125
2009-04-07,825.86,0.0,53.470001220703125
2009-04-08,791.1946902654868,0.0,53.470001220703125
2009-04-09,796.1277258566978,0.0,52.2400016784668
2009-04-10,789.8982456140351,0.0,51.220001220703125
2009-04-11,786.4965753424658,0.0,51.59000015258789
2009-04-12,805.1587301587301,0.0,54.060001373291016
2009-04-13,783.1296296296297,0.0,54.060001373291016
2009-04-14,769.9367588932806,0.0,54.060001373291016
2009-04-15,773.0190476190476,0.0,54.060001373291016
2009-04-16,780.2852459016393,0.0,52.13999938964844
2009-04-17,785.8136645962733,0.0,51.959999084472656
2009-04-18,785.25,0.0,51.959999084472656
2009-04-19,793.5760869565217,0.0,51.959999084472656
2009-04-20,792.21974522293,0.0,51.959999084472656
2009-04-21,770.9072847682119,0.0,51.959999084472656
2009-04-22,763.006329113924,0.0,51.959999084472656
2009-04-23,757.1259124087592,0.0,51.959999084472656
2009-04-24,756.004854368932,0.0,51.959999084472656
2009-04-25,763.5035087719298,0.0,51.959999084472656
2009-04-26,758.1875,0.0,51.959999084472656
2009-04-27,764.5833333333334,0.0,51.959999084472656
2009-04-28,725.7,0.0,51.959999084472656
2009-04-29,716.015873015873,0.0,51.959999084472656
2009-04-30,719.83125,0.0,51.959999084472656
2009-05-01,721.4981132075471,0.0,51.959999084472656
2009-05-02,704.5151057401813,0.0,51.959999084472656
2009-05-03,689.2460732984293,0.0,51.959999084472656
2009-05-04,700.3940298507463,0.0,52.84999847412109
2009-05-05,696.88,0.0,52.84999847412109
2009-05-06,699.4548387096775,0.0,52.84999847412109
2009-05-07,696.2013651877133,0.0,54.58000183105469
2009-05-08,683.664596273292,0.0,54.119998931884766
2009-05-09,689.3591836734694,0.0,56.150001525878906
2009-05-10,685.7704918032787,0.0,56.470001220703125
2009-05-11,697.6069182389937,0.0,58.13999938964844
2009-05-12,690.8175895765472,0.0,58.13999938964844
2009-05-13,668.3828996282527,0.0,58.13999938964844
2009-05-14,673.437908496732,0.0,57.47999954223633
2009-05-15,680.8129251700681,0.0,57.93999862670898
2009-05-16,695.7213740458016,0.0,57.34000015258789
2009-05-17,683.120253164557,0.0,57.34000015258789
2009-05-18,695.9711538461538,0.0,55.97999954223633
2009-05-19,694.7334384858044,0.0,55.97999954223633
2009-05-20,683.4792332268371,0.0,55.97999954223633
2009-05-21,679.3109375,0.0,58.470001220703125
2009-05-22,692.7686335403727,0.0,58.91999816894531
2009-05-23,681.4054054054054,0.0,60.59000015258789
2009-05-24,660.5527950310559,0.0,59.93000030517578
2009-05-25,707.5897435897435,0.0,60.77999877929688
2009-05-26,671.7449324324324,0.0,60.77999877929688
2009-05-27,687.9864864864865,0.0,60.77999877929688
2009-05-28,675.8564356435644,0.0,60.77999877929688
2009-05-29,712.9705882352941,0.0,61.2400016784668
2009-05-30,728.9575892857143,0.0,62.5
2009-05-31,735.3644859813085,0.0,64.38999938964844
2009-06-01,709.0203389830508,0.0,65.5199966430664
2009-06-02,699.9742765273312,0.0,65.5199966430664
2009-06-03,715.3741935483871,0.0,65.5199966430664
2009-06-04,731.7491803278689,0.0,67.97000122070312
2009-06-05,731.8559870550162,0.0,68.16999816894531
2009-06-06,724.8251748251748,0.0,65.87999725341797
2009-06-07,723.6012658227849,0.0,68.70999908447266
2009-06-08,744.1677419354838,0.0,68.33999633789062
2009-06-09,734.0920245398773,0.0,68.33999633789062
2009-06-10,737.003164556962,0.0,68.33999633789062
2009-06-11,739.984520123839,0.0,67.87999725341797
2009-06-12,752.198738170347,0.0,69.62000274658203
2009-06-13,736.516393442623,0.0,70.80000305175781
2009-06-14,731.5506329113924,0.0,71.79000091552734
2009-06-15,753.7791044776119,0.0,70.91999816894531
2009-06-16,763.4185303514377,0.0,70.91999816894531
2009-06-17,766.8979591836735,0.0,70.91999816894531
2009-06-18,762.8524096385543,0.0,69.44000244140625
2009-06-19,774.7673716012084,0.0,70.23999786376953
2009-06-20,765.4083333333333,0.0,70.8499984741211
2009-06-21,748.3435582822086,0.0,71.05999755859375
2009-06-22,768.2764505119454,0.0,69.19000244140625
2009-06-23,761.7928802588997,0.0,69.19000244140625
2009-06-24,761.3908794788274,0.0,69.19000244140625
2009-06-25,778.0684039087948,0.0,66.9800033569336
2009-06-26,776.1121794871794,0.0,68.80000305175781
2009-06-27,770.982206405694,0.0,68.33000183105469
2009-06-28,787.956834532374,0.0,69.77999877929688
2009-06-29,790.914590747331,0.0,68.91999816894531
2009-06-30,789.6153846153846,0.0,68.91999816894531
2009-07-01,808.88125,0.0,68.91999816894531
2009-07-02,801.0542168674699,0.0,70.98999786376953
2009-07-03,804.6355421686746,0.0,69.30000305175781
2009-07-04,827.7708978328174,0.0,68.79000091552734
2009-07-05,798.7650273224044,0.0,66.6500015258789
2009-07-06,813.5030487804878,0.0,66.6500015258789
2009-07-07,840.2712933753943,0.0,66.6500015258789
2009-07-08,813.3512747875354,0.0,66.6500015258789
2009-07-09,833.0027932960894,0.0,64.05000305175781
2009-07-10,823.2086956521739,0.0,63.22999954223633
2009-07-11,815.9127272727272,0.0,60.43000030517578
2009-07-12,830.8514285714285,0.0,61.09999847412109
2009-07-13,833.7787610619469,0.0,60.52000045776367
2009-07-14,846.7151162790698,0.0,60.52000045776367
2009-07-15,822.9638554216867,0.0,60.52000045776367
2009-07-16,823.9853372434018,0.0,60.68999862670898
2009-07-17,832.859649122807,0.0,60.86000061035156
2009-07-18,854.4121212121212,0.0,63.09000015258789
2009-07-19,815.7245508982036,0.0,63.09000015258789
2009-07-20,830.2248520710059,0.0,65.37999725341797
2009-07-21,831.7904761904762,0.0,65.37999725341797
2009-07-22,830.7578616352201,0.0,65.37999725341797
2009-07-23,821.462783171521,0.0,66.44000244140625
2009-07-24,849.7619047619048,0.0,66.87000274658203
2009-07-25,835.6233766233767,0.0,67.20999908447266
2009-07-26,840.4295302013422,0.0,69.25
2009-07-27,836.2635542168674,0.0,70.31999969482422
2009-07-28,835.3556547619048,0.0,70.31999969482422
2009-07-29,829.8628048780488,0.0,70.31999969482422
2009-07-30,822.6210191082803,0.0,70.80999755859375
2009-07-31,818.8666666666667,0.0,69.87999725341797
2009-08-01,840.0586419753087,0.0,66.52999877929688
2009-08-02,784.6130952380952,0.0,70.11000061035156
2009-08-03,813.9717514124294,0.0,71.69999694824219
2009-08-04,812.9629629629629,0.0,71.69999694824219
2009-08-05,847.3379310344827,0.0,71.69999694824219
2009-08-06,835.3011695906433,0.0,73.55000305175781
2009-08-07,827.7478005865103,0.0,74.27999877929688
2009-08-08,805.8191489361702,0.0,75.51000213623047
2009-08-09,833.6309523809524,0.0,74.83000183105469
2009-08-10,871.620578778135,0.0,73.58999633789062
2009-08-11,877.0123839009287,0.0,73.58999633789062
2009-08-12,854.933734939759,0.0,73.58999633789062
2009-08-13,854.3186119873817,0.0,73.5
2009-08-14,885.0078125,0.0,72.45999908447266
2009-08-15,865.8367346938776,0.0,72.88999938964844
2009-08-16,854.4181818181818,0.0,73.4800033569336
2009-08-17,885.6498422712933,0.0,72.41000366210938
2009-08-18,865.2256097560976,0.0,72.41000366210938
2009-08-19,884.0436241610738,0.0,72.41000366210938
2009-08-20,890.8102893890675,0.0,70.54000091552734
2009-08-21,871.7098765432099,0.0,72.37000274658203
2009-08-22,863.2751677852349,0.0,74.58999633789062
2009-08-23,854.62893081761,0.0,73.33000183105469
2009-08-24,889.6208053691275,0.0,74.19000244140625
2009-08-25,874.307210031348,0.0,74.19000244140625
2009-08-26,866.1137724550898,0.0,74.19000244140625
2009-08-27,884.3226744186046,0.0,74.26000213623047
2009-08-28,881.2724637681159,0.0,71.81999969482422
2009-08-29,875.4272151898734,0.0,71.6500015258789
2009-08-30,856.6376811594203,0.0,72.51000213623047
2009-08-31,886.3367346938776,0.0,72.79000091552734
2009-09-01,877.1223880597015,0.0,72.79000091552734
2009-09-02,878.6734693877551,0.0,72.79000091552734
2009-09-03,904.6102719033232,0.0,69.6500015258789
2009-09-04,896.4198717948718,0.0,67.7300033569336
2009-09-05,888.0552147239264,0.0,67.66000366210938
2009-09-06,866.2542372881356,0.0,67.12000274658203
2009-09-07,884.7777777777778,0.0,66.81999969482422
2009-09-08,896.1361111111111,0.0,66.81999969482422
2009-09-09,876.1407624633431,0.0,66.81999969482422
2009-09-10,881.8861111111111,0.0,66.81999969482422
2009-09-11,879.1921921921922,0.0,69.41999816894531
2009-09-12,860.4133333333333,0.0,69.83000183105469
2009-09-13,865.8469945355191,0.0,69.86000061035156
2009-09-14,873.7564102564103,0.0,67.69000244140625
2009-09-15,878.0599415204679,0.0,67.69000244140625
2009-09-16,861.4928977272727,0.0,67.69000244140625
2009-09-17,873.7328358208955,0.0,67.44000244140625
2009-09-18,907.9756493506494,0.0,67.44000244140625
2009-09-19,890.4158415841584,0.0,71.66999816894531
2009-09-20,894.2840236686391,0.0,71.55000305175781
2009-09-21,904.2584745762712,0.0,71.31999969482422
2009-09-22,880.7434402332361,0.0,71.31999969482422
2009-09-23,891.1268011527377,0.0,71.31999969482422
2009-09-24,887.2749244712991,0.0,68.69000244140625
2009-09-25,894.4158075601374,0.0,70.52999877929688
2009-09-26,879.9706959706959,0.0,67.98999786376953
2009-09-27,902.9111111111112,0.0,64.81999969482422
2009-09-28,892.7889908256881,0.0,65.11000061035156
2009-09-29,920.4303797468355,0.0,65.11000061035156
2009-09-30,947.7220338983051,0.0,65.11000061035156
2009-10-01,1002.560393258427,0.0,65.54000091552734
2009-10-02,1077.962962962963,0.0,65.48999786376953
2009-10-03,1148.462382445141,0.0,69.06999969482422
2009-10-04,1242.0903614457832,0.0,69.19000244140625
2009-10-05,1333.5234159779613,0.0,68.06999969482422
2009-10-06,1427.6606648199445,0.0,68.06999969482422
2009-10-07,1431.1576086956522,0.0,68.06999969482422
2009-10-08,1469.7346666666667,0.0,68.04000091552734
2009-10-09,1500.3788732394366,0.0,68.55999755859375
2009-10-10,1491.9842657342658,0.0,67.19999694824219
2009-10-11,1507.3789808917197,0.0,69.7699966430664
2009-10-12,1469.6177325581396,0.0,70.0
2009-10-13,1499.1282467532467,0.0,70.0
2009-10-14,1465.8392857142858,0.0,70.0
2009-10-15,1502.1626865671642,0.0,71.36000061035156
2009-10-16,1512.3411949685535,0.0,72.4000015258789
2009-10-17,1465.533163265306,0.0,73.0999984741211
2009-10-18,1536.6391304347826,0.0,73.0999984741211
2009-10-19,1559.280876494024,0.0,76.98999786376953
2009-10-20,1491.420634920635,0.0,76.98999786376953
2009-10-21,1497.738872403561,0.0,76.98999786376953
2009-10-22,1468.4614243323442,0.0,77.7699966430664
2009-10-23,1467.1054913294797,0.0,77.23999786376953
2009-10-24,1455.3996655518395,0.0,79.69000244140625
2009-10-25,1469.843949044586,0.0,79.51000213623047
2009-10-26,1461.0028985507247,0.0,78.91999816894531
2009-10-27,1474.5663716814158,0.0,78.91999816894531
2009-10-28,1475.5,0.0,78.91999816894531
2009-10-29,1499.9121212121213,0.0,77.26000213623047
2009-10-30,1502.112426035503,0.0,77.91999816894531
2009-10-31,1508.2851711026617,0.0,75.86000061035156
2009-11-01,1518.3602484472049,0.0,78.04000091552734
2009-11-02,1459.1696750902527,0.0,75.19999694824219
2009-11-03,1470.9636627906978,0.0,75.19999694824219
2009-11-04,1431.9894736842105,0.0,75.19999694824219
2009-11-05,1468.4407713498622,0.0,76.55000305175781
2009-11-06,1427.6062992125985,0.0,78.11000061035156
2009-11-07,1424.0103244837758,0.0,78.88999938964844
2009-11-08,1451.094827586207,0.0,77.98999786376953
2009-11-09,1410.6045845272206,0.0,75.87000274658203
2009-11-10,1426.0365168539327,0.0,75.87000274658203
2009-11-11,1434.5356125356125,0.0,75.87000274658203
2009-11-12,1447.5730659025787,0.0,77.7699966430664
2009-11-13,1461.149295774648,0.0,77.5
2009-11-14,1410.3034482758621,0.0,77.94999694824219
2009-11-15,1464.6097560975609,0.0,76.0199966430664
2009-11-16,1484.0506134969326,0.0,75.55000305175781
2009-11-17,1521.5972222222222,0.0,75.55000305175781
2009-11-18,1521.1383285302593,0.0,75.55000305175781
2009-11-19,1578.9419889502763,0.0,78.76000213623047
2009-11-20,1547.6620111731843,0.0,78.97000122070312
2009-11-21,1545.1561561561562,0.0,79.47000122070312
2009-11-22,1499.3628048780488,0.0,77.63999938964844
2009-11-23,1509.537356321839,0.0,77.19999694824219
2009-11-24,1511.1486068111456,0.0,77.19999694824219
2009-11-25,1510.0027700831024,0.0,77.19999694824219
2009-11-26,1514.1594594594594,0.0,77.45999908447266
2009-11-27,1473.8006042296072,0.0,76.45999908447266
2009-11-28,1507.8497854077252,0.0,78.44000244140625
2009-11-29,1421.928057553957,0.0,78.44000244140625
2009-11-30,1466.26821192053,0.0,77.18000030517578
2009-12-01,1517.0792682926829,0.0,77.18000030517578
2009-12-02,1500.6887608069164,0.0,77.18000030517578
2009-12-03,1527.3168044077136,0.0,78.47000122070312
2009-12-04,1506.134670487106,0.0,79.3499984741211
2009-12-05,1495.1180124223602,0.0,77.87999725341797
2009-12-06,1429.4254143646408,0.0,78.36000061035156
2009-12-07,1544.8121387283236,0.0,77.5199966430664
2009-12-08,1544.7914285714285,0.0,77.5199966430664
2009-12-09,1481.9423631123918,0.0,77.5199966430664
2009-12-10,1485.978082191781,0.0,76.43000030517578
2009-12-11,1431.8546511627908,0.0,75.19000244140625
2009-12-12,1371.976510067114,0.0,72.38999938964844
2009-12-13,1366.4514285714286,0.0,71.86000061035156
2009-12-14,1441.327397260274,0.0,71.87999725341797
2009-12-15,1458.0852601156068,0.0,71.87999725341797
2009-12-16,1371.7976878612717,0.0,71.87999725341797
2009-12-17,1359.2062841530055,0.0,71.88999938964844
2009-12-18,1428.174515235457,0.0,72.05000305175781
2009-12-19,1416.8851963746224,0.0,73.55000305175781
2009-12-20,1457.8,0.0,73.37000274658203
2009-12-21,1462.7442528735633,0.0,73.75
2009-12-22,1525.6051136363637,0.0,73.75
2009-12-23,1491.2833333333333,0.0,73.75
2009-12-24,1509.2865853658536,0.0,72.98999786376953
2009-12-25,1434.8215767634854,0.0,73.45999908447266
2009-12-26,1523.1208053691275,0.0,75.44999694824219
2009-12-27,1448.781690140845,0.0,76.30999755859375
2009-12-28,1515.6190476190477,0.0,76.30999755859375
2009-12-29,1466.9750830564783,0.0,76.30999755859375
2009-12-30,1492.2718446601941,0.0,76.30999755859375
2009-12-31,1473.5764925373135,0.0,77.31999969482422
2010-01-01,1489.0348189415042,0.0,77.63999938964844
2010-01-02,1467.4985632183907,0.0,78.02999877929688
2010-01-03,1406.3994565217392,0.0,77.93000030517578
2010-01-04,1473.5972602739726,0.0,77.93000030517578
2010-01-05,1442.2113095238096,0.0,77.93000030517578
2010-01-06,1439.4869109947645,0.0,77.93000030517578
2010-01-07,1412.2896825396826,0.0,80.12000274658203
2010-01-08,1471.0343915343915,0.0,80.58999633789062
2010-01-09,1380.7861842105262,0.0,81.88999938964844
2010-01-10,1369.1711229946525,0.0,81.51000213623047
2010-01-11,1381.6957671957673,0.0,81.37000274658203
2010-01-12,1387.4906914893618,0.0,81.37000274658203
2010-01-13,1365.011049723757,0.0,81.37000274658203
2010-01-14,1433.1902356902358,0.0,80.97000122070312
2010-01-15,1403.8907692307691,0.0,79.30000305175781
2010-01-16,1363.427397260274,0.0,78.30999755859375
2010-01-17,1353.857142857143,0.0,77.81999969482422
2010-01-18,1351.4139784946237,0.0,77.11000061035156
2010-01-19,1374.1167979002626,0.0,77.11000061035156
2010-01-20,1356.8945945945945,0.0,77.11000061035156
2010-01-21,1385.4729381443299,0.0,77.11000061035156
2010-01-22,1401.3693931398416,0.0,77.62999725341797
2010-01-23,1383.8251366120219,0.0,76.31999969482422
2010-01-24,1344.0497512437812,0.0,74.58000183105469
2010-01-25,1352.971052631579,0.0,72.83000183105469
2010-01-26,1370.1871921182267,0.0,72.83000183105469
2010-01-27,1361.6184538653367,0.0,72.83000183105469
2010-01-28,1373.7562189054727,0.0,73.69000244140625
2010-01-29,1398.0958904109589,0.0,73.29000091552734
2010-01-30,1346.1703821656051,0.0,72.23999786376953
2010-01-31,1357.0308219178082,0.0,72.12999725341797
2010-02-01,1369.31640625,0.0,71.45999908447266
2010-02-02,1351.7730582524273,0.0,71.45999908447266
2010-02-03,1359.6635294117648,0.0,71.45999908447266
2010-02-04,1334.3103448275863,0.0,73.11000061035156
2010-02-05,1340.7116788321168,0.0,76.05999755859375
2010-02-06,1321.8656914893618,0.0,75.91999816894531
2010-02-07,1326.8967136150234,0.0,72.12999725341797
2010-02-08,1361.1767554479418,0.0,69.58999633789062
2010-02-09,1330.9183168316831,0.0,69.58999633789062
2010-02-10,1324.334975369458,0.0,69.58999633789062
2010-02-11,1321.8852657004832,0.0,70.11000061035156
2010-02-12,1349.0996503496503,0.0,72.12999725341797
2010-02-13,1309.0311475409835,0.0,72.54000091552734
2010-02-14,1304.2302325581395,0.0,73.05000305175781
2010-02-15,1299.858353510896,0.0,72.9000015258789
2010-02-16,1290.8455882352941,0.0,72.9000015258789
2010-02-17,1275.2196029776676,0.0,72.9000015258789
2010-02-18,1263.3961813842482,0.0,72.9000015258789
2010-02-19,1262.9844559585492,0.0,75.68000030517578
2010-02-20,1235.0913838120105,0.0,76.2699966430664
2010-02-21,1219.829383886256,0.0,77.77999877929688
2010-02-22,1213.9168831168831,0.0,78.19000244140625
2010-02-23,1203.527415143603,0.0,78.19000244140625
2010-02-24,1172.5195195195195,0.0,78.19000244140625
2010-02-25,1168.9150485436894,0.0,78.61000061035156
2010-02-26,1147.3967391304348,0.0,77.25
2010-02-27,1147.7386759581882,0.0,78.08999633789062
2010-02-28,1131.0225563909773,0.0,76.29000091552734
2010-03-01,1240.2469135802469,0.0,77.58999633789062
2010-03-02,1072.7513812154696,0.0,77.58999633789062
2010-03-03,1062.0454545454545,0.0,77.58999633789062
2010-03-04,1092.6722090261283,0.0,76.88999938964844
2010-03-05,1070.281725888325,0.0,78.18000030517578
2010-03-06,1060.4453125,0.0,79.25
2010-03-07,1064.9212962962963,0.0,78.54000091552734
2010-03-08,1061.498845265589,0.0,79.88999938964844
2010-03-09,1030.1454965357968,0.0,79.88999938964844
2010-03-10,1023.269406392694,0.0,79.88999938964844
2010-03-11,1018.5298165137615,0.0,80.47000122070312
2010-03-12,988.5258215962441,0.0,79.91000366210938
2010-03-13,950.7620320855615,0.0,80.4800033569336
2010-03-14,981.5045871559633,0.0,80.27999877929688
2010-03-15,979.1365979381443,0.0,79.38999938964844
2010-03-16,974.8827930174564,0.0,79.38999938964844
2010-03-17,927.9821882951654,0.0,79.38999938964844
2010-03-18,885.2416851441242,0.0,77.88999938964844
2010-03-19,886.1595238095238,0.0,79.0199966430664
2010-03-20,868.0166666666667,0.0,81.95999908447266
2010-03-21,896.4429223744293,0.0,81.4800033569336
2010-03-22,860.1422018348624,0.0,79.87999725341797
2010-03-23,839.7780487804878,0.0,79.87999725341797
2010-03-24,869.9249249249249,0.0,79.87999725341797
2010-03-25,851.598971722365,0.0,80.54000091552734
2010-03-26,832.6658415841584,0.0,80.69999694824219
2010-03-27,810.739946380697,0.0,79.62000274658203
2010-03-28,801.9333333333333,0.0,79.61000061035156
2010-03-29,819.0,0.0,79.29000091552734
2010-03-30,810.3039772727273,0.0,79.29000091552734
2010-03-31,798.0302114803625,0.0,79.29000091552734
2010-04-01,792.8484042553191,0.0,81.16999816894531
2010-04-02,774.1228070175439,0.0,81.27999877929688
2010-04-03,778.8482587064676,0.0,82.69999694824219
2010-04-04,765.2780269058296,0.0,84.01000213623047
2010-04-05,778.0409638554216,0.0,84.01000213623047
2010-04-06,775.1822429906542,0.0,84.01000213623047
2010-04-07,762.1291866028708,0.0,84.01000213623047
2010-04-08,747.5035460992908,0.0,85.87999725341797
2010-04-09,759.2005076142132,0.0,86.1500015258789
2010-04-10,733.7163742690059,0.0,85.58999633789062
2010-04-11,745.2743362831858,0.0,84.80999755859375
2010-04-12,759.9550264550264,0.0,84.83000183105469
2010-04-13,748.7524752475248,0.0,84.83000183105469
2010-04-14,743.9664536741215,0.0,84.83000183105469
2010-04-15,716.1805929919137,0.0,84.7699966430664
2010-04-16,740.0439024390244,0.0,84.72000122070312
2010-04-17,726.7455470737914,0.0,86.1500015258789
2010-04-18,710.6742081447964,0.0,87.16999816894531
2010-04-19,716.0541561712846,0.0,85.98999786376953
2010-04-20,709.2729468599034,0.0,85.98999786376953
2010-04-21,701.6394230769231,0.0,85.98999786376953
2010-04-22,709.3236714975845,0.0,84.2300033569336
2010-04-23,692.7783505154639,0.0,84.80000305175781
2010-04-24,674.6583333333333,0.0,85.69999694824219
2010-04-25,653.5714285714286,0.0,85.66999816894531
2010-04-26,693.6354430379747,0.0,87.25
2010-04-27,649.0563798219584,0.0,87.25
2010-04-28,678.1855670103092,0.0,87.25
2010-04-29,685.266318537859,0.0,86.83000183105469
2010-04-30,674.0295857988166,0.0,85.77999877929688
2010-05-01,659.120253164557,0.0,86.16000366210938
2010-05-02,637.8287037037037,0.0,86.9000015258789
2010-05-03,681.3239074550129,0.0,87.44000244140625
2010-05-04,678.3398533007335,0.0,87.44000244140625
2010-05-05,658.9874371859296,0.0,87.44000244140625
2010-05-06,641.1786570743405,0.0,88.94000244140625
2010-05-07,632.841432225064,0.0,88.94000244140625
2010-05-08,616.9213114754099,0.0,82.61000061035156
2010-05-09,607.0445544554456,0.0,79.83000183105469
2010-05-10,650.188524590164,0.0,78.2699966430664
2010-05-11,653.5527065527066,0.0,78.2699966430664
2010-05-12,650.6616161616162,0.0,78.2699966430664
2010-05-13,648.363196125908,0.0,80.12000274658203
2010-05-14,644.571072319202,0.0,80.48999786376953
2010-05-15,637.5424164524421,0.0,81.19999694824219
2010-05-16,595.927536231884,0.0,80.11000061035156
2010-05-17,649.8308823529412,0.0,77.18000030517578
2010-05-18,657.0827250608272,0.0,77.18000030517578
2010-05-19,643.5779702970297,0.0,77.18000030517578
2010-05-20,663.7074340527578,0.0,75.0999984741211
2010-05-21,638.1290322580645,0.0,74.43000030517578
2010-05-22,631.6980609418282,0.0,73.69000244140625
2010-05-23,596.3756097560976,0.0,71.83999633789062
2010-05-24,638.3521303258145,0.0,71.68000030517578
2010-05-25,664.0694789081886,0.0,71.68000030517578
2010-05-26,635.0690537084399,0.0,71.68000030517578
2010-05-27,644.891975308642,0.0,71.16999816894531
2010-05-28,623.0483870967741,0.0,69.55000305175781
2010-05-29,642.2190201729106,0.0,71.73999786376953
2010-05-30,589.6273291925465,0.0,74.66000366210938
2010-05-31,662.7146974063401,0.0,74.0199966430664
2010-06-01,664.25125,0.0,74.0199966430664
2010-06-02,645.8042959427207,0.0,74.0199966430664
2010-06-03,652.6855791962175,0.0,74.0199966430664
2010-06-04,660.811163895487,0.0,72.70999908447266
2010-06-05,640.0515463917526,0.0,73.75
2010-06-06,624.2053571428571,0.0,75.41000366210938
2010-06-07,666.8861985472155,0.0,72.08999633789062
2010-06-08,668.2323943661971,0.0,72.08999633789062
2010-06-09,652.8091787439613,0.0,72.08999633789062
2010-06-10,671.2122641509434,0.0,72.08999633789062
2010-06-11,662.2171717171717,0.0,72.08999633789062
2010-06-12,631.4814814814815,0.0,72.08999633789062
2010-06-13,623.4444444444445,0.0,75.29000091552734
2010-06-14,670.7171717171717,0.0,74.3499984741211
2010-06-15,683.6354430379747,0.0,74.3499984741211
2010-06-16,655.3291770573566,0.0,74.3499984741211
2010-06-17,686.3480392156863,0.0,75.19999694824219
2010-06-18,674.5978835978837,0.0,76.19999694824219
2010-06-19,669.3133333333334,0.0,78.13999938964844
2010-06-20,654.4834123222748,0.0,78.68000030517578
2010-06-21,675.4460526315789,0.0,78.22000122070312
2010-06-22,714.0977722772277,0.0,78.22000122070312
2010-06-23,689.9065789473684,0.0,78.22000122070312
2010-06-24,694.2236503856041,0.0,78.81999969482422
2010-06-25,702.5051948051948,0.0,78.04000091552734
2010-06-26,662.6051779935275,0.0,76.2699966430664
2010-06-27,714.467032967033,0.0,76.47000122070312
2010-06-28,703.0989304812834,0.0,78.12000274658203
2010-06-29,710.2961038961039,0.0,78.12000274658203
2010-06-30,720.956647398844,0.0,78.12000274658203
2010-07-01,731.2582278481012,0.0,77.58999633789062
2010-07-02,726.2531017369727,0.0,75.44000244140625
2010-07-03,763.1662269129288,0.0,75.01000213623047
2010-07-04,714.9601769911504,0.0,72.33999633789062
2010-07-05,694.6101083032491,0.0,71.6500015258789
2010-07-06,766.9287469287469,0.0,71.6500015258789
2010-07-07,750.19,0.0,71.6500015258789
2010-07-08,750.3792682926829,0.0,71.6500015258789
2010-07-09,758.0049261083744,0.0,71.44999694824219
2010-07-10,735.0753012048193,0.0,73.51000213623047
2010-07-11,739.8584905660377,0.0,74.70999908447266
2010-07-12,792.7935323383084,0.0,75.41999816894531
2010-07-13,797.219387755102,0.0,75.41999816894531
2010-07-14,777.5061425061425,0.0,75.41999816894531
2010-07-15,798.2911392405064,0.0,74.37000274658203
2010-07-16,794.2455242966752,0.0,76.6500015258789
2010-07-17,795.5361930294906,0.0,76.7699966430664
2010-07-18,759.2706422018349,0.0,76.7699966430664
2010-07-19,788.069014084507,0.0,75.37000274658203
2010-07-20,815.405,0.0,75.37000274658203
2010-07-21,807.9353099730458,0.0,75.37000274658203
2010-07-22,819.531328320802,0.0,75.62000274658203
2010-07-23,817.0699481865284,0.0,76.22000122070312
2010-07-24,794.5207756232687,0.0,75.37000274658203
2010-07-25,790.6141304347826,0.0,77.81999969482422
2010-07-26,801.952,0.0,77.44999694824219
2010-07-27,822.25,0.0,77.44999694824219
2010-07-28,811.401554404145,0.0,77.44999694824219
2010-07-29,798.5626666666667,0.0,77.5
2010-07-30,836.0464480874317,0.0,76.12999725341797
2010-07-31,826.4290322580645,0.0,76.05999755859375
2010-08-01,823.5952380952381,0.0,77.58999633789062
2010-08-02,840.9522546419098,0.0,78.18000030517578
2010-08-03,849.7732843137255,0.0,78.18000030517578
2010-08-04,834.5672371638142,0.0,78.18000030517578
2010-08-05,824.8737864077669,0.0,80.81999969482422
2010-08-06,863.5186104218362,0.0,82.68000030517578
2010-08-07,852.7321428571429,0.0,82.19999694824219
2010-08-08,830.6651583710408,0.0,81.61000061035156
2010-08-09,843.0223684210526,0.0,80.16000366210938
2010-08-10,873.8321167883212,0.0,80.16000366210938
2010-08-11,866.4987951807229,0.0,80.16000366210938
2010-08-12,879.8932038834952,0.0,80.98999786376953
2010-08-13,876.7098765432099,0.0,79.5999984741211
2010-08-14,865.7247706422019,0.0,77.63999938964844
2010-08-15,893.5443786982248,0.0,75.5199966430664
2010-08-16,906.0202863961814,0.0,75.11000061035156
2010-08-17,928.2575,0.0,75.11000061035156
2010-08-18,913.2542372881356,0.0,75.11000061035156
2010-08-19,929.9429280397022,0.0,74.8499984741211
2010-08-20,926.7518337408313,0.0,76.93000030517578
2010-08-21,914.5812672176309,0.0,76.47000122070312
2010-08-22,861.0804020100503,0.0,75.30000305175781
2010-08-23,913.196,0.0,74.26000213623047
2010-08-24,942.4153094462541,0.0,74.26000213623047
2010-08-25,931.3100775193799,0.0,74.26000213623047
2010-08-26,938.4415274463007,0.0,73.62000274658203
2010-08-27,950.5961038961038,0.0,72.37999725341797
2010-08-28,951.3333333333334,0.0,73.4800033569336
2010-08-29,946.9830508474577,0.0,75.0199966430664
2010-08-30,996.8482384823848,0.0,76.6500015258789
2010-08-31,1001.6327433628319,0.0,76.6500015258789
2010-09-01,977.7175141242938,0.0,76.6500015258789
2010-09-02,1019.7006172839506,0.0,76.5999984741211
2010-09-03,1025.7448186528497,0.0,74.63999938964844
2010-09-04,1011.3965968586388,0.0,76.3499984741211
2010-09-05,999.1348837209302,0.0,76.93000030517578
2010-09-06,1023.1174242424242,0.0,76.66999816894531
2010-09-07,1000.6831168831169,0.0,76.66999816894531
2010-09-08,1041.2710997442455,0.0,76.66999816894531
2010-09-09,1055.5748218527317,0.0,76.66999816894531
2010-09-10,1049.2857142857142,0.0,77.73999786376953
2010-09-11,1085.5328467153286,0.0,78.16999816894531
2010-09-12,1058.958904109589,0.0,77.47000122070312
2010-09-13,1114.1269035532996,0.0,78.16000366210938
2010-09-14,1125.952153110048,0.0,78.16000366210938
2010-09-15,1168.5763157894737,0.0,78.16000366210938
2010-09-16,1194.4137931034484,0.0,79.02999877929688
2010-09-17,1238.4478021978023,0.0,79.16000366210938
2010-09-18,1254.7925531914893,0.0,78.91000366210938
2010-09-19,1274.004716981132,0.0,78.4800033569336
2010-09-20,1314.4746987951808,0.0,78.20999908447266
2010-09-21,1322.107142857143,0.0,78.20999908447266
2010-09-22,1365.053164556962,0.0,78.20999908447266
2010-09-23,1374.9346733668342,0.0,79.31999969482422
2010-09-24,1422.1369193154035,0.0,78.41999816894531
2010-09-25,1411.8867403314916,0.0,77.94999694824219
2010-09-26,1431.6288659793815,0.0,78.11000061035156
2010-09-27,1435.0148514851485,0.0,78.87000274658203
2010-09-28,1449.879518072289,0.0,78.87000274658203
2010-09-29,1479.2790123456791,0.0,78.87000274658203
2010-09-30,1490.0544959128065,0.0,78.56999969482422
2010-10-01,1532.1159793814434,0.0,78.70999908447266
2010-10-02,1515.5018450184502,0.0,80.7699966430664
2010-10-03,1506.98623853211,0.0,82.30999755859375
2010-10-04,1535.8128019323672,0.0,83.75
2010-10-05,1553.9952267303102,0.0,83.75
2010-10-06,1525.8957345971564,0.0,83.75
2010-10-07,1543.0424657534247,0.0,83.27999877929688
2010-10-08,1515.5697050938338,0.0,84.83999633789062
2010-10-09,1523.4622641509434,0.0,85.05999755859375
2010-10-10,1521.0700934579438,0.0,83.43000030517578
2010-10-11,1513.2777777777778,0.0,84.02999877929688
2010-10-12,1491.3957345971564,0.0,84.02999877929688
2010-10-13,1492.968058968059,0.0,84.02999877929688
2010-10-14,1458.3279569892472,0.0,83.72000122070312
2010-10-15,1488.7093023255813,0.0,83.5
2010-10-16,1486.4032786885246,0.0,84.63999938964844
2010-10-17,1486.625668449198,0.0,84.52999877929688
2010-10-18,1500.4824797843667,0.0,82.44999694824219
2010-10-19,1507.853164556962,0.0,82.44999694824219
2010-10-20,1495.596577017115,0.0,82.44999694824219
2010-10-21,1508.9370277078085,0.0,84.37000274658203
2010-10-22,1519.048076923077,0.0,81.0999984741211
2010-10-23,1481.0196629213483,0.0,83.5999984741211
2010-10-24,1481.7121212121212,0.0,81.83000183105469
2010-10-25,1481.9112676056338,0.0,82.95999908447266
2010-10-26,1476.705357142857,0.0,82.95999908447266
2010-10-27,1493.0393700787401,0.0,82.95999908447266
2010-10-28,1502.1038461538462,0.0,83.54000091552734
2010-10-29,1497.4782608695652,0.0,83.66000366210938
2010-10-30,1475.7521865889212,0.0,83.2300033569336
2010-10-31,1540.4931506849316,0.0,83.58999633789062
2010-11-01,1552.3186813186812,0.0,83.1500015258789
2010-11-02,1521.1540342298288,0.0,83.1500015258789
2010-11-03,1517.687338501292,0.0,83.1500015258789
2010-11-04,1566.032786885246,0.0,84.62000274658203
2010-11-05,1536.66592920354,0.0,85.41000366210938
2010-11-06,1648.8154205607477,0.0,86.37999725341797
2010-11-07,1577.8594594594595,0.0,88.0
2010-11-08,1583.0325203252032,0.0,88.11000061035156
2010-11-09,1642.925974025974,0.0,88.11000061035156
2010-11-10,1697.464864864865,0.0,88.11000061035156
2010-11-11,1812.155,0.0,88.45999908447266
2010-11-12,1789.9829842931938,0.0,88.33000183105469
2010-11-13,1721.9119496855346,0.0,88.95999908447266
2010-11-14,1773.7904761904763,0.0,88.80999755859375
2010-11-15,1826.5652173913043,0.0,86.33999633789062
2010-11-16,1826.544502617801,0.0,86.33999633789062
2010-11-17,1791.898245614035,0.0,86.33999633789062
2010-11-18,1899.7421875,0.0,86.69999694824219
2010-11-19,1911.908108108108,0.0,84.7300033569336
2010-11-20,1906.0911602209944,0.0,83.27999877929688
2010-11-21,1854.2475247524753,0.0,85.05000305175781
2010-11-22,1994.7665782493368,0.0,84.33999633789062
2010-11-23,1980.7454545454545,0.0,84.33999633789062
2010-11-24,1918.9755434782608,0.0,84.33999633789062
2010-11-25,1969.3711340206185,0.0,83.95999908447266
2010-11-26,1964.9376693766937,0.0,83.25
2010-11-27,1869.3527696793003,0.0,85.83999633789062
2010-11-28,1923.1845238095239,0.0,85.83999633789062
2010-11-29,1985.034188034188,0.0,85.58000183105469
2010-11-30,1977.8533724340175,0.0,85.58000183105469
2010-12-01,1948.2330097087379,0.0,85.58000183105469
2010-12-02,1926.078624078624,0.0,87.33999633789062
2010-12-03,1922.2270531400966,0.0,85.91999816894531
2010-12-04,1847.8249336870026,0.0,88.87000274658203
2010-12-05,1833.8029556650247,0.0,90.69000244140624
2010-12-06,1908.013698630137,0.0,91.41999816894533
2010-12-07,1949.0904522613066,0.0,91.41999816894533
2010-12-08,1959.0846153846153,0.0,91.41999816894533
2010-12-09,1986.1425061425061,0.0,91.4499969482422
2010-12-10,1957.1953125,0.0,91.38999938964844
2010-12-11,1942.5454545454545,0.0,90.7699966430664
2010-12-12,2044.1361256544503,0.0,90.98999786376952
2010-12-13,2091.4475138121547,0.0,90.4800033569336
2010-12-14,2133.0560224089636,0.0,90.4800033569336
2010-12-15,2119.7896103896105,0.0,90.4800033569336
2010-12-16,2151.8132183908046,0.0,91.19000244140624
2010-12-17,2254.5725806451615,0.0,91.20999908447266
2010-12-18,2410.385579937304,0.0,92.1999969482422
2010-12-19,2635.683417085427,0.0,91.70999908447266
2010-12-20,2930.458100558659,0.0,91.66999816894533
2010-12-21,3248.0581717451523,0.0,91.66999816894533
2010-12-22,3321.8096514745307,0.0,91.66999816894533
2010-12-23,3241.360433604336,0.0,92.73999786376952
2010-12-24,2984.3352272727275,0.0,93.1999969482422
2010-12-25,2860.29296875,0.0,93.6500015258789
2010-12-26,2889.314814814815,0.0,94.25
2010-12-27,2915.202279202279,0.0,94.25
2010-12-28,2927.994366197183,0.0,94.25
2010-12-29,2901.1486880466473,0.0,94.25
2010-12-30,2973.9694189602446,0.0,93.8499984741211
2010-12-31,2947.065134099617,0.0,94.37999725341795
2011-01-01,2989.929178470255,0.0,94.13999938964844
2011-01-02,2998.5342465753424,0.0,93.08999633789062
2011-01-03,3106.326530612245,0.0,94.75
2011-01-04,3204.1717171717173,0.0,94.75
2011-01-05,3165.615189873418,0.0,94.75
2011-01-06,3240.892156862745,0.0,94.83999633789062
2011-01-07,3266.41,0.0,93.52999877929688
2011-01-08,3250.034682080925,0.0,95.5
2011-01-09,3360.631313131313,0.0,94.5199966430664
2011-01-10,3297.183937823834,0.0,93.33000183105467
2011-01-11,3333.2746113989638,0.0,93.33000183105467
2011-01-12,3317.8917525773195,0.0,93.33000183105467
2011-01-13,3412.5286783042393,0.0,95.6999969482422
2011-01-14,3408.416909620991,0.0,97.61000061035156
2011-01-15,3292.1839762611276,0.0,98.12000274658205
2011-01-16,3209.2570093457944,0.0,98.05999755859376
2011-01-17,3203.1435768261963,0.0,98.05999755859376
2011-01-18,3164.4870588235294,0.0,98.05999755859376
2011-01-19,3070.092783505155,0.0,98.05999755859376
2011-01-20,3085.212195121951,0.0,98.05999755859376
2011-01-21,2957.2773536895675,0.0,97.8000030517578
2011-01-22,2777.712365591398,0.0,98.16000366210938
2011-01-23,2826.6376811594205,0.0,96.58000183105467
2011-01-24,2613.6153846153848,0.0,97.5999984741211
2011-01-25,2492.9731903485253,0.0,97.5999984741211
2011-01-26,2356.919811320755,0.0,97.5999984741211
2011-01-27,2212.7226277372265,0.0,96.61000061035156
2011-01-28,2027.7111111111112,0.0,95.25
2011-01-29,1932.98489010989,0.0,97.91000366210938
2011-01-30,1981.5722222222223,0.0,97.38999938964844
2011-01-31,1798.9689265536724,0.0,99.41999816894533
2011-02-01,1796.0997566909975,0.0,99.41999816894533
2011-02-02,1734.004854368932,0.0,99.41999816894533
2011-02-03,1690.9505617977527,0.0,101.01000213623048
2011-02-04,1633.6644295302012,0.0,101.73999786376952
2011-02-05,1598.6052631578948,0.0,102.33999633789062
2011-02-06,1608.1022727272727,0.0,101.76000213623048
2011-02-07,1537.5301624129931,0.0,99.83000183105467
2011-02-08,1522.1246943765282,0.0,99.83000183105467
2011-02-09,1446.9537037037037,0.0,99.83000183105467
2011-02-10,1453.7246696035243,0.0,99.25
2011-02-11,1345.044705882353,0.0,99.91999816894533
2011-02-12,1294.840909090909,0.0,101.81999969482422
2011-02-13,1310.7427884615386,0.0,100.87000274658205
2011-02-14,1298.4547677261614,0.0,101.43000030517578
2011-02-15,1253.4588528678305,0.0,101.43000030517578
2011-02-16,1288.0092307692307,0.0,101.43000030517578
2011-02-17,1288.6241134751774,0.0,103.08000183105467
2011-02-18,1251.2729729729729,0.0,101.63999938964844
2011-02-19,1230.9944751381215,0.0,103.77999877929688
2011-02-20,1242.495,0.0,102.58999633789062
2011-02-21,1253.6939759036145,0.0,102.5199966430664
2011-02-22,1231.358173076923,0.0,102.5199966430664
2011-02-23,1184.814039408867,0.0,102.5199966430664
2011-02-24,1183.4504716981132,0.0,102.5199966430664
2011-02-25,1165.5298507462687,0.0,105.77999877929688
2011-02-26,1110.9435028248588,0.0,111.25
2011-02-27,1129.5317919075144,0.0,111.36000061035156
2011-02-28,1090.85552407932,0.0,112.13999938964844
2011-03-01,1073.2379807692307,0.0,112.13999938964844
2011-03-02,1050.9834437086092,0.0,112.13999938964844
2011-03-03,1024.1346153846155,0.0,111.8000030517578
2011-03-04,999.1561097256857,0.0,115.41999816894533
2011-03-05,950.0750605326876,0.0,116.3499984741211
2011-03-06,952.3955555555556,0.0,114.79000091552734
2011-03-07,973.1154734411085,0.0,115.97000122070312
2011-03-08,958.9857482185273,0.0,115.97000122070312
2011-03-09,893.0169491525423,0.0,115.97000122070312
2011-03-10,914.7236533957846,0.0,115.04000091552734
2011-03-11,877.6598557692307,0.0,113.05999755859376
2011-03-12,822.1318051575931,0.0,115.94000244140624
2011-03-13,866.152380952381,0.0,115.43000030517578
2011-03-14,852.7807881773399,0.0,113.83999633789062
2011-03-15,836.1674757281553,0.0,113.83999633789062
2011-03-16,798.0200471698113,0.0,113.83999633789062
2011-03-17,830.6549295774648,0.0,113.66999816894533
2011-03-18,776.2317380352645,0.0,108.5199966430664
2011-03-19,766.2058823529412,0.0,110.62000274658205
2011-03-20,875.4473684210526,0.0,114.9000015258789
2011-03-21,773.9447674418604,0.0,113.93000030517578
2011-03-22,769.7247474747475,0.0,113.93000030517578
2011-03-23,739.3413333333333,0.0,113.93000030517578
2011-03-24,769.8733850129199,0.0,114.95999908447266
2011-03-25,758.7056555269922,0.0,115.6999969482422
2011-03-26,727.5578034682081,0.0,115.5500030517578
2011-03-27,747.1945945945946,0.0,115.72000122070312
2011-03-28,774.7324324324325,0.0,115.58999633789062
2011-03-29,764.3479452054795,0.0,115.58999633789062
2011-03-30,724.4620060790273,0.0,115.58999633789062
2011-03-31,727.667731629393,0.0,114.8000030517578
2011-04-01,738.5139240506329,0.0,114.8000030517578
2011-04-02,698.6195372750643,0.0,115.12999725341795
2011-04-03,698.2669902912621,0.0,117.36000061035156
2011-04-04,718.671052631579,0.0,118.6999969482422
2011-04-05,718.5657216494845,0.0,118.6999969482422
2011-04-06,689.8758949880669,0.0,118.6999969482422
2011-04-07,701.4342403628118,0.0,121.05999755859376
2011-04-08,696.6153846153846,0.0,122.22000122070312
2011-04-09,674.7780898876405,0.0,122.3000030517578
2011-04-10,666.6968325791855,0.0,122.66999816894533
2011-04-11,693.2068965517242,0.0,126.6500015258789
2011-04-12,716.5818181818182,0.0,126.6500015258789
2011-04-13,662.6204379562043,0.0,126.6500015258789
2011-04-14,642.5422077922078,0.0,123.9800033569336
2011-04-15,645.1185567010309,0.0,120.91999816894533
2011-04-16,675.8906705539358,0.0,122.87999725341795
2011-04-17,658.3744292237443,0.0,122.36000061035156
2011-04-18,699.8367346938776,0.0,123.4499969482422
2011-04-19,688.4460431654676,0.0,123.4499969482422
2011-04-20,660.8765586034913,0.0,123.4499969482422
2011-04-21,648.8574938574939,0.0,121.61000061035156
2011-04-22,635.7743902439024,0.0,121.33000183105467
2011-04-23,642.7428571428571,0.0,121.33000183105467
2011-04-24,645.0,0.0,123.98999786376952
2011-04-25,685.605527638191,0.0,123.98999786376952
2011-04-26,681.7729468599034,0.0,123.98999786376952
2011-04-27,653.1436031331592,0.0,123.98999786376952
2011-04-28,691.6930693069307,0.0,123.66000366210938
2011-04-29,642.8647214854111,0.0,124.13999938964844
2011-04-30,647.9074074074074,0.0,125.12999725341795
2011-05-01,623.0094339622641,0.0,125.0199966430664
2011-05-02,656.0967741935484,0.0,125.88999938964844
2011-05-03,681.0545905707196,0.0,125.88999938964844
2011-05-04,635.5661764705883,0.0,125.88999938964844
2011-05-05,679.1776649746192,0.0,125.12000274658205
2011-05-06,654.4610951008646,0.0,122.4499969482422
2011-05-07,635.2246575342466,0.0,121.19000244140624
2011-05-08,628.6311111111111,0.0,110.8000030517578
2011-05-09,639.7573529411765,0.0,109.12999725341795
2011-05-10,659.4795180722891,0.0,109.12999725341795
2011-05-11,621.5971563981043,0.0,109.12999725341795
2011-05-12,657.3975903614457,0.0,115.9000015258789
2011-05-13,635.048426150121,0.0,117.62999725341795
2011-05-14,595.2011331444759,0.0,112.56999969482422
2011-05-15,611.6952380952381,0.0,112.9800033569336
2011-05-16,640.4396984924623,0.0,113.83000183105467
2011-05-17,650.7249283667621,0.0,113.83000183105467
2011-05-18,610.9536585365854,0.0,113.83000183105467
2011-05-19,652.5205811138014,0.0,112.7300033569336
2011-05-20,602.2575,0.0,109.98999786376952
2011-05-21,622.3862433862433,0.0,112.3000030517578
2011-05-22,613.1936936936937,0.0,111.41999816894533
2011-05-23,644.295,0.0,112.38999938964844
2011-05-24,656.755,0.0,112.38999938964844
2011-05-25,628.8073878627969,0.0,112.38999938964844
2011-05-26,655.9821882951654,0.0,110.0999984741211
2011-05-27,617.7377049180328,0.0,112.52999877929688
2011-05-28,606.9322033898305,0.0,114.93000030517578
2011-05-29,617.2486187845304,0.0,115.0500030517578
2011-05-30,619.0273224043716,0.0,115.02999877929688
2011-05-31,659.4005934718101,0.0,115.02999877929688
2011-06-01,647.8218085106383,0.0,115.02999877929688
2011-06-02,674.7741176470588,0.0,115.02999877929688
2011-06-03,649.8074074074074,0.0,116.7300033569336
2011-06-04,636.4676616915423,0.0,114.52999877929688
2011-06-05,635.5826086956522,0.0,115.54000091552734
2011-06-06,665.2687651331719,0.0,115.83999633789062
2011-06-07,686.1495215311005,0.0,115.83999633789062
2011-06-08,655.8794749403341,0.0,115.83999633789062
2011-06-09,698.3313539192399,0.0,114.4800033569336
2011-06-10,665.77,0.0,116.77999877929688
2011-06-11,639.7073529411765,0.0,117.8499984741211
2011-06-12,655.4864253393665,0.0,119.56999969482422
2011-06-13,657.3482587064676,0.0,118.77999877929688
2011-06-14,694.5491606714628,0.0,118.77999877929688
2011-06-15,664.8950131233596,0.0,118.77999877929688
2011-06-16,701.2631578947369,0.0,119.0999984741211
2011-06-17,677.3190476190476,0.0,120.16000366210938
2011-06-18,668.3010471204188,0.0,117.0999984741211
2011-06-19,662.7433628318585,0.0,114.0199966430664
2011-06-20,703.9372093023255,0.0,113.20999908447266
2011-06-21,729.3908872901678,0.0,113.20999908447266
2011-06-22,703.4520884520884,0.0,113.20999908447266
2011-06-23,766.6004618937644,0.0,111.69000244140624
2011-06-24,731.0526315789474,0.0,110.9499969482422
2011-06-25,712.9303621169917,0.0,114.20999908447266
2011-06-26,732.4922279792746,0.0,107.26000213623048
2011-06-27,760.0076726342711,0.0,105.12000274658205
2011-06-28,786.7531172069826,0.0,105.12000274658205
2011-06-29,743.6984924623116,0.0,105.12000274658205
2011-06-30,808.532967032967,0.0,105.98999786376952
2011-07-01,782.4327628361858,0.0,108.77999877929688
2011-07-02,761.1764705882352,0.0,112.4000015258789
2011-07-03,758.6255319148936,0.0,112.4800033569336
2011-07-04,785.6229508196722,0.0,111.7699966430664
2011-07-05,820.6136363636364,0.0,111.7699966430664
2011-07-06,814.8036951501155,0.0,111.7699966430664
2011-07-07,842.5842696629213,0.0,111.7699966430664
2011-07-08,811.0745192307693,0.0,111.7699966430664
2011-07-09,782.5501432664756,0.0,113.62000274658205
2011-07-10,806.8290598290598,0.0,118.58999633789062
2011-07-11,834.592039800995,0.0,118.33000183105467
2011-07-12,857.433962264151,0.0,118.33000183105467
2011-07-13,835.7801932367149,0.0,118.33000183105467
2011-07-14,886.7875288683603,0.0,117.23999786376952
2011-07-15,861.0455696202532,0.0,117.75
2011-07-16,866.1878172588832,0.0,117.75
2011-07-17,830.8995633187773,0.0,118.31999969482422
2011-07-18,903.3883495145631,0.0,117.26000213623048
2011-07-19,922.9880952380952,0.0,117.26000213623048
2011-07-20,908.3912037037037,0.0,117.26000213623048
2011-07-21,930.5191873589165,0.0,116.0500030517578
2011-07-22,916.2742718446602,0.0,116.0500030517578
2011-07-23,910.4,0.0,118.1500015258789
2011-07-24,885.9377777777778,0.0,117.51000213623048
2011-07-25,940.7540106951872,0.0,118.66999816894533
2011-07-26,949.2351543942993,0.0,118.66999816894533
2011-07-27,934.6740196078431,0.0,118.66999816894533
2011-07-28,968.7078239608802,0.0,117.94000244140624
2011-07-29,941.4270833333334,0.0,118.27999877929688
2011-07-30,915.7987804878048,0.0,117.43000030517578
2011-07-31,941.8958333333334,0.0,117.36000061035156
2011-08-01,986.7432762836186,0.0,116.73999786376952
2011-08-02,977.2437357630979,0.0,116.73999786376952
2011-08-03,972.6539325842697,0.0,116.73999786376952
2011-08-04,1000.4801864801865,0.0,116.80999755859376
2011-08-05,989.5649038461538,0.0,116.45999908447266
2011-08-06,990.8875305623471,0.0,113.2300033569336
2011-08-07,965.75,0.0,107.25
2011-08-08,1010.0420792079208,0.0,109.37000274658205
2011-08-09,1035.6580796252927,0.0,109.37000274658205
2011-08-10,1060.358173076923,0.0,109.37000274658205
2011-08-11,1069.6,0.0,103.73999786376952
2011-08-12,1054.9278606965174,0.0,102.56999969482422
2011-08-13,1073.3218181818181,0.0,106.68000030517578
2011-08-14,1033.9093023255814,0.0,108.0199966430664
2011-08-15,1044.802752293578,0.0,108.02999877929688
2011-08-16,1105.069512195122,0.0,108.02999877929688
2011-08-17,1114.5356265356265,0.0,108.02999877929688
2011-08-18,1151.7476076555024,0.0,109.91000366210938
2011-08-19,1152.3962025316455,0.0,109.91000366210938
2011-08-20,1175.85,0.0,110.5999984741211
2011-08-21,1134.3640552995391,0.0,106.98999786376952
2011-08-22,1205.0228013029316,0.0,108.62000274658205
2011-08-23,1206.5560975609756,0.0,108.62000274658205
2011-08-24,1197.779702970297,0.0,108.62000274658205
2011-08-25,1212.142857142857,0.0,108.36000061035156
2011-08-26,1205.228,0.0,109.30999755859376
2011-08-27,1184.2038567493114,0.0,110.1500015258789
2011-08-28,1182.75,0.0,110.1500015258789
2011-08-29,1245.2614285714287,0.0,111.36000061035156
2011-08-30,1186.35,0.0,111.36000061035156
2011-08-31,1198.9766355140187,0.0,111.36000061035156
2011-09-01,1266.8250728862974,0.0,111.87999725341795
2011-09-02,1245.2657004830917,0.0,114.0199966430664
2011-09-03,1239.2690355329948,0.0,114.8499984741211
2011-09-04,1213.9364406779662,0.0,114.29000091552734
2011-09-05,1258.8482587064677,0.0,112.33000183105467
2011-09-06,1266.0493827160494,0.0,112.33000183105467
2011-09-07,1223.2305882352941,0.0,112.33000183105467
2011-09-08,1227.1559405940593,0.0,112.33000183105467
2011-09-09,1235.67018469657,0.0,112.88999938964844
2011-09-10,1206.6142433234422,0.0,115.8000030517578
2011-09-11,1222.7920353982302,0.0,114.5500030517578
2011-09-12,1274.3808290155441,0.0,112.7699966430664
2011-09-13,1253.766169154229,0.0,112.7699966430664
2011-09-14,1242.5180722891566,0.0,112.7699966430664
2011-09-15,1252.6690647482014,0.0,112.25
2011-09-16,1258.391304347826,0.0,111.88999938964844
2011-09-17,1227.345013477089,0.0,112.4000015258789
2011-09-18,1215.0837004405287,0.0,115.33999633789062
2011-09-19,1232.909090909091,0.0,112.22000122070312
2011-09-20,1260.6674757281553,0.0,112.22000122070312
2011-09-21,1240.3088235294117,0.0,112.22000122070312
2011-09-22,1285.5599078341013,0.0,109.13999938964844
2011-09-23,1263.8094059405942,0.0,110.54000091552734
2011-09-24,1304.8121693121693,0.0,110.36000061035156
2011-09-25,1247.1356783919598,0.0,105.48999786376952
2011-09-26,1282.2135416666667,0.0,103.97000122070312
2011-09-27,1313.3193277310925,0.0,103.97000122070312
2011-09-28,1282.3007915567282,0.0,103.97000122070312
2011-09-29,1248.6465968586388,0.0,103.97000122070312
2011-09-30,1274.25,0.0,107.13999938964844
2011-10-01,1273.8089005235602,0.0,103.80999755859376
2011-10-02,1267.4524886877828,0.0,103.9499969482422
2011-10-03,1252.0657894736842,0.0,102.76000213623048
2011-10-04,1267.6543535620053,0.0,102.76000213623048
2011-10-05,1233.1911764705883,0.0,102.76000213623048
2011-10-06,1263.443661971831,0.0,101.70999908447266
2011-10-07,1247.748717948718,0.0,99.79000091552734
2011-10-08,1246.8328530259366,0.0,99.79000091552734
2011-10-09,1254.021551724138,0.0,105.7300033569336
2011-10-10,1260.9709443099273,0.0,105.87999725341795
2011-10-11,1264.8379120879122,0.0,105.87999725341795
2011-10-12,1240.9615384615386,0.0,105.87999725341795
2011-10-13,1241.535046728972,0.0,108.9499969482422
2011-10-14,1226.4481927710845,0.0,110.7300033569336
2011-10-15,1255.9260204081634,0.0,111.36000061035156
2011-10-16,1209.8240343347638,0.0,111.11000061035156
2011-10-17,1231.8166259168704,0.0,114.68000030517578
2011-10-18,1231.9282178217823,0.0,114.68000030517578
2011-10-19,1221.111111111111,0.0,114.68000030517578
2011-10-20,1209.5405405405406,0.0,110.16000366210938
2011-10-21,1208.9850746268658,0.0,111.1500015258789
2011-10-22,1187.9276139410188,0.0,108.38999938964844
2011-10-23,1198.358851674641,0.0,109.76000213623048
2011-10-24,1218.7289473684211,0.0,109.55999755859376
2011-10-25,1242.7879656160458,0.0,109.55999755859376
2011-10-26,1194.3478260869565,0.0,109.55999755859376
2011-10-27,1317.4048582995952,0.0,111.4499969482422
2011-10-28,1236.652027027027,0.0,110.91999816894533
2011-10-29,1220.5376044568245,0.0,108.91000366210938
2011-10-30,1198.9945652173913,0.0,112.08000183105467
2011-10-31,1242.975155279503,0.0,109.91000366210938
2011-11-01,1216.7161803713527,0.0,109.91000366210938
2011-11-02,1218.1488372093024,0.0,109.91000366210938
2011-11-03,1247.4411764705883,0.0,109.55999755859376
2011-11-04,1217.7954022988506,0.0,109.54000091552734
2011-11-05,1203.017543859649,0.0,109.33999633789062
2011-11-06,1158.3348214285713,0.0,110.83000183105467
2011-11-07,1188.0903010033444,0.0,111.97000122070312
2011-11-08,1222.313769751693,0.0,111.97000122070312
2011-11-09,1196.6098654708521,0.0,111.97000122070312
2011-11-10,1215.6067415730338,0.0,114.55999755859376
2011-11-11,1202.5565610859728,0.0,115.0
2011-11-12,1129.2021857923498,0.0,112.30999755859376
2011-11-13,1137.2893617021277,0.0,113.70999908447266
2011-11-14,1209.2147806004618,0.0,114.16000366210938
2011-11-15,1169.81045751634,0.0,114.16000366210938
2011-11-16,1121.516129032258,0.0,114.16000366210938
2011-11-17,1122.6326530612246,0.0,111.88999938964844
2011-11-18,1106.2838137472284,0.0,112.38999938964844
2011-11-19,1085.0473815461346,0.0,111.87999725341795
2011-11-20,1054.0535714285713,0.0,108.22000122070312
2011-11-21,1077.5642201834862,0.0,107.55999755859376
2011-11-22,1051.0981735159817,0.0,107.55999755859376
2011-11-23,1045.551963048499,0.0,107.55999755859376
2011-11-24,1056.822429906542,0.0,107.55999755859376
2011-11-25,1047.048076923077,0.0,109.02999877929688
2011-11-26,1026.0320197044334,0.0,107.0199966430664
2011-11-27,1017.7868020304569,0.0,107.0199966430664
2011-11-28,1047.9654377880183,0.0,106.4000015258789
2011-11-29,982.452380952381,0.0,106.4000015258789
2011-11-30,1016.9280205655527,0.0,106.4000015258789
2011-12-01,1071.6766917293232,0.0,109.0
2011-12-02,996.6229508196722,0.0,110.81999969482422
2011-12-03,995.4152334152334,0.0,110.81999969482422
2011-12-04,955.6869565217391,0.0,108.98999786376952
2011-12-05,951.3088607594937,0.0,109.94000244140624
2011-12-06,994.9146005509642,0.0,109.94000244140624
2011-12-07,955.2561247216036,0.0,109.94000244140624
2011-12-08,949.510250569476,0.0,109.80999755859376
2011-12-09,938.119512195122,0.0,110.80999755859376
2011-12-10,886.7109826589596,0.0,109.52999877929688
2011-12-11,870.806167400881,0.0,108.11000061035156
2011-12-12,941.8883720930232,0.0,108.62000274658205
2011-12-13,922.5363636363636,0.0,108.62000274658205
2011-12-14,901.9116279069767,0.0,108.62000274658205
2011-12-15,915.339534883721,0.0,107.26000213623048
2011-12-16,881.4319248826291,0.0,109.5
2011-12-17,874.642673521851,0.0,105.0199966430664
2011-12-18,819.5694444444445,0.0,105.08999633789062
2011-12-19,888.1811594202899,0.0,103.3499984741211
2011-12-20,850.9880668257756,0.0,103.3499984741211
2011-12-21,830.4109263657957,0.0,103.3499984741211
2011-12-22,837.9976359338061,0.0,103.63999938964844
2011-12-23,826.0673316708229,0.0,106.7300033569336
2011-12-24,832.74043715847,0.0,107.70999908447266
2011-12-25,774.2732558139535,0.0,107.88999938964844
2011-12-26,854.1158392434988,0.0,107.95999908447266
2011-12-27,814.2506024096385,0.0,107.95999908447266
2011-12-28,777.4132029339853,0.0,107.95999908447266
2011-12-29,804.3994845360825,0.0,107.95999908447266
2011-12-30,804.2837465564738,0.0,109.2699966430664
2011-12-31,797.9363957597174,0.0,107.55999755859376
2012-01-01,770.2,0.0,108.01000213623048
2012-01-02,804.9028871391076,0.0,107.37999725341795
2012-01-03,811.9099099099099,0.0,107.37999725341795
2012-01-04,783.2443729903537,0.0,107.37999725341795
2012-01-05,784.960843373494,0.0,107.37999725341795
2012-01-06,763.2379421221865,0.0,112.12999725341795
2012-01-07,770.1341107871721,0.0,113.6999969482422
2012-01-08,744.8247422680413,0.0,112.73999786376952
2012-01-09,781.6005291005291,0.0,113.05999755859376
2012-01-10,774.9538461538461,0.0,113.05999755859376
2012-01-11,740.5778364116095,0.0,113.05999755859376
2012-01-12,751.7948051948052,0.0,112.4499969482422
2012-01-13,723.9479452054794,0.0,113.27999877929688
2012-01-14,721.319391634981,0.0,112.23999786376952
2012-01-15,725.5575757575757,0.0,111.26000213623048
2012-01-16,741.8328981723238,0.0,110.44000244140624
2012-01-17,730.31328320802,0.0,110.44000244140624
2012-01-18,708.7157622739018,0.0,110.44000244140624
2012-01-19,737.3231552162849,0.0,110.44000244140624
2012-01-20,723.0406091370559,0.0,111.52999877929688
2012-01-21,740.272,0.0,110.66000366210938
2012-01-22,722.9891891891892,0.0,111.5500030517578
2012-01-23,743.4916666666667,0.0,109.86000061035156
2012-01-24,744.5746835443038,0.0,109.86000061035156
2012-01-25,720.741847826087,0.0,109.86000061035156
2012-01-26,718.3084577114428,0.0,110.58000183105467
2012-01-27,685.6178977272727,0.0,110.02999877929688
2012-01-28,707.5859375,0.0,109.80999755859376
2012-01-29,707.2020547945206,0.0,110.79000091552734
2012-01-30,727.985380116959,0.0,111.45999908447266
2012-01-31,708.372641509434,0.0,111.45999908447266
2012-02-01,713.0204603580563,0.0,111.45999908447266
2012-02-02,720.02457002457,0.0,110.75
2012-02-03,713.6488250652742,0.0,110.9800033569336
2012-02-04,717.5764705882353,0.0,111.55999755859376
2012-02-05,698.5972222222222,0.0,112.06999969482422
2012-02-06,726.4984984984985,0.0,114.58000183105467
2012-02-07,725.4945054945055,0.0,114.58000183105467
2012-02-08,695.7638036809816,0.0,114.58000183105467
2012-02-09,694.8324022346369,0.0,115.93000030517578
2012-02-10,678.5527638190955,0.0,116.2300033569336
2012-02-11,662.1033333333334,0.0,117.1999969482422
2012-02-12,682.1631578947369,0.0,118.58999633789062
2012-02-13,694.6170731707317,0.0,117.30999755859376
2012-02-14,685.2433090024331,0.0,117.30999755859376
2012-02-15,696.8225,0.0,117.30999755859376
2012-02-16,692.2512315270936,0.0,117.93000030517578
2012-02-17,688.98625,0.0,118.16000366210938
2012-02-18,680.2806788511749,0.0,118.93000030517578
2012-02-19,661.6540540540541,0.0,120.11000061035156
2012-02-20,686.9253731343283,0.0,119.58000183105467
2012-02-21,711.015228426396,0.0,119.58000183105467
2012-02-22,658.6879795396419,0.0,119.58000183105467
2012-02-23,692.3567961165048,0.0,119.58000183105467
2012-02-24,679.3934010152284,0.0,121.66000366210938
2012-02-25,677.260989010989,0.0,122.9000015258789
2012-02-26,668.329268292683,0.0,123.62000274658205
2012-02-27,690.5680628272252,0.0,125.47000122070312
2012-02-28,646.4700598802395,0.0,125.47000122070312
2012-02-29,716.8216216216216,0.0,125.47000122070312
2012-03-01,711.1087470449172,0.0,124.16999816894533
2012-03-02,704.563245823389,0.0,121.5500030517578
2012-03-03,697.82,0.0,122.66000366210938
2012-03-04,682.229268292683,0.0,126.1999969482422
2012-03-05,704.2883720930232,0.0,123.6500015258789
2012-03-06,726.566265060241,0.0,123.6500015258789
2012-03-07,718.9675,0.0,123.6500015258789
2012-03-08,799.3119658119658,0.0,123.8000030517578
2012-03-09,705.5421348314607,0.0,121.9800033569336
2012-03-10,679.6925465838509,0.0,124.12000274658205
2012-03-11,688.5700483091788,0.0,125.44000244140624
2012-03-12,712.9976303317535,0.0,125.9800033569336
2012-03-13,710.4665127020785,0.0,125.9800033569336
2012-03-14,692.7569444444445,0.0,125.9800033569336
2012-03-15,720.8427230046948,0.0,125.33999633789062
2012-03-16,696.5035294117647,0.0,126.22000122070312
2012-03-17,698.990243902439,0.0,124.97000122070312
2012-03-18,687.7376237623762,0.0,123.5500030517578
2012-03-19,695.3189066059225,0.0,125.80999755859376
2012-03-20,686.3761261261261,0.0,125.80999755859376
2012-03-21,694.4447004608295,0.0,125.80999755859376
2012-03-22,710.4019370460048,0.0,125.70999908447266
2012-03-23,710.8746666666667,0.0,124.12000274658205
2012-03-24,700.7416666666667,0.0,124.1999969482422
2012-03-25,677.4475138121547,0.0,123.13999938964844
2012-03-26,704.320843091335,0.0,125.12999725341795
2012-03-27,697.4119047619048,0.0,125.12999725341795
2012-03-28,697.0574412532637,0.0,125.12999725341795
2012-03-29,718.2323232323232,0.0,125.6500015258789
2012-03-30,713.1766381766382,0.0,125.54000091552734
2012-03-31,722.9968454258675,0.0,124.16000366210938
2012-04-01,710.5048076923077,0.0,122.38999938964844
2012-04-02,721.4949748743719,0.0,122.87999725341795
2012-04-03,703.686460807601,0.0,122.87999725341795
2012-04-04,715.6807980049875,0.0,122.87999725341795
2012-04-05,683.5761772853185,0.0,125.43000030517578
2012-04-06,679.2377850162867,0.0,124.86000061035156
2012-04-07,718.5205128205129,0.0,122.33999633789062
2012-04-08,699.8302752293578,0.0,123.43000030517578
2012-04-09,718.1412300683371,0.0,123.43000030517578
2012-04-10,717.0206896551724,0.0,123.43000030517578
2012-04-11,713.6238532110092,0.0,123.43000030517578
2012-04-12,731.375,0.0,122.66999816894533
2012-04-13,704.1711229946524,0.0,119.87999725341795
2012-04-14,696.4071661237786,0.0,120.18000030517578
2012-04-15,694.7391304347826,0.0,121.70999908447266
2012-04-16,716.9722222222222,0.0,121.83000183105467
2012-04-17,712.0211764705882,0.0,121.83000183105467
2012-04-18,699.260663507109,0.0,121.83000183105467
2012-04-19,720.900468384075,0.0,118.68000030517578
2012-04-20,705.485,0.0,118.77999877929688
2012-04-21,718.8987341772151,0.0,117.97000122070312
2012-04-22,682.1860465116279,0.0,118.0
2012-04-23,701.5467625899281,0.0,118.76000213623048
2012-04-24,725.3224932249323,0.0,118.76000213623048
2012-04-25,698.8975609756097,0.0,118.76000213623048
2012-04-26,715.743961352657,0.0,118.70999908447266
2012-04-27,719.6675062972292,0.0,118.16000366210938
2012-04-28,702.216,0.0,119.12000274658205
2012-04-29,671.7818181818182,0.0,119.91999816894533
2012-04-30,712.2152974504249,0.0,119.83000183105467
2012-05-01,677.9770491803279,0.0,119.83000183105467
2012-05-02,682.311475409836,0.0,119.83000183105467
2012-05-03,701.0525114155251,0.0,119.47000122070312
2012-05-04,684.5871121718377,0.0,119.66000366210938
2012-05-05,667.031746031746,0.0,118.1999969482422
2012-05-06,665.2242990654206,0.0,116.08000183105467
2012-05-07,703.3458823529412,0.0,113.18000030517578
2012-05-08,687.0933014354067,0.0,113.18000030517578
2012-05-09,674.3503480278422,0.0,113.18000030517578
2012-05-10,695.0070093457944,0.0,113.16000366210938
2012-05-11,681.351620947631,0.0,112.7300033569336
2012-05-12,657.1754385964912,0.0,113.1999969482422
2012-05-13,639.3542600896861,0.0,112.7300033569336
2012-05-14,708.8162790697675,0.0,112.26000213623048
2012-05-15,694.9727047146401,0.0,112.26000213623048
2012-05-16,682.5249406175772,0.0,112.26000213623048
2012-05-17,704.3380281690141,0.0,111.56999969482422
2012-05-18,684.0314009661836,0.0,112.23999786376952
2012-05-19,700.7525252525253,0.0,111.70999908447266
2012-05-20,646.7815533980582,0.0,107.48999786376952
2012-05-21,707.8948655256723,0.0,107.13999938964844
2012-05-22,694.1818181818181,0.0,107.13999938964844
2012-05-23,693.1544117647059,0.0,107.13999938964844
2012-05-24,646.6338028169014,0.0,108.80999755859376
2012-05-25,676.2301587301587,0.0,108.41000366210938
2012-05-26,675.2098092643051,0.0,105.55999755859376
2012-05-27,631.9261363636364,0.0,106.5500030517578
2012-05-28,686.9501312335958,0.0,106.83000183105467
2012-05-29,673.133514986376,0.0,106.83000183105467
2012-05-30,664.0130890052357,0.0,106.83000183105467
2012-05-31,727.9885496183206,0.0,106.83000183105467
2012-06-01,695.0734908136483,0.0,106.68000030517578
2012-06-02,682.2902374670184,0.0,103.47000122070312
2012-06-03,629.2347417840375,0.0,101.87000274658205
2012-06-04,721.8509485094851,0.0,98.43000030517578
2012-06-05,708.5192307692307,0.0,98.43000030517578
2012-06-06,696.2600472813239,0.0,98.43000030517578
2012-06-07,714.7447306791569,0.0,98.8499984741211
2012-06-08,701.804347826087,0.0,98.83999633789062
2012-06-09,657.1213017751479,0.0,100.63999938964844
2012-06-10,650.9860465116279,0.0,99.93000030517578
2012-06-11,726.8139534883721,0.0,99.47000122070312
2012-06-12,708.3063725490196,0.0,99.47000122070312
2012-06-13,709.0363636363636,0.0,99.47000122070312
2012-06-14,725.0450236966825,0.0,98.0
2012-06-15,715.9467005076142,0.0,97.13999938964844
2012-06-16,706.7172236503856,0.0,97.12999725341795
2012-06-17,679.1339285714286,0.0,97.02999877929688
2012-06-18,757.9763033175356,0.0,97.61000061035156
2012-06-19,750.6452442159383,0.0,97.61000061035156
2012-06-20,725.154028436019,0.0,97.61000061035156
2012-06-21,745.7917737789203,0.0,96.0500030517578
2012-06-22,729.925187032419,0.0,95.76000213623048
2012-06-23,721.8342105263158,0.0,92.69000244140624
2012-06-24,706.2841530054645,0.0,89.2300033569336
2012-06-25,764.4103194103194,0.0,90.9800033569336
2012-06-26,771.225,0.0,90.9800033569336
2012-06-27,751.35101010101,0.0,90.9800033569336
2012-06-28,793.9615384615385,0.0,91.01000213623048
2012-06-29,768.2609819121448,0.0,93.0199966430664
2012-06-30,774.9383116883117,0.0,93.5
2012-07-01,747.7536231884058,0.0,91.36000061035156
2012-07-02,797.3474178403756,0.0,97.8000030517578
2012-07-03,803.2147971360382,0.0,97.8000030517578
2012-07-04,783.8091954022989,0.0,97.8000030517578
2012-07-05,806.2004608294931,0.0,97.33999633789062
2012-07-06,787.0416666666666,0.0,100.68000030517578
2012-07-07,814.58,0.0,100.68000030517578
2012-07-08,764.3434782608696,0.0,100.6999969482422
2012-07-09,817.8577981651376,0.0,98.19000244140624
2012-07-10,824.1,0.0,98.19000244140624
2012-07-11,810.5407925407925,0.0,98.19000244140624
2012-07-12,835.6549295774648,0.0,100.31999969482422
2012-07-13,793.8412322274881,0.0,97.97000122070312
2012-07-14,770.5865102639297,0.0,100.2300033569336
2012-07-15,791.7488151658767,0.0,101.06999969482422
2012-07-16,838.7352941176471,0.0,102.4000015258789
2012-07-17,814.2062350119904,0.0,102.4000015258789
2012-07-18,807.7870813397129,0.0,102.4000015258789
2012-07-19,856.36276849642,0.0,103.5500030517578
2012-07-20,821.4449438202247,0.0,104.0
2012-07-21,815.0197530864198,0.0,105.16000366210938
2012-07-22,791.3396226415094,0.0,107.8000030517578
2012-07-23,871.1560283687943,0.0,106.83000183105467
2012-07-24,826.7122302158274,0.0,106.83000183105467
2012-07-25,820.3446601941747,0.0,106.83000183105467
2012-07-26,864.5165876777252,0.0,103.26000213623048
2012-07-27,846.4658536585366,0.0,103.41999816894533
2012-07-28,809.2618384401114,0.0,104.37999725341795
2012-07-29,814.0290697674419,0.0,105.26000213623048
2012-07-30,876.95,0.0,106.47000122070312
2012-07-31,836.8212121212122,0.0,106.47000122070312
2012-08-01,836.6073059360731,0.0,106.47000122070312
2012-08-02,838.3006134969326,0.0,106.1999969482422
2012-08-03,845.9811764705883,0.0,104.91999816894533
2012-08-04,835.0024449877751,0.0,105.95999908447266
2012-08-05,810.1598360655738,0.0,105.9000015258789
2012-08-06,874.3786191536748,0.0,108.94000244140624
2012-08-07,865.1261261261261,0.0,108.94000244140624
2012-08-08,851.3584474885845,0.0,108.94000244140624
2012-08-09,870.2530413625304,0.0,109.5500030517578
2012-08-10,887.3403141361257,0.0,112.0
2012-08-11,827.4914772727273,0.0,112.13999938964844
2012-08-12,826.5196506550218,0.0,113.22000122070312
2012-08-13,869.513698630137,0.0,112.9499969482422
2012-08-14,887.3550561797753,0.0,112.9499969482422
2012-08-15,886.5691699604743,0.0,112.9499969482422
2012-08-16,909.1708333333333,0.0,113.5999984741211
2012-08-17,892.1616161616162,0.0,114.02999877929688
2012-08-18,876.8265306122449,0.0,116.25
2012-08-19,845.448275862069,0.0,116.9000015258789
2012-08-20,853.432055749129,0.0,113.70999908447266
2012-08-21,900.9254807692307,0.0,113.70999908447266
2012-08-22,864.3431151241535,0.0,113.70999908447266
2012-08-23,906.962389380531,0.0,113.6999969482422
2012-08-24,875.4576659038902,0.0,114.63999938964844
2012-08-25,871.2586206896551,0.0,114.91000366210938
2012-08-26,860.1592039800995,0.0,115.01000213623048
2012-08-27,900.5607476635514,0.0,113.58999633789062
2012-08-28,859.2583732057416,0.0,113.58999633789062
2012-08-29,830.6840855106889,0.0,113.58999633789062
2012-08-30,842.0201005025126,0.0,112.26000213623048
2012-08-31,825.0247252747253,0.0,112.58000183105467
2012-09-01,861.3866348448687,0.0,112.54000091552734
2012-09-02,819.0722891566265,0.0,112.6500015258789
2012-09-03,897.9193899782135,0.0,114.56999969482422
2012-09-04,872.9624724061811,0.0,114.56999969482422
2012-09-05,858.1750547045951,0.0,114.56999969482422
2012-09-06,866.7833698030635,0.0,114.56999969482422
2012-09-07,874.6894273127754,0.0,114.18000030517578
2012-09-08,819.8722826086956,0.0,113.08999633789062
2012-09-09,821.7685950413223,0.0,113.48999786376952
2012-09-10,854.3574660633484,0.0,114.25
2012-09-11,843.7868131868132,0.0,114.25
2012-09-12,835.2595078299777,0.0,114.25
2012-09-13,866.6052631578947,0.0,114.80999755859376
2012-09-14,860.3191011235955,0.0,115.4000015258789
2012-09-15,812.0876288659794,0.0,115.95999908447266
2012-09-16,793.8565217391305,0.0,116.9000015258789
2012-09-17,861.9170506912442,0.0,116.9000015258789
2012-09-18,850.2099322799097,0.0,116.9000015258789
2012-09-19,838.7384615384616,0.0,116.9000015258789
2012-09-20,863.5880597014925,0.0,116.9000015258789
2012-09-21,803.179802955665,0.0,112.02999877929688
2012-09-22,823.0997566909975,0.0,108.19000244140624
2012-09-23,809.056,0.0,110.02999877929688
2012-09-24,861.5644768856448,0.0,111.41999816894533
2012-09-25,864.483950617284,0.0,111.41999816894533
2012-09-26,825.6183908045977,0.0,111.41999816894533
2012-09-27,840.5663507109005,0.0,109.80999755859376
2012-09-28,841.9208633093525,0.0,110.4499969482422
2012-09-29,839.1785714285714,0.0,110.04000091552734
2012-09-30,802.8051948051948,0.0,112.01000213623048
2012-10-01,864.1472684085511,0.0,112.38999938964844
2012-10-02,827.384105960265,0.0,112.38999938964844
2012-10-03,825.4509345794393,0.0,112.38999938964844
2012-10-04,861.0503282275711,0.0,112.19000244140624
2012-10-05,871.0939597315436,0.0,111.56999969482422
2012-10-06,827.3215189873417,0.0,108.16999816894533
2012-10-07,813.6341463414634,0.0,112.58000183105467
2012-10-08,881.7460317460317,0.0,112.0199966430664
2012-10-09,871.664367816092,0.0,112.0199966430664
2012-10-10,858.1955555555555,0.0,112.0199966430664
2012-10-11,891.5800464037123,0.0,111.81999969482422
2012-10-12,904.8400900900901,0.0,114.5
2012-10-13,856.1666666666666,0.0,114.33000183105467
2012-10-14,854.2088353413654,0.0,115.70999908447266
2012-10-15,938.7466666666667,0.0,114.62000274658205
2012-10-16,941.2703962703963,0.0,114.62000274658205
2012-10-17,923.7146226415094,0.0,114.62000274658205
2012-10-18,951.828125,0.0,115.8000030517578
2012-10-19,973.4004796163069,0.0,115.06999969482422
2012-10-20,971.4143920595534,0.0,115.06999969482422
2012-10-21,947.2418604651162,0.0,115.06999969482422
2012-10-22,1039.654794520548,0.0,110.13999938964844
2012-10-23,979.8711656441718,0.0,110.13999938964844
2012-10-24,986.5037313432836,0.0,110.13999938964844
2012-10-25,1060.3031784841075,0.0,109.44000244140624
2012-10-26,1018.0085959885387,0.0,108.25
2012-10-27,1049.6313993174062,0.0,107.8499984741211
2012-10-28,1035.9662921348315,0.0,108.48999786376952
2012-10-29,1149.0564263322883,0.0,109.5500030517578
2012-10-30,1131.2271604938271,0.0,109.5500030517578
2012-10-31,1126.0324324324324,0.0,109.5500030517578
2012-11-01,1175.1875,0.0,109.5500030517578
2012-11-02,1145.9267734553775,0.0,109.5500030517578
2012-11-03,1142.547846889952,0.0,108.6999969482422
2012-11-04,1090.9406779661017,0.0,108.16999816894533
2012-11-05,1174.1123853211009,0.0,105.68000030517578
2012-11-06,1167.7840375586854,0.0,105.68000030517578
2012-11-07,1145.6799116997793,0.0,105.68000030517578
2012-11-08,1192.164810690423,0.0,107.7300033569336
2012-11-09,1142.6514806378132,0.0,111.06999969482422
2012-11-10,1086.692082111437,0.0,106.81999969482422
2012-11-11,1091.827906976744,0.0,107.25
2012-11-12,1196.5616438356165,0.0,109.4000015258789
2012-11-13,1134.8925925925926,0.0,109.4000015258789
2012-11-14,1260.8365758754865,0.0,109.4000015258789
2012-11-15,1194.6387283236995,0.0,109.06999969482422
2012-11-16,1178.3383084577115,0.0,108.26000213623048
2012-11-17,1159.9809264305177,0.0,109.61000061035156
2012-11-18,1159.8093023255815,0.0,110.9800033569336
2012-11-19,1218.6936274509803,0.0,110.9800033569336
2012-11-20,1230.651851851852,0.0,110.9800033569336
2012-11-21,1231.0114416475972,0.0,110.9800033569336
2012-11-22,1255.6098130841121,0.0,110.83999633789062
2012-11-23,1235.874109263658,0.0,109.83000183105467
2012-11-24,1194.0480225988701,0.0,110.86000061035156
2012-11-25,1162.7905759162304,0.0,110.86000061035156
2012-11-26,1287.9336492890995,0.0,111.37999725341795
2012-11-27,1283.7219512195122,0.0,111.37999725341795
2012-11-28,1287.759375,0.0,111.37999725341795
2012-11-29,1295.3887530562347,0.0,110.91999816894533
2012-11-30,1310.9419889502763,0.0,109.87000274658205
2012-12-01,1280.89124668435,0.0,109.51000213623048
2012-12-02,1221.1538461538462,0.0,110.76000213623048
2012-12-03,1377.6045454545454,0.0,111.2300033569336
2012-12-04,1325.528735632184,0.0,111.2300033569336
2012-12-05,1305.4754464285713,0.0,111.2300033569336
2012-12-06,1355.2844243792324,0.0,110.91999816894533
2012-12-07,1349.720823798627,0.0,109.83999633789062
2012-12-08,1281.3039772727273,0.0,108.80999755859376
2012-12-09,1264.5775862068965,0.0,107.02999877929688
2012-12-10,1368.8772727272728,0.0,107.0199966430664
2012-12-11,1380.5204545454546,0.0,107.0199966430664
2012-12-12,1362.9747126436782,0.0,107.0199966430664
2012-12-13,1415.3188405797102,0.0,107.33000183105467
2012-12-14,1379.1140142517816,0.0,108.01000213623048
2012-12-15,1351.225,0.0,109.5
2012-12-16,1282.0896860986547,0.0,107.91000366210938
2012-12-17,1374.594470046083,0.0,109.1500015258789
2012-12-18,1384.418181818182,0.0,109.1500015258789
2012-12-19,1365.534090909091,0.0,109.1500015258789
2012-12-20,1386.6626506024097,0.0,109.1500015258789
2012-12-21,1335.6274038461538,0.0,109.1500015258789
2012-12-22,1292.681233933162,0.0,110.36000061035156
2012-12-23,1229.3014354066986,0.0,110.1999969482422
2012-12-24,1336.7132701421801,0.0,108.97000122070312
2012-12-25,1258.5068027210884,0.0,108.97000122070312
2012-12-26,1298.0772946859904,0.0,108.97000122070312
2012-12-27,1334.9106280193237,0.0,108.8000030517578
2012-12-28,1311.1005154639174,0.0,108.8000030517578
2012-12-29,1282.1944444444443,0.0,111.06999969482422
2012-12-30,1223.3192771084337,0.0,110.8000030517578
2012-12-31,1322.4,0.0,110.62000274658205
2013-01-01,1310.311778290993,0.0,110.62000274658205
2013-01-02,1326.135632183908,0.0,110.62000274658205
2013-01-03,1314.4528735632184,0.0,111.11000061035156
2013-01-04,1313.5034642032333,0.0,111.11000061035156
2013-01-05,1296.8260869565217,0.0,112.47000122070312
2013-01-06,1239.1050420168067,0.0,112.13999938964844
2013-01-07,1340.3068181818182,0.0,111.30999755859376
2013-01-08,1324.4405594405594,0.0,111.30999755859376
2013-01-09,1310.0324825986079,0.0,111.30999755859376
2013-01-10,1341.3590909090908,0.0,111.4000015258789
2013-01-11,1344.8114143920595,0.0,111.94000244140624
2013-01-12,1281.0112676056337,0.0,111.76000213623048
2013-01-13,1271.0168776371308,0.0,111.88999938964844
2013-01-14,1409.8956043956043,0.0,110.63999938964844
2013-01-15,1363.3366834170854,0.0,110.63999938964844
2013-01-16,1344.2539682539682,0.0,110.63999938964844
2013-01-17,1379.485193621868,0.0,111.87999725341795
2013-01-18,1387.8625,0.0,110.3000030517578
2013-01-19,1384.750629722922,0.0,110.61000061035156
2013-01-20,1339.1004566210045,0.0,110.61000061035156
2013-01-21,1473.811059907834,0.0,110.61000061035156
2013-01-22,1473.997679814385,0.0,110.61000061035156
2013-01-23,1480.93417721519,0.0,110.61000061035156
2013-01-24,1495.76322418136,0.0,110.61000061035156
2013-01-25,1563.996904024768,0.0,112.41999816894533
2013-01-26,1551.3265306122448,0.0,112.8000030517578
2013-01-27,1500.0172413793102,0.0,113.27999877929688
2013-01-28,1624.8865740740741,0.0,113.27999877929688
2013-01-29,1649.1240875912408,0.0,113.27999877929688
2013-01-30,1667.709756097561,0.0,113.27999877929688
2013-01-31,1764.2763532763533,0.0,113.4800033569336
2013-02-01,1796.6866028708134,0.0,114.36000061035156
2013-02-02,1809.5174129353234,0.0,114.9000015258789
2013-02-03,1774.8311688311687,0.0,115.5500030517578
2013-02-04,1846.9882903981265,0.0,116.76000213623048
2013-02-05,1838.080487804878,0.0,116.76000213623048
2013-02-06,1860.2853881278538,0.0,116.76000213623048
2013-02-07,1886.6136363636363,0.0,115.5999984741211
2013-02-08,1903.4,0.0,116.5199966430664
2013-02-09,1823.5441595441596,0.0,116.7300033569336
2013-02-10,1858.1917808219177,0.0,117.23999786376952
2013-02-11,1853.1593533487298,0.0,118.9000015258789
2013-02-12,1822.0597701149425,0.0,118.9000015258789
2013-02-13,1791.8344671201814,0.0,118.9000015258789
2013-02-14,1761.4097995545658,0.0,118.12999725341795
2013-02-15,1702.6221079691518,0.0,118.66000366210938
2013-02-16,1670.5098522167489,0.0,118.72000122070312
2013-02-17,1607.367256637168,0.0,118.58000183105467
2013-02-18,1690.849099099099,0.0,118.58000183105467
2013-02-19,1626.9057471264368,0.0,118.58000183105467
2013-02-20,1580.1246819338423,0.0,118.58000183105467
2013-02-21,1528.2881773399015,0.0,118.58000183105467
2013-02-22,1617.8329466357309,0.0,117.5199966430664
2013-02-23,1558.8268292682926,0.0,115.5999984741211
2013-02-24,1557.8341232227488,0.0,113.52999877929688
2013-02-25,1594.7846534653465,0.0,114.0999984741211
2013-02-26,1544.8813186813186,0.0,114.0999984741211
2013-02-27,1512.8534883720931,0.0,114.0999984741211
2013-02-28,1526.2287735849056,0.0,114.44000244140624
2013-03-01,1484.3213483146067,0.0,112.70999908447266
2013-03-02,1440.338061465721,0.0,111.87000274658205
2013-03-03,1411.156,0.0,111.37999725341795
2013-03-04,1453.1930585683297,0.0,110.4000015258789
2013-03-05,1395.5274725274726,0.0,110.4000015258789
2013-03-06,1376.3755555555556,0.0,110.4000015258789
2013-03-07,1395.586129753915,0.0,110.08999633789062
2013-03-08,1346.938864628821,0.0,111.61000061035156
2013-03-09,1274.8342391304348,0.0,111.05999755859376
2013-03-10,1322.263829787234,0.0,111.1500015258789
2013-03-11,1374.8264840182649,0.0,110.8499984741211
2013-03-12,1320.845132743363,0.0,110.8499984741211
2013-03-13,1301.0241228070176,0.0,110.8499984741211
2013-03-14,1351.5274725274726,0.0,110.22000122070312
2013-03-15,1301.764705882353,0.0,109.6500015258789
2013-03-16,1305.9153318077804,0.0,108.5199966430664
2013-03-17,1272.1324786324785,0.0,109.41999816894533
2013-03-18,1322.9404255319148,0.0,109.37999725341795
2013-03-19,1293.6982378854625,0.0,109.37999725341795
2013-03-20,1299.935064935065,0.0,109.37999725341795
2013-03-21,1312.0632054176072,0.0,109.37999725341795
2013-03-22,1297.334916864608,0.0,107.4499969482422
2013-03-23,1304.235588972431,0.0,108.72000122070312
2013-03-24,1279.0811965811965,0.0,107.47000122070312
2013-03-25,1317.5368171021378,0.0,107.66000366210938
2013-03-26,1340.2625698324023,0.0,107.66000366210938
2013-03-27,1399.5023474178404,0.0,107.66000366210938
2013-03-28,1281.3451612903225,0.0,108.16999816894533
2013-03-29,1228.3205574912893,0.0,109.36000061035156
2013-03-30,1319.1892655367233,0.0,109.69000244140624
2013-03-31,1289.012048192771,0.0,110.0199966430664
2013-04-01,1323.3261904761905,0.0,110.0199966430664
2013-04-02,1304.4645308924485,0.0,110.0199966430664
2013-04-03,1269.5254237288136,0.0,110.0199966430664
2013-04-04,1291.457264957265,0.0,111.08000183105467
2013-04-05,1280.9257641921397,0.0,110.69000244140624
2013-04-06,1259.25117370892,0.0,107.11000061035156
2013-04-07,1232.6806722689075,0.0,106.33999633789062
2013-04-08,1274.682326621924,0.0,104.12000274658205
2013-04-09,1246.8599137931035,0.0,104.12000274658205
2013-04-10,1244.8619909502263,0.0,104.12000274658205
2013-04-11,1271.8778054862844,0.0,104.66000366210938
2013-04-12,1233.7729468599034,0.0,106.2300033569336
2013-04-13,1151.817438692098,0.0,105.79000091552734
2013-04-14,1162.368888888889,0.0,104.2699966430664
2013-04-15,1234.3024390243902,0.0,103.11000061035156
2013-04-16,1181.9141531322505,0.0,103.11000061035156
2013-04-17,1140.7936507936508,0.0,103.11000061035156
2013-04-18,1185.0181818181818,0.0,100.38999938964844
2013-04-19,1155.3251366120219,0.0,100.36000061035156
2013-04-20,1139.0379746835442,0.0,100.36000061035156
2013-04-21,1120.1379310344828,0.0,99.12999725341795
2013-04-22,1155.7460674157303,0.0,99.6500015258789
2013-04-23,1145.4934036939314,0.0,99.6500015258789
2013-04-24,1118.0299539170508,0.0,99.6500015258789
2013-04-25,1164.415422885572,0.0,100.38999938964844
2013-04-26,1094.2647814910026,0.0,100.30999755859376
2013-04-27,1116.0816326530612,0.0,101.7300033569336
2013-04-28,1092.413612565445,0.0,103.41000366210938
2013-04-29,1142.5614457831325,0.0,103.16000366210938
2013-04-30,1112.2267904509283,0.0,103.16000366210938
2013-05-01,1112.2849315068493,0.0,103.16000366210938
2013-05-02,1168.4490238611713,0.0,103.80999755859376
2013-05-03,1103.9402298850575,0.0,102.37000274658205
2013-05-04,1103.1144859813085,0.0,99.9499969482422
2013-05-05,1031.7644628099174,0.0,102.8499984741211
2013-05-06,1167.3854875283446,0.0,104.19000244140624
2013-05-07,1106.929061784897,0.0,104.19000244140624
2013-05-08,1110.0389016018307,0.0,104.19000244140624
2013-05-09,1131.5188235294117,0.0,105.45999908447266
2013-05-10,1084.3695150115473,0.0,104.4000015258789
2013-05-11,1042.9232876712329,0.0,104.33999633789062
2013-05-12,1051.292372881356,0.0,104.47000122070312
2013-05-13,1144.9851485148515,0.0,103.91000366210938
2013-05-14,1087.5908096280089,0.0,103.91000366210938
2013-05-15,1072.5444685466377,0.0,103.91000366210938
2013-05-16,1097.4507658643327,0.0,102.81999969482422
2013-05-17,1070.621247113164,0.0,102.5999984741211
2013-05-18,1065.6875,0.0,103.68000030517578
2013-05-19,1014.2857142857143,0.0,103.8000030517578
2013-05-20,1108.4630872483222,0.0,103.72000122070312
2013-05-21,1056.7787810383747,0.0,103.72000122070312
2013-05-22,1064.858719646799,0.0,103.72000122070312
2013-05-23,1134.0782608695652,0.0,103.72000122070312
2013-05-24,1080.5045045045044,0.0,103.91000366210938
2013-05-25,1083.2075471698113,0.0,102.5999984741211
2013-05-26,1041.5023923444976,0.0,102.44000244140624
2013-05-27,1140.4868995633187,0.0,102.63999938964844
2013-05-28,1096.3991031390135,0.0,102.63999938964844
2013-05-29,1100.8266666666666,0.0,102.63999938964844
2013-05-30,1151.7220982142858,0.0,102.63999938964844
2013-05-31,1140.6805194805195,0.0,104.2300033569336
2013-06-01,1119.3628841607565,0.0,102.43000030517578
2013-06-02,1070.4176706827309,0.0,102.19000244140624
2013-06-03,1172.8865546218487,0.0,100.38999938964844
2013-06-04,1146.1162280701753,0.0,100.38999938964844
2013-06-05,1153.9679487179487,0.0,100.38999938964844
2013-06-06,1198.1350210970463,0.0,102.05999755859376
2013-06-07,1166.23908045977,0.0,103.23999786376952
2013-06-08,1086.5706371191136,0.0,103.04000091552734
2013-06-09,1116.22,0.0,103.61000061035156
2013-06-10,1230.96420824295,0.0,104.55999755859376
2013-06-11,1211.530474040632,0.0,104.55999755859376
2013-06-12,1168.3355704697988,0.0,104.55999755859376
2013-06-13,1262.4021505376345,0.0,103.9499969482422
2013-06-14,1202.1890660592255,0.0,102.95999908447266
2013-06-15,1185.5518072289155,0.0,103.48999786376952
2013-06-16,1166.5102880658437,0.0,104.25
2013-06-17,1317.4273127753304,0.0,104.29000091552734
2013-06-18,1290.737668161435,0.0,104.29000091552734
2013-06-19,1312.3215859030836,0.0,104.29000091552734
2013-06-20,1417.1623376623377,0.0,104.29000091552734
2013-06-21,1404.6290672451194,0.0,106.0199966430664
2013-06-22,1359.3667481662592,0.0,106.12000274658205
2013-06-23,1359.2521739130434,0.0,102.1500015258789
2013-06-24,1505.0776053215077,0.0,100.91000366210938
2013-06-25,1472.787037037037,0.0,100.91000366210938
2013-06-26,1488.2460496613996,0.0,100.91000366210938
2013-06-27,1580.0846325167038,0.0,101.16000366210938
2013-06-28,1534.193236714976,0.0,101.26000213623048
2013-06-29,1513.6595174262734,0.0,101.66000366210938
2013-06-30,1499.125,0.0,102.81999969482422
2013-07-01,1660.8282608695652,0.0,102.16000366210938
2013-07-02,1655.0674157303372,0.0,102.16000366210938
2013-07-03,1658.7847826086957,0.0,102.16000366210938
2013-07-04,1754.41059602649,0.0,103.0
2013-07-05,1735.0933940774487,0.0,104.0
2013-07-06,1756.9810874704492,0.0,105.76000213623048
2013-07-07,1705.0196078431372,0.0,105.76000213623048
2013-07-08,1865.377990430622,0.0,107.72000122070312
2013-07-09,1863.4769585253457,0.0,107.72000122070312
2013-07-10,1863.9538834951456,0.0,107.72000122070312
2013-07-11,1961.8284424379233,0.0,107.43000030517578
2013-07-12,1966.3736017897093,0.0,107.80999755859376
2013-07-13,1889.3815028901734,0.0,108.51000213623048
2013-07-14,1924.314049586777,0.0,107.7300033569336
2013-07-15,2055.532258064516,0.0,108.80999755859376
2013-07-16,2057.4348785871966,0.0,108.80999755859376
2013-07-17,2122.7719298245615,0.0,108.80999755859376
2013-07-18,2223.8662420382166,0.0,109.08999633789062
2013-07-19,2172.3107476635514,0.0,109.4000015258789
2013-07-20,2217.394495412844,0.0,109.36000061035156
2013-07-21,2124.675889328063,0.0,109.36000061035156
2013-07-22,2280.7364864864867,0.0,108.06999969482422
2013-07-23,2292.5228310502284,0.0,108.06999969482422
2013-07-24,2278.451193058568,0.0,108.06999969482422
2013-07-25,2331.7311827956987,0.0,108.1500015258789
2013-07-26,2343.4079254079256,0.0,108.41999816894533
2013-07-27,2305.157276995305,0.0,107.19000244140624
2013-07-28,2271.590243902439,0.0,107.6500015258789
2013-07-29,2364.989200863931,0.0,107.16999816894533
2013-07-30,2366.450116009281,0.0,107.16999816894533
2013-07-31,2402.773536895674,0.0,107.16999816894533
2013-08-01,2465.8533333333335,0.0,107.4499969482422
2013-08-02,2414.8042959427207,0.0,106.91000366210938
2013-08-03,2434.014319809069,0.0,107.6999969482422
2013-08-04,2404.6491228070176,0.0,109.54000091552734
2013-08-05,2517.321917808219,0.0,108.9499969482422
2013-08-06,2553.558208955224,0.0,108.9499969482422
2013-08-07,2633.401554404145,0.0,108.9499969482422
2013-08-08,2706.9702702702702,0.0,108.6999969482422
2013-08-09,2902.55938697318,0.0,108.18000030517578
2013-08-10,3034.875850340136,0.0,107.44000244140624
2013-08-11,3343.170616113744,0.0,106.68000030517578
2013-08-12,3631.3255208333335,0.0,108.22000122070312
2013-08-13,3915.251968503937,0.0,108.22000122070312
2013-08-14,4112.319201995013,0.0,108.22000122070312
2013-08-15,4146.014851485149,0.0,108.97000122070312
2013-08-16,4231.837974683544,0.0,109.81999969482422
2013-08-17,4229.147368421052,0.0,110.1999969482422
2013-08-18,4175.190476190476,0.0,111.11000061035156
2013-08-19,4156.923937360179,0.0,111.16999816894533
2013-08-20,4087.8894601542415,0.0,111.16999816894533
2013-08-21,4026.06783919598,0.0,111.16999816894533
2013-08-22,4017.3879093198993,0.0,111.16999816894533
2013-08-23,4103.494974874372,0.0,110.1500015258789
2013-08-24,4047.571038251366,0.0,109.80999755859376
2013-08-25,3971.880681818182,0.0,109.9000015258789
2013-08-26,4035.693827160494,0.0,111.04000091552734
2013-08-27,4012.277078085642,0.0,111.04000091552734
2013-08-28,3936.7792642140466,0.0,111.04000091552734
2013-08-29,4058.845,0.0,110.7300033569336
2013-08-30,3973.925531914894,0.0,114.36000061035156
2013-08-31,3897.1008645533143,0.0,116.61000061035156
2013-09-01,3890.4634146341464,0.0,115.16000366210938
2013-09-02,3958.4441747572814,0.0,114.01000213623048
2013-09-03,3962.0661764705883,0.0,114.01000213623048
2013-09-04,3898.7978723404253,0.0,114.01000213623048
2013-09-05,4056.896373056995,0.0,114.01000213623048
2013-09-06,4053.2153465346537,0.0,115.68000030517578
2013-09-07,4043.598885793872,0.0,114.91000366210938
2013-09-08,3966.3888888888887,0.0,115.26000213623048
2013-09-09,4084.3137829912025,0.0,116.12000274658205
2013-09-10,4047.375,0.0,116.12000274658205
2013-09-11,4095.5596107055962,0.0,116.12000274658205
2013-09-12,4166.866004962779,0.0,113.72000122070312
2013-09-13,4173.66835443038,0.0,111.25
2013-09-14,4140.592833876221,0.0,111.5
2013-09-15,4123.528571428571,0.0,112.62999725341795
2013-09-16,4242.714285714285,0.0,112.77999877929688
2013-09-17,4473.80376344086,0.0,112.77999877929688
2013-09-18,4741.158441558441,0.0,112.77999877929688
2013-09-19,4967.098557692308,0.0,112.77999877929688
2013-09-20,4891.7584415584415,0.0,112.77999877929688
2013-09-21,4812.377906976744,0.0,110.5999984741211
2013-09-22,4663.445945945946,0.0,108.76000213623048
2013-09-23,4637.560364464693,0.0,109.22000122070312
2013-09-24,4539.551643192488,0.0,109.22000122070312
2013-09-25,4417.033734939759,0.0,109.22000122070312
2013-09-26,4456.1712962962965,0.0,108.16000366210938
2013-09-27,4440.322164948454,0.0,108.63999938964844
2013-09-28,4344.320652173913,0.0,108.31999969482422
2013-09-29,4335.867052023122,0.0,109.20999908447266
2013-09-30,4206.42819843342,0.0,108.62999725341795
2013-10-01,4070.535532994924,0.0,108.62999725341795
2013-10-02,4171.214876033057,0.0,108.62999725341795
2013-10-03,3930.7881136950905,0.0,108.37000274658205
2013-10-04,4106.949640287769,0.0,107.94000244140624
2013-10-05,3755.362068965517,0.0,109.19000244140624
2013-10-06,3981.9556650246304,0.0,109.0
2013-10-07,3942.4376657824932,0.0,109.45999908447266
2013-10-08,3974.5333333333333,0.0,109.45999908447266
2013-10-09,3856.902140672783,0.0,109.45999908447266
2013-10-10,3805.8339920948615,0.0,109.68000030517578
2013-10-11,3712.1463414634145,0.0,110.16000366210938
2013-10-12,3856.138655462185,0.0,109.05999755859376
2013-10-13,3896.9745222929937,0.0,111.8000030517578
2013-10-14,3882.1532846715327,0.0,111.27999877929688
2013-10-15,4033.3044871794873,0.0,111.27999877929688
2013-10-16,3975.9136690647483,0.0,111.27999877929688
2013-10-17,4146.20796460177,0.0,111.04000091552734
2013-10-18,4213.592964824121,0.0,109.95999908447266
2013-10-19,4286.779456193353,0.0,110.86000061035156
2013-10-20,4275.189573459716,0.0,110.97000122070312
2013-10-21,4471.587951807229,0.0,110.97000122070312
2013-10-22,4609.046341463415,0.0,110.97000122070312
2013-10-23,4737.2141119221415,0.0,110.97000122070312
2013-10-24,4904.88,0.0,109.63999938964844
2013-10-25,4957.92,0.0,109.97000122070312
2013-10-26,4851.038567493113,0.0,107.8000030517578
2013-10-27,4710.072625698324,0.0,106.98999786376952
2013-10-28,4749.761904761905,0.0,106.93000030517578
2013-10-29,4658.8054054054055,0.0,106.93000030517578
2013-10-30,4603.133879781421,0.0,106.93000030517578
2013-10-31,4483.29020979021,0.0,109.61000061035156
2013-11-01,4464.333333333333,0.0,109.01000213623048
2013-11-02,4360.95744680851,0.0,109.86000061035156
2013-11-03,4298.741573033708,0.0,108.83999633789062
2013-11-04,4775.68992248062,0.0,105.91000366210938
2013-11-05,4476.898692810458,0.0,105.91000366210938
2013-11-06,4345.376923076923,0.0,105.91000366210938
2013-11-07,4345.36040609137,0.0,106.2300033569336
2013-11-08,4305.005347593583,0.0,105.33000183105467
2013-11-09,4165.541666666667,0.0,105.23999786376952
2013-11-10,4136.697916666667,0.0,103.45999908447266
2013-11-11,4500.058047493404,0.0,105.12000274658205
2013-11-12,4410.282722513089,0.0,105.12000274658205
2013-11-13,4300.879265091863,0.0,105.12000274658205
2013-11-14,4090.11821086262,0.0,106.4000015258789
2013-11-15,4025.671232876712,0.0,105.80999755859376
2013-11-16,3892.2082018927445,0.0,107.12000274658205
2013-11-17,3631.9322033898306,0.0,108.54000091552734
2013-11-18,3611.6176470588234,0.0,108.5500030517578
2013-11-19,3745.143209876543,0.0,108.5500030517578
2013-11-20,3703.5827160493827,0.0,108.5500030517578
2013-11-21,3688.2188295165392,0.0,108.5500030517578
2013-11-22,3479.787535410765,0.0,106.91999816894533
2013-11-23,3324.609090909091,0.0,108.05999755859376
2013-11-24,3188.0267379679144,0.0,110.08000183105467
2013-11-25,3388.882640586797,0.0,111.0500030517578
2013-11-26,3186.9481865284974,0.0,111.0500030517578
2013-11-27,3090.8205741626793,0.0,111.0500030517578
2013-11-28,3005.8513853904283,0.0,111.0
2013-11-29,2839.4393530997304,0.0,110.87999725341795
2013-11-30,2649.813432835821,0.0,111.30999755859376
2013-12-01,2564.522167487685,0.0,111.30999755859376
2013-12-02,2573.5488721804513,0.0,109.69000244140624
2013-12-03,2534.798561151079,0.0,109.69000244140624
2013-12-04,2445.649758454106,0.0,109.69000244140624
2013-12-05,2437.4,0.0,111.4499969482422
2013-12-06,2418.6048192771086,0.0,112.62000274658205
2013-12-07,2359.992307692308,0.0,111.87999725341795
2013-12-08,2226.0,0.0,110.9800033569336
2013-12-09,2402.7704545454544,0.0,111.61000061035156
2013-12-10,2327.294536817102,0.0,111.61000061035156
2013-12-11,2269.354609929078,0.0,111.61000061035156
2013-12-12,2230.2699530516434,0.0,109.38999938964844
2013-12-13,2152.0150753768844,0.0,109.37999725341795
2013-12-14,1955.1946902654868,0.0,109.6999969482422
2013-12-15,1967.601895734597,0.0,108.66999816894533
2013-12-16,2096.7382075471696,0.0,108.83000183105467
2013-12-17,1958.8076923076924,0.0,108.83000183105467
2013-12-18,1941.2988505747126,0.0,108.83000183105467
2013-12-19,1834.9632183908045,0.0,110.47000122070312
2013-12-20,1724.2779156327542,0.0,110.41000366210938
2013-12-21,1726.6684073107049,0.0,110.41000366210938
2013-12-22,1553.621052631579,0.0,110.29000091552734
2013-12-23,1695.9045226130654,0.0,111.7699966430664
2013-12-24,1600.748031496063,0.0,111.7699966430664
2013-12-25,1494.5091575091576,0.0,111.7699966430664
2013-12-26,1611.8082901554403,0.0,111.55999755859376
2013-12-27,1557.7438016528927,0.0,111.9000015258789
2013-12-28,1584.5666666666666,0.0,111.9000015258789
2013-12-29,1488.923076923077,0.0,111.9800033569336
2013-12-30,1571.1540697674418,0.0,112.18000030517578
2013-12-31,1605.0977777777778,0.0,112.18000030517578
2014-01-01,1572.7664233576643,0.0,112.18000030517578
2014-01-02,1526.7533632286995,0.0,111.20999908447266
2014-01-03,1486.3763440860216,0.0,110.8000030517578
2014-01-04,1477.860310421286,0.0,110.8000030517578
2014-01-05,1447.1769547325102,0.0,107.77999877929688
2014-01-06,1506.9569672131147,0.0,106.88999938964844
2014-01-07,1486.0361445783133,0.0,106.88999938964844
2014-01-08,1472.141962421712,0.0,106.88999938964844
2014-01-09,1521.885771543086,0.0,106.7300033569336
2014-01-10,1469.2144469525958,0.0,107.3499984741211
2014-01-11,1355.8813559322034,0.0,107.1500015258789
2014-01-12,1406.469387755102,0.0,106.38999938964844
2014-01-13,1441.4409799554567,0.0,107.25
2014-01-14,1435.4638157894738,0.0,107.25
2014-01-15,1460.970802919708,0.0,107.25
2014-01-16,1430.689578713969,0.0,106.75
2014-01-17,1404.3177777777778,0.0,106.38999938964844
2014-01-18,1356.4632352941176,0.0,107.12999725341795
2014-01-19,1324.5296803652968,0.0,107.08999633789062
2014-01-20,1375.2438478747204,0.0,107.05999755859376
2014-01-21,1368.1402714932126,0.0,107.05999755859376
2014-01-22,1355.2648401826484,0.0,107.05999755859376
2014-01-23,1369.7459207459208,0.0,107.05999755859376
2014-01-24,1338.260047281324,0.0,107.05999755859376
2014-01-25,1313.29262086514,0.0,108.2699966430664
2014-01-26,1352.5314685314686,0.0,107.58000183105467
2014-01-27,1371.1554054054054,0.0,107.87999725341795
2014-01-28,1339.5805687203792,0.0,107.87999725341795
2014-01-29,1314.6405529953918,0.0,107.87999725341795
2014-01-30,1325.7406483790523,0.0,106.69000244140624
2014-01-31,1290.8508287292818,0.0,107.41000366210938
2014-02-01,1253.8181818181818,0.0,107.8499984741211
2014-02-02,1195.987012987013,0.0,107.9499969482422
2014-02-03,1276.5585585585586,0.0,106.4000015258789
2014-02-04,1274.3613231552163,0.0,106.4000015258789
2014-02-05,1233.3916083916083,0.0,106.4000015258789
2014-02-06,1255.826754385965,0.0,106.04000091552734
2014-02-07,1207.751724137931,0.0,105.77999877929688
2014-02-08,1153.9538904899136,0.0,106.25
2014-02-09,1188.754716981132,0.0,107.19000244140624
2014-02-10,1225.8595238095238,0.0,109.56999969482422
2014-02-11,1213.560975609756,0.0,109.56999969482422
2014-02-12,1205.2582159624412,0.0,109.56999969482422
2014-02-13,1198.1640091116174,0.0,108.62999725341795
2014-02-14,1168.3723958333333,0.0,108.68000030517578
2014-02-15,1166.6958762886597,0.0,108.79000091552734
2014-02-16,1120.6761904761904,0.0,108.7300033569336
2014-02-17,1145.6752941176471,0.0,108.7300033569336
2014-02-18,1123.4556074766356,0.0,108.7300033569336
2014-02-19,1143.264637002342,0.0,108.7300033569336
2014-02-20,1117.4931818181817,0.0,108.7300033569336
2014-02-21,1078.483644859813,0.0,108.7300033569336
2014-02-22,1072.8015267175572,0.0,110.47000122070312
2014-02-23,1087.1516853932585,0.0,110.3000030517578
2014-02-24,1117.9714964370546,0.0,109.8499984741211
2014-02-25,1127.8604118993135,0.0,109.8499984741211
2014-02-26,1110.4826789838337,0.0,109.8499984741211
2014-02-27,1128.671186440678,0.0,110.63999938964844
2014-02-28,1122.939393939394,0.0,109.51000213623048
2014-03-01,1126.0879396984924,0.0,109.5199966430664
2014-03-02,1090.155172413793,0.0,108.95999908447266
2014-03-03,1155.3973509933776,0.0,109.06999969482422
2014-03-04,1142.3436123348017,0.0,109.06999969482422
2014-03-05,1133.2423580786026,0.0,109.06999969482422
2014-03-06,1138.0748898678414,0.0,111.1999969482422
2014-03-07,1151.0922746781116,0.0,109.3000030517578
2014-03-08,1077.9943977591035,0.0,107.76000213623048
2014-03-09,1105.52,0.0,108.0999984741211
2014-03-10,1179.1929046563193,0.0,109.0
2014-03-11,1171.0963597430407,0.0,109.0
2014-03-12,1177.6863157894736,0.0,109.0
2014-03-13,1181.2829373650109,0.0,108.08000183105467
2014-03-14,1186.819383259912,0.0,108.5500030517578
2014-03-15,1151.1130653266332,0.0,108.0199966430664
2014-03-16,1161.5051546391753,0.0,107.38999938964844
2014-03-17,1257.7467248908297,0.0,108.56999969482422
2014-03-18,1182.6573426573427,0.0,108.56999969482422
2014-03-19,1146.732456140351,0.0,108.56999969482422
2014-03-20,1165.6134831460674,0.0,108.54000091552734
2014-03-21,1167.0633802816901,0.0,106.79000091552734
2014-03-22,1133.220297029703,0.0,105.8499984741211
2014-03-23,1124.3831775700935,0.0,106.4499969482422
2014-03-24,1150.8218262806236,0.0,106.91999816894533
2014-03-25,1156.7887323943662,0.0,106.91999816894533
2014-03-26,1159.472972972973,0.0,106.91999816894533
2014-03-27,1149.1334894613583,0.0,106.80999755859376
2014-03-28,1146.3182897862232,0.0,106.98999786376952
2014-03-29,1180.1746031746031,0.0,107.02999877929688
2014-03-30,1097.2297297297298,0.0,107.83000183105467
2014-03-31,1189.054054054054,0.0,108.06999969482422
2014-04-01,1160.4809160305344,0.0,108.06999969482422
2014-04-02,1131.084090909091,0.0,108.06999969482422
2014-04-03,1146.7664543524415,0.0,107.76000213623048
2014-04-04,1125.0339912280701,0.0,105.62000274658205
2014-04-05,1142.0686498855835,0.0,104.79000091552734
2014-04-06,1090.6036866359448,0.0,106.1500015258789
2014-04-07,1126.765625,0.0,106.72000122070312
2014-04-08,1156.692957746479,0.0,106.72000122070312
2014-04-09,1122.0046403712297,0.0,106.72000122070312
2014-04-10,1084.4721485411142,0.0,105.81999969482422
2014-04-11,1130.7837837837837,0.0,107.66999816894533
2014-04-12,1095.7570621468926,0.0,107.9800033569336
2014-04-13,1109.9571428571428,0.0,107.45999908447266
2014-04-14,1067.993670886076,0.0,107.33000183105467
2014-04-15,1065.4484679665738,0.0,107.33000183105467
2014-04-16,1139.7216981132076,0.0,107.33000183105467
2014-04-17,1096.22691292876,0.0,109.06999969482422
2014-04-18,1067.9228486646884,0.0,108.73999786376952
2014-04-19,1143.8648648648648,0.0,108.8000030517578
2014-04-20,1111.3593073593074,0.0,109.52999877929688
2014-04-21,1182.8636363636363,0.0,109.52999877929688
2014-04-22,1151.619266055046,0.0,109.52999877929688
2014-04-23,1174.3967517401393,0.0,109.52999877929688
2014-04-24,1177.0559610705595,0.0,109.9499969482422
2014-04-25,1132.6674757281553,0.0,109.2699966430664
2014-04-26,1152.6938775510205,0.0,109.11000061035156
2014-04-27,1124.0591397849462,0.0,110.33000183105467
2014-04-28,1175.3200934579438,0.0,109.58000183105467
2014-04-29,1179.7630922693268,0.0,109.58000183105467
2014-04-30,1262.6972789115646,0.0,109.58000183105467
2014-05-01,1175.9507692307693,0.0,108.12000274658205
2014-05-02,1181.6044776119404,0.0,108.9800033569336
2014-05-03,1169.953995157385,0.0,108.06999969482422
2014-05-04,1100.3628691983122,0.0,107.76000213623048
2014-05-05,1176.42600896861,0.0,108.58999633789062
2014-05-06,1190.9612756264237,0.0,108.58999633789062
2014-05-07,1162.0787589498807,0.0,108.58999633789062
2014-05-08,1137.3533333333332,0.0,107.72000122070312
2014-05-09,1176.3770114942529,0.0,107.05999755859376
2014-05-10,1108.4676056338028,0.0,108.12999725341795
2014-05-11,1108.5114155251142,0.0,108.04000091552734
2014-05-12,1189.5720930232558,0.0,107.88999938964844
2014-05-13,1215.121212121212,0.0,107.88999938964844
2014-05-14,1192.2587939698492,0.0,107.88999938964844
2014-05-15,1209.3100233100233,0.0,108.41000366210938
2014-05-16,1173.5108958837773,0.0,109.23999786376952
2014-05-17,1179.4397163120568,0.0,110.19000244140624
2014-05-18,1128.0570175438597,0.0,110.44000244140624
2014-05-19,1203.0863636363636,0.0,110.41999816894533
2014-05-20,1207.2494382022471,0.0,110.41999816894533
2014-05-21,1226.621739130435,0.0,110.41999816894533
2014-05-22,1213.5750577367205,0.0,109.37000274658205
2014-05-23,1235.0680751173709,0.0,109.69000244140624
2014-05-24,1181.5263157894738,0.0,110.5500030517578
2014-05-25,1168.6858638743456,0.0,110.36000061035156
2014-05-26,1219.1780821917807,0.0,110.54000091552734
2014-05-27,1232.0566037735848,0.0,110.54000091552734
2014-05-28,1248.8812351543943,0.0,110.54000091552734
2014-05-29,1224.0522565320666,0.0,110.54000091552734
2014-05-30,1211.3365384615386,0.0,110.0199966430664
2014-05-31,1241.9725609756097,0.0,109.80999755859376
2014-06-01,1157.9059405940593,0.0,109.97000122070312
2014-06-02,1245.021897810219,0.0,109.41000366210938
2014-06-03,1266.38995215311,0.0,109.41000366210938
2014-06-04,1270.5802752293578,0.0,109.41000366210938
2014-06-05,1273.6501182033096,0.0,108.83000183105467
2014-06-06,1244.3720379146919,0.0,108.81999969482422
2014-06-07,1286.894472361809,0.0,108.4000015258789
2014-06-08,1216.7405660377358,0.0,108.79000091552734
2014-06-09,1320.5141509433963,0.0,108.61000061035156
2014-06-10,1289.2916666666667,0.0,108.61000061035156
2014-06-11,1281.685393258427,0.0,108.61000061035156
2014-06-12,1335.8325892857142,0.0,109.98999786376952
2014-06-13,1340.0125,0.0,109.5199966430664
2014-06-14,1243.3030303030303,0.0,109.9499969482422
2014-06-15,1278.313432835821,0.0,113.0199966430664
2014-06-16,1379.7631578947369,0.0,113.41000366210938
2014-06-17,1409.925601750547,0.0,113.41000366210938
2014-06-18,1414.6493506493507,0.0,113.41000366210938
2014-06-19,1432.1939655172414,0.0,113.22000122070312
2014-06-20,1414.8223234624145,0.0,113.4499969482422
2014-06-21,1471.686746987952,0.0,114.26000213623048
2014-06-22,1433.674107142857,0.0,115.05999755859376
2014-06-23,1510.3589164785553,0.0,114.80999755859376
2014-06-24,1561.7697516930023,0.0,114.80999755859376
2014-06-25,1584.75799086758,0.0,114.80999755859376
2014-06-26,1608.6004415011037,0.0,114.12000274658205
2014-06-27,1638.7824074074074,0.0,114.45999908447266
2014-06-28,1653.5891089108911,0.0,114.0
2014-06-29,1691.683908045977,0.0,113.20999908447266
2014-06-30,1730.4864864864865,0.0,113.3000030517578
2014-07-01,1813.7699115044247,0.0,113.3000030517578
2014-07-02,1872.0677966101696,0.0,113.3000030517578
2014-07-03,1856.3248407643312,0.0,112.36000061035156
2014-07-04,1909.4922394678492,0.0,112.29000091552734
2014-07-05,1933.6873508353221,0.0,111.23999786376952
2014-07-06,1923.8808510638298,0.0,111.0
2014-07-07,1993.4835164835165,0.0,111.0
2014-07-08,2042.7223427331887,0.0,111.0
2014-07-09,2072.9166666666665,0.0,111.0
2014-07-10,2070.7527593818986,0.0,110.23999786376952
2014-07-11,2086.116331096197,0.0,108.94000244140624
2014-07-12,2080.4305555555557,0.0,108.27999877929688
2014-07-13,2064.122807017544,0.0,108.66999816894533
2014-07-14,2102.9599109131404,0.0,106.66000366210938
2014-07-15,2138.723595505618,0.0,106.66000366210938
2014-07-16,2107.127802690583,0.0,106.66000366210938
2014-07-17,2147.7365145228214,0.0,106.9800033569336
2014-07-18,2151.1425438596493,0.0,106.0199966430664
2014-07-19,2122.6094527363184,0.0,105.8499984741211
2014-07-20,2102.035087719298,0.0,105.95999908447266
2014-07-21,2155.9954648526077,0.0,107.23999786376952
2014-07-22,2174.856823266219,0.0,107.23999786376952
2014-07-23,2161.368070953437,0.0,107.23999786376952
2014-07-24,2141.386956521739,0.0,107.68000030517578
2014-07-25,2146.182481751825,0.0,107.33000183105467
2014-07-26,2075.745856353591,0.0,108.02999877929688
2014-07-27,2112.823529411765,0.0,107.06999969482422
2014-07-28,2085.5900783289817,0.0,108.38999938964844
2014-07-29,2103.61328125,0.0,108.38999938964844
2014-07-30,2183.7334963325184,0.0,108.38999938964844
2014-07-31,2160.9462915601025,0.0,107.56999969482422
2014-08-01,2229.8997722095673,0.0,107.72000122070312
2014-08-02,2233.6195372750644,0.0,106.51000213623048
2014-08-03,2187.766990291262,0.0,106.0199966430664
2014-08-04,2261.203791469194,0.0,104.83999633789062
2014-08-05,2216.2193995381062,0.0,104.83999633789062
2014-08-06,2196.542986425339,0.0,104.83999633789062
2014-08-07,2219.75,0.0,105.41000366210938
2014-08-08,2101.274157303371,0.0,104.61000061035156
2014-08-09,2031.1580459770114,0.0,104.58999633789062
2014-08-10,2026.84375,0.0,105.44000244140624
2014-08-11,2125.804651162791,0.0,105.0199966430664
2014-08-12,2090.1903553299494,0.0,105.0199966430664
2014-08-13,2088.9405520169853,0.0,105.0199966430664
2014-08-14,2096.0242290748897,0.0,104.68000030517578
2014-08-15,1987.679802955665,0.0,103.0199966430664
2014-08-16,2074.7318295739346,0.0,104.27999877929688
2014-08-17,2017.7251184834124,0.0,102.01000213623048
2014-08-18,2109.5907859078593,0.0,101.9499969482422
2014-08-19,2059.2232779097385,0.0,101.9499969482422
2014-08-20,1973.6602870813397,0.0,101.9499969482422
2014-08-21,2023.899766899767,0.0,101.5999984741211
2014-08-22,2004.2722891566266,0.0,101.55999755859376
2014-08-23,1999.8940568475452,0.0,102.27999877929688
2014-08-24,1981.1083743842364,0.0,102.62999725341795
2014-08-25,2044.8883116883117,0.0,102.29000091552734
2014-08-26,1975.1024390243902,0.0,102.29000091552734
2014-08-27,1989.891826923077,0.0,102.29000091552734
2014-08-28,1976.9625935162094,0.0,102.6500015258789
2014-08-29,1984.731301939058,0.0,102.5
2014-08-30,1986.55625,0.0,102.72000122070312
2014-08-31,1910.9473684210527,0.0,102.45999908447266
2014-09-01,1995.4293785310736,0.0,103.19000244140624
2014-09-02,1917.1369047619048,0.0,103.19000244140624
2014-09-03,2085.339240506329,0.0,103.19000244140624
2014-09-04,2042.595061728395,0.0,103.19000244140624
2014-09-05,1994.8235294117646,0.0,100.33999633789062
2014-09-06,1893.1981707317073,0.0,102.7699966430664
2014-09-07,1914.779005524862,0.0,101.83000183105467
2014-09-08,1884.682119205298,0.0,100.81999969482422
2014-09-09,1955.0903790087464,0.0,100.81999969482422
2014-09-10,1988.6014492753623,0.0,100.81999969482422
2014-09-11,1971.2877697841727,0.0,100.1999969482422
2014-09-12,1985.5867749419954,0.0,99.16000366210938
2014-09-13,1856.150819672131,0.0,98.04000091552734
2014-09-14,1879.3125628140704,0.0,98.08000183105467
2014-09-15,1873.8394736842106,0.0,97.11000061035156
2014-09-16,1980.0320197044334,0.0,97.11000061035156
2014-09-17,1917.9088607594936,0.0,97.11000061035156
2014-09-18,1879.5139949109414,0.0,96.6500015258789
2014-09-19,1862.5829383886255,0.0,96.62999725341795
2014-09-20,1871.4525,0.0,98.97000122070312
2014-09-21,1804.2608695652175,0.0,97.6999969482422
2014-09-22,1866.7100456621004,0.0,98.38999938964844
2014-09-23,1868.821608040201,0.0,98.38999938964844
2014-09-24,1883.1777777777777,0.0,98.38999938964844
2014-09-25,1868.8315789473684,0.0,96.97000122070312
2014-09-26,1794.0079787234042,0.0,96.8499984741211
2014-09-27,1819.0190217391305,0.0,96.9499969482422
2014-09-28,1772.7888198757764,0.0,97.0
2014-09-29,1834.3769633507854,0.0,97.0
2014-09-30,1815.842900302115,0.0,97.0
2014-10-01,1849.182857142857,0.0,97.0
2014-10-02,1744.085501858736,0.0,97.1999969482422
2014-10-03,1763.090566037736,0.0,94.66999816894533
2014-10-04,1811.1107784431138,0.0,94.16000366210938
2014-10-05,1755.6969696969697,0.0,93.41999816894533
2014-10-06,1733.402985074627,0.0,92.30999755859376
2014-10-07,1788.0185185185185,0.0,92.30999755859376
2014-10-08,1804.9349593495936,0.0,92.30999755859376
2014-10-09,1779.183066361556,0.0,92.79000091552734
2014-10-10,1774.0683962264152,0.0,92.11000061035156
2014-10-11,1730.8629737609328,0.0,91.37999725341795
2014-10-12,1761.8918918918919,0.0,90.05000305175781
2014-10-13,1821.8955916473317,0.0,90.20999908447266
2014-10-14,1868.751740139211,0.0,90.20999908447266
2014-10-15,1865.0787589498807,0.0,90.20999908447266
2014-10-16,1837.390306122449,0.0,88.88999938964844
2014-10-17,1841.3364485981308,0.0,85.04000091552734
2014-10-18,1898.6728971962616,0.0,83.77999877929688
2014-10-19,1797.385,0.0,84.47000122070312
2014-10-20,1894.1557788944724,0.0,84.54000091552734
2014-10-21,1907.7683215130023,0.0,84.54000091552734
2014-10-22,1873.0914285714287,0.0,84.54000091552734
2014-10-23,1982.376712328767,0.0,85.4000015258789
2014-10-24,2001.5125,0.0,86.22000122070312
2014-10-25,1939.6907514450868,0.0,84.70999908447266
2014-10-26,1860.5252525252524,0.0,86.83000183105469
2014-10-27,1940.7660550458716,0.0,86.12999725341797
2014-10-28,1900.5945945945946,0.0,86.12999725341797
2014-10-29,1906.221476510067,0.0,86.12999725341797
2014-10-30,1947.4318706697459,0.0,85.83000183105469
2014-10-31,1924.6705882352942,0.0,86.02999877929688
2014-11-01,1906.5084745762713,0.0,87.12000274658203
2014-11-02,1825.2232558139535,0.0,86.23999786376953
2014-11-03,1849.6666666666667,0.0,85.86000061035156
2014-11-04,2014.8513513513512,0.0,85.86000061035156
2014-11-05,1910.6177884615386,0.0,85.86000061035156
2014-11-06,1974.0551181102362,0.0,84.77999877929688
2014-11-07,1953.3395784543325,0.0,82.81999969482422
2014-11-08,1841.6310160427809,0.0,82.94999694824219
2014-11-09,1877.6058091286307,0.0,82.86000061035156
2014-11-10,1928.5416666666667,0.0,83.38999938964844
2014-11-11,1914.0349344978165,0.0,83.38999938964844
2014-11-12,1871.37,0.0,83.38999938964844
2014-11-13,1870.814049586777,0.0,82.33999633789062
2014-11-14,1846.761692650334,0.0,81.66999816894531
2014-11-15,1874.0628019323672,0.0,80.37999725341797
2014-11-16,1829.3660714285713,0.0,77.91999816894531
2014-11-17,1821.5,0.0,77.73999786376953
2014-11-18,1830.552688172043,0.0,77.73999786376953
2014-11-19,1857.475806451613,0.0,77.73999786376953
2014-11-20,1814.759595959596,0.0,79.30999755859375
2014-11-21,1765.477801268499,0.0,78.47000122070312
2014-11-22,1839.9676674364896,0.0,78.0999984741211
2014-11-23,1757.2422907488988,0.0,79.33000183105469
2014-11-24,1835.840611353712,0.0,80.36000061035156
2014-11-25,1832.1035940803383,0.0,80.36000061035156
2014-11-26,1830.4426229508197,0.0,80.36000061035156
2014-11-27,1802.9461697722568,0.0,79.68000030517578
2014-11-28,1767.2887029288702,0.0,78.33000183105469
2014-11-29,1789.1623529411766,0.0,77.75
2014-11-30,1752.6785714285713,0.0,77.75
2014-12-01,1753.2196652719665,0.0,70.1500015258789
2014-12-02,1756.407114624506,0.0,70.1500015258789
2014-12-03,1675.5840336134454,0.0,70.1500015258789
2014-12-04,1748.808429118774,0.0,72.54000091552734
2014-12-05,1721.6463157894736,0.0,70.54000091552734
2014-12-06,1789.3961038961038,0.0,69.91999816894531
2014-12-07,1678.7772925764193,0.0,69.63999938964844
2014-12-08,1704.5928270042193,0.0,69.06999969482422
2014-12-09,1752.2304609218436,0.0,69.06999969482422
2014-12-10,1717.659388646288,0.0,69.06999969482422
2014-12-11,1770.5903846153847,0.0,66.19000244140625
2014-12-12,1763.0955284552845,0.0,66.83999633789062
2014-12-13,1680.1964285714287,0.0,64.23999786376953
2014-12-14,1685.5,0.0,63.68000030517578
2014-12-15,1794.4322033898304,0.0,61.84999847412109
2014-12-16,1819.460764587525,0.0,61.84999847412109
2014-12-17,1833.8333333333333,0.0,61.84999847412109
2014-12-18,1859.8901734104047,0.0,61.060001373291016
2014-12-19,1860.619341563786,0.0,59.86000061035156
2014-12-20,1921.7268817204301,0.0,59.79999923706055
2014-12-21,1854.2510288065844,0.0,59.27000045776367
2014-12-22,1916.428857715431,0.0,61.380001068115234
2014-12-23,1947.4467213114754,0.0,61.380001068115234
2014-12-24,1903.6109979633402,0.0,61.380001068115234
2014-12-25,1774.8130311614732,0.0,60.11000061035156
2014-12-26,1873.5690721649485,0.0,61.68999862670898
2014-12-27,1913.5033707865168,0.0,60.2400016784668
2014-12-28,1828.1614349775784,0.0,60.2400016784668
2014-12-29,1875.5615384615385,0.0,59.45000076293945
2014-12-30,1829.0485829959514,0.0,59.45000076293945
2014-12-31,1841.6952789699571,0.0,59.45000076293945
2015-01-01,1783.0626223091976,0.0,57.880001068115234
2015-01-02,1744.287784679089,0.0,57.900001525878906
2015-01-03,1716.0181405895692,0.0,57.33000183105469
2015-01-04,1763.100806451613,0.0,57.33000183105469
2015-01-05,1806.1501976284585,0.0,56.41999816894531
2015-01-06,1778.834274952919,0.0,56.41999816894531
2015-01-07,1743.401098901099,0.0,56.41999816894531
2015-01-08,1750.4802867383512,0.0,53.11000061035156
2015-01-09,1688.4282982791588,0.0,51.09999847412109
2015-01-10,1635.2190476190476,0.0,51.150001525878906
2015-01-11,1658.5402298850574,0.0,50.959999084472656
2015-01-12,1714.7753346080306,0.0,50.11000061035156
2015-01-13,1666.9579349904398,0.0,50.11000061035156
2015-01-14,1720.9870689655172,0.0,50.11000061035156
2015-01-15,1718.9180672268908,0.0,47.43000030517578
2015-01-16,1693.415057915058,0.0,46.59000015258789
2015-01-17,1642.530864197531,0.0,48.68999862670898
2015-01-18,1605.321554770318,0.0,47.66999816894531
2015-01-19,1643.6014897579144,0.0,47.68999862670898
2015-01-20,1640.4426559356136,0.0,47.68999862670898
2015-01-21,1635.1304347826087,0.0,47.68999862670898
2015-01-22,1621.3392857142858,0.0,47.68999862670898
2015-01-23,1628.030487804878,0.0,47.9900016784668
2015-01-24,1614.3087557603687,0.0,49.02999877929688
2015-01-25,1571.8061674008811,0.0,48.52000045776367
2015-01-26,1570.6091954022988,0.0,48.790000915527344
2015-01-27,1511.240404040404,0.0,48.790000915527344
2015-01-28,1618.9980916030534,0.0,48.790000915527344
2015-01-29,1622.6115241635687,0.0,48.15999984741211
2015-01-30,1626.983208955224,0.0,49.59999847412109
2015-01-31,1633.7565217391304,0.0,48.470001220703125
2015-02-01,1588.3793103448277,0.0,49.130001068115234
2015-02-02,1637.9087523277467,0.0,52.9900016784668
2015-02-03,1655.9665271966528,0.0,52.9900016784668
2015-02-04,1665.283464566929,0.0,52.9900016784668
2015-02-05,1668.8158844765344,0.0,54.75
2015-02-06,1661.3554327808472,0.0,57.90999984741211
2015-02-07,1666.008281573499,0.0,54.15999984741211
2015-02-08,1597.6479400749063,0.0,56.56999969482422
2015-02-09,1680.640977443609,0.0,57.79999923706055
2015-02-10,1666.4512428298278,0.0,57.79999923706055
2015-02-11,1697.6679389312976,0.0,57.79999923706055
2015-02-12,1715.2811918063314,0.0,58.34000015258789
2015-02-13,1680.8589494163425,0.0,56.43000030517578
2015-02-14,1628.8378712871288,0.0,54.65999984741211
2015-02-15,1639.8720472440946,0.0,57.04999923706055
2015-02-16,1715.5009861932938,0.0,57.38999938964844
2015-02-17,1678.3025210084033,0.0,57.38999938964844
2015-02-18,1762.0,0.0,57.38999938964844
2015-02-19,1749.4823008849557,0.0,57.38999938964844
2015-02-20,1770.3401221995928,0.0,62.52999877929688
2015-02-21,1752.5791666666667,0.0,60.52999877929688
2015-02-22,1663.6117647058823,0.0,60.209999084472656
2015-02-23,1737.8392857142858,0.0,60.220001220703125
2015-02-24,1742.5555555555557,0.0,60.220001220703125
2015-02-25,1738.7368421052631,0.0,60.220001220703125
2015-02-26,1728.9611829944547,0.0,58.900001525878906
2015-02-27,1720.2569169960475,0.0,58.65999984741211
2015-02-28,1696.1712328767123,0.0,61.630001068115234
2015-03-01,1737.7183673469387,0.0,60.04999923706055
2015-03-02,1739.071129707113,0.0,62.58000183105469
2015-03-03,1732.7268817204301,0.0,62.58000183105469
2015-03-04,1719.4631379962193,0.0,62.58000183105469
2015-03-05,1721.702460850112,0.0,59.540000915527344
2015-03-06,1858.2178988326848,0.0,61.02000045776367
2015-03-07,1744.1080459770114,0.0,60.54999923706055
2015-03-08,1655.0421455938697,0.0,60.47999954223633
2015-03-09,1679.9610136452243,0.0,59.72999954223633
2015-03-10,1730.6026119402984,0.0,59.72999954223633
2015-03-11,1707.4882032667877,0.0,59.72999954223633
2015-03-12,1683.5275735294117,0.0,58.52999877929688
2015-03-13,1712.8500948766603,0.0,56.38999938964844
2015-03-14,1627.1214285714286,0.0,57.540000915527344
2015-03-15,1676.3759124087592,0.0,57.08000183105469
2015-03-16,1694.5374531835207,0.0,54.66999816894531
2015-03-17,1715.81654676259,0.0,54.66999816894531
2015-03-18,1691.7785714285715,0.0,54.66999816894531
2015-03-19,1671.8513761467889,0.0,53.43999862670898
2015-03-20,1662.1257253384913,0.0,53.43000030517578
2015-03-21,1680.334090909091,0.0,55.90999984741211
2015-03-22,1584.863813229572,0.0,54.43000030517578
2015-03-23,1584.441121495327,0.0,55.31999969482422
2015-03-24,1613.6470588235295,0.0,55.31999969482422
2015-03-25,1563.3570019723866,0.0,55.31999969482422
2015-03-26,1564.89010989011,0.0,55.91999816894531
2015-03-27,1563.8686868686868,0.0,55.11000061035156
2015-03-28,1591.464480874317,0.0,56.47999954223633
2015-03-29,1494.5,0.0,59.18999862670898
2015-03-30,1542.8577981651376,0.0,56.40999984741211
2015-03-31,1571.4357298474945,0.0,56.40999984741211
2015-04-01,1524.7773109243697,0.0,56.40999984741211
2015-04-02,1452.3902439024391,0.0,56.290000915527344
2015-04-03,1437.9051282051282,0.0,55.11000061035156
2015-04-04,1519.550847457627,0.0,57.09999847412109
2015-04-05,1415.8715953307394,0.0,54.95000076293945
2015-04-06,1472.145129224652,0.0,54.95000076293945
2015-04-07,1461.565543071161,0.0,54.95000076293945
2015-04-08,1405.0103092783504,0.0,54.95000076293945
2015-04-09,1443.8648148148147,0.0,58.119998931884766
2015-04-10,1471.6765799256505,0.0,59.09999847412109
2015-04-11,1416.6033653846155,0.0,55.54999923706055
2015-04-12,1401.2028985507247,0.0,56.56999969482422
2015-04-13,1472.474645030426,0.0,57.869998931884766
2015-04-14,1402.0645161290322,0.0,57.869998931884766
2015-04-15,1425.8197424892703,0.0,57.869998931884766
2015-04-16,1458.6079664570232,0.0,57.93000030517578
2015-04-17,1447.996212121212,0.0,58.43000030517578
2015-04-18,1483.168049792531,0.0,60.31999969482422
2015-04-19,1381.1031746031747,0.0,60.400001525878906
2015-04-20,1486.2197802197802,0.0,63.45000076293945
2015-04-21,1466.5343137254902,0.0,63.45000076293945
2015-04-22,1458.125,0.0,63.45000076293945
2015-04-23,1461.4577603143418,0.0,63.45000076293945
2015-04-24,1426.2628336755647,0.0,62.08000183105469
2015-04-25,1436.0573951434878,0.0,62.72999954223633
2015-04-26,1410.6782608695653,0.0,64.8499984741211
2015-04-27,1452.2015355086373,0.0,65.27999877929688
2015-04-28,1456.969262295082,0.0,65.27999877929688
2015-04-29,1454.2381852551985,0.0,65.27999877929688
2015-04-30,1428.8823529411766,0.0,64.83000183105469
2015-05-01,1418.8943298969073,0.0,64.63999938964844
2015-05-02,1447.9252136752136,0.0,65.83999633789062
2015-05-03,1430.9490740740741,0.0,66.77999877929688
2015-05-04,1466.8636363636363,0.0,66.45999908447266
2015-05-05,1440.5148741418764,0.0,66.45999908447266
2015-05-06,1486.3405088062623,0.0,66.45999908447266
2015-05-07,1502.4833333333333,0.0,66.44999694824219
2015-05-08,1501.2857142857142,0.0,67.5199966430664
2015-05-09,1397.903073286052,0.0,67.7699966430664
2015-05-10,1385.36917562724,0.0,65.54000091552734
2015-05-11,1496.9085487077534,0.0,65.38999938964844
2015-05-12,1525.259765625,0.0,65.38999938964844
2015-05-13,1504.2978723404256,0.0,65.38999938964844
2015-05-14,1475.2437619961613,0.0,64.91000366210938
2015-05-15,1474.9899598393574,0.0,66.86000061035156
2015-05-16,1466.238683127572,0.0,66.80999755859375
2015-05-17,1379.3492647058824,0.0,66.58999633789062
2015-05-18,1492.6488706365503,0.0,66.56999969482422
2015-05-19,1482.361963190184,0.0,66.56999969482422
2015-05-20,1446.1949806949806,0.0,66.56999969482422
2015-05-21,1491.0544747081713,0.0,66.2699966430664
2015-05-22,1473.1088295687885,0.0,64.0199966430664
2015-05-23,1463.8552338530067,0.0,65.02999877929688
2015-05-24,1350.004,0.0,66.54000091552734
2015-05-25,1470.661971830986,0.0,65.37000274658203
2015-05-26,1493.2007648183555,0.0,65.37000274658203
2015-05-27,1485.8984674329502,0.0,65.37000274658203
2015-05-28,1516.4669187145557,0.0,65.37000274658203
2015-05-29,1489.0590551181103,0.0,63.720001220703125
2015-05-30,1506.5788336933044,0.0,62.060001373291016
2015-05-31,1462.5978835978835,0.0,62.58000183105469
2015-06-01,1612.4563106796118,0.0,65.55999755859375
2015-06-02,1644.2203742203742,0.0,65.55999755859375
2015-06-03,1624.3251879699249,0.0,65.55999755859375
2015-06-04,1681.7931034482758,0.0,64.87999725341797
2015-06-05,1667.8339622641508,0.0,65.48999786376953
2015-06-06,1713.7721021611003,0.0,63.79999923706055
2015-06-07,1536.8555555555556,0.0,62.02999877929688
2015-06-08,1752.6864244741873,0.0,63.310001373291016
2015-06-09,1782.8068181818182,0.0,63.310001373291016
2015-06-10,1799.5963302752293,0.0,63.310001373291016
2015-06-11,1789.0711610486892,0.0,62.68999862670898
2015-06-12,1813.62890625,0.0,64.87999725341797
2015-06-13,1770.9781553398059,0.0,65.69999694824219
2015-06-14,1691.340909090909,0.0,65.11000061035156
2015-06-15,1865.8850574712644,0.0,63.869998931884766
2015-06-16,1891.7358490566037,0.0,63.869998931884766
2015-06-17,1902.343692870201,0.0,63.869998931884766
2015-06-18,1897.879852125693,0.0,62.61000061035156
2015-06-19,1919.6516634050881,0.0,62.630001068115234
2015-06-20,1941.2694610778442,0.0,63.869998931884766
2015-06-21,1792.7587548638132,0.0,64.26000213623047
2015-06-22,1959.208413001912,0.0,63.02000045776367
2015-06-23,1982.1811320754716,0.0,63.02000045776367
2015-06-24,1937.2910447761194,0.0,63.02000045776367
2015-06-25,1999.5284403669725,0.0,63.34000015258789
2015-06-26,1935.501030927835,0.0,64.44999694824219
2015-06-27,1959.3131749460042,0.0,63.4900016784668
2015-06-28,1818.5550847457628,0.0,63.20000076293945
2015-06-29,1935.2251407129456,0.0,63.2599983215332
2015-06-30,1969.3206278026905,0.0,63.2599983215332
2015-07-01,1950.563071297989,0.0,63.2599983215332
2015-07-02,1971.962962962963,0.0,62.0099983215332
2015-07-03,1925.7618147448015,0.0,63.59000015258789
2015-07-04,1961.3044315992292,0.0,62.0099983215332
2015-07-05,1832.0152091254754,0.0,62.06999969482422
2015-07-06,1950.5954631379961,0.0,62.06999969482422
2015-07-07,1944.4330708661416,0.0,62.06999969482422
2015-07-08,1982.502994011976,0.0,62.06999969482422
2015-07-09,1942.286,0.0,56.540000915527344
2015-07-10,1910.595238095238,0.0,56.84999847412109
2015-07-11,1899.8196286472148,0.0,57.04999923706055
2015-07-12,1897.2234848484848,0.0,58.61000061035156
2015-07-13,1997.4920318725099,0.0,58.72999954223633
2015-07-14,2044.179584120983,0.0,58.72999954223633
2015-07-15,2024.232905982906,0.0,58.72999954223633
2015-07-16,2034.231732776618,0.0,57.84999847412109
2015-07-17,2043.966592427617,0.0,58.5099983215332
2015-07-18,1989.5622895622896,0.0,57.04999923706055
2015-07-19,2005.1244813278008,0.0,57.5099983215332
2015-07-20,2107.0344827586205,0.0,57.52000045776367
2015-07-21,2148.543259557344,0.0,57.52000045776367
2015-07-22,2187.921200750469,0.0,57.52000045776367
2015-07-23,2231.738144329897,0.0,56.650001525878906
2015-07-24,2192.704954954955,0.0,57.040000915527344
2015-07-25,2315.0619469026547,0.0,56.130001068115234
2015-07-26,2285.0043103448274,0.0,55.27000045776367
2015-07-27,2401.8246753246754,0.0,54.619998931884766
2015-07-28,2522.9022403258655,0.0,54.619998931884766
2015-07-29,2660.4327485380118,0.0,54.619998931884766
2015-07-30,2682.149494949495,0.0,53.470001220703125
2015-07-31,2740.183908045977,0.0,53.29999923706055
2015-08-01,2850.1288209606987,0.0,53.380001068115234
2015-08-02,2764.373540856031,0.0,53.310001373291016
2015-08-03,2921.6189555125725,0.0,52.209999084472656
2015-08-04,2932.1130268199236,0.0,52.209999084472656
2015-08-05,3002.109433962264,0.0,52.209999084472656
2015-08-06,3025.0194552529183,0.0,49.52000045776367
2015-08-07,3028.0,0.0,49.9900016784668
2015-08-08,3035.042183622829,0.0,49.59000015258789
2015-08-09,2932.951612903226,0.0,49.52000045776367
2015-08-10,3085.8720472440946,0.0,48.61000061035156
2015-08-11,3096.5050709939146,0.0,48.61000061035156
2015-08-12,3135.4392156862746,0.0,48.61000061035156
2015-08-13,3103.0122950819673,0.0,50.40999984741211
2015-08-14,3077.85,0.0,49.18000030517578
2015-08-15,3146.7551020408164,0.0,49.65999984741211
2015-08-16,3177.585062240664,0.0,49.220001220703125
2015-08-17,3333.462962962963,0.0,49.02999877929688
2015-08-18,3414.4155069582507,0.0,49.02999877929688
2015-08-19,3524.456647398844,0.0,49.02999877929688
2015-08-20,3688.9767891682786,0.0,49.02999877929688
2015-08-21,3870.387351778656,0.0,48.810001373291016
2015-08-22,4036.1857142857143,0.0,47.15999984741211
2015-08-23,4177.931192660551,0.0,46.619998931884766
2015-08-24,4420.784722222223,0.0,45.459999084472656
2015-08-25,4518.703319502075,0.0,45.459999084472656
2015-08-26,4514.3638613861385,0.0,45.459999084472656
2015-08-27,4426.086956521739,0.0,42.68999862670898
2015-08-28,4464.145631067961,0.0,43.209999084472656
2015-08-29,4498.362776025237,0.0,43.13999938964844
2015-08-30,4454.474226804124,0.0,47.560001373291016
2015-08-31,4465.472727272727,0.0,50.04999923706055
2015-09-01,4378.634453781513,0.0,50.04999923706055
2015-09-02,4253.525974025974,0.0,50.04999923706055
2015-09-03,4336.186372745491,0.0,54.150001525878906
2015-09-04,4362.948958333333,0.0,49.560001373291016
2015-09-05,4303.610951008645,0.0,50.5
2015-09-06,4310.489539748954,0.0,50.68000030517578
2015-09-07,4294.038617886179,0.0,49.61000061035156
2015-09-08,4261.0060362173035,0.0,49.61000061035156
2015-09-09,4257.921606118547,0.0,49.61000061035156
2015-09-10,4301.857142857143,0.0,49.61000061035156
2015-09-11,4357.002040816326,0.0,49.52000045776367
2015-09-12,4266.914127423823,0.0,47.58000183105469
2015-09-13,4365.206278026906,0.0,48.88999938964844
2015-09-14,4282.1327623126335,0.0,48.13999938964844
2015-09-15,4325.957142857143,0.0,48.13999938964844
2015-09-16,4342.015037593985,0.0,48.13999938964844
2015-09-17,4334.130841121495,0.0,46.369998931884766
2015-09-18,4249.980997624703,0.0,46.630001068115234
2015-09-19,4261.712418300654,0.0,46.61000061035156
2015-09-20,4292.081632653061,0.0,49.08000183105469
2015-09-21,4217.75,0.0,47.470001220703125
2015-09-22,4279.727091633466,0.0,47.470001220703125
2015-09-23,4188.021317829457,0.0,47.470001220703125
2015-09-24,4088.093886462882,0.0,48.91999816894531
2015-09-25,4190.0056657223795,0.0,49.08000183105469
2015-09-26,4105.716775599129,0.0,47.75
2015-09-27,4142.716346153846,0.0,48.16999816894531
2015-09-28,3967.79035639413,0.0,48.59999847412109
2015-09-29,3943.253937007874,0.0,48.59999847412109
2015-09-30,3816.556263269639,0.0,48.59999847412109
2015-10-01,3790.9751552795033,0.0,47.34000015258789
2015-10-02,3878.9559748427673,0.0,48.22999954223633
2015-10-03,3814.0,0.0,48.369998931884766
2015-10-04,3894.0185873605947,0.0,47.68999862670898
2015-10-05,3841.500959692898,0.0,48.130001068115234
2015-10-06,3795.7806841046277,0.0,48.130001068115234
2015-10-07,3824.5780669144983,0.0,48.130001068115234
2015-10-08,3794.186138613861,0.0,49.25
2015-10-09,3712.5205183585313,0.0,51.91999816894531
2015-10-10,3657.094147582697,0.0,51.33000183105469
2015-10-11,3703.3137254901962,0.0,53.04999923706055
2015-10-12,3681.805615550756,0.0,52.650001525878906
2015-10-13,3588.9020408163265,0.0,52.650001525878906
2015-10-14,3469.492565055762,0.0,52.650001525878906
2015-10-15,3384.313799621928,0.0,49.86000061035156
2015-10-16,3331.6169354838707,0.0,49.2400016784668
2015-10-17,3256.1403887688984,0.0,49.150001525878906
2015-10-18,3201.2950819672133,0.0,48.709999084472656
2015-10-19,3142.8829365079364,0.0,48.72999954223633
2015-10-20,3069.0491452991455,0.0,48.72999954223633
2015-10-21,3027.1328976034856,0.0,48.72999954223633
2015-10-22,3081.392097264438,0.0,48.61000061035156
2015-10-23,3009.3514211886304,0.0,48.709999084472656
2015-10-24,3015.852071005917,0.0,47.84999847412109
2015-10-25,3102.8380952380953,0.0,48.08000183105469
2015-10-26,3008.5175257731958,0.0,47.9900016784668
2015-10-27,3104.654708520179,0.0,47.9900016784668
2015-10-28,3118.9809160305344,0.0,47.9900016784668
2015-10-29,3106.4268041237115,0.0,47.540000915527344
2015-10-30,3103.7426160337554,0.0,46.810001373291016
2015-10-31,3160.6393442622953,0.0,49.04999923706055
2015-11-01,3066.880341880342,0.0,48.79999923706055
2015-11-02,2997.8559139784948,0.0,49.560001373291016
2015-11-03,2963.6886597938146,0.0,49.560001373291016
2015-11-04,2927.2471153846154,0.0,49.560001373291016
2015-11-05,2830.719191919192,0.0,48.790000915527344
2015-11-06,2821.128959276018,0.0,50.540000915527344
2015-11-07,2823.0501138952163,0.0,48.58000183105469
2015-11-08,2713.1622807017543,0.0,47.97999954223633
2015-11-09,2800.880361173815,0.0,47.41999816894531
2015-11-10,2716.2787356321837,0.0,47.41999816894531
2015-11-11,2907.887043189369,0.0,47.41999816894531
2015-11-12,3082.714285714286,0.0,47.18999862670898
2015-11-13,2845.271739130435,0.0,47.43999862670898
2015-11-14,2738.8655462184875,0.0,45.810001373291016
2015-11-15,2675.453441295547,0.0,44.060001373291016
2015-11-16,2751.5550935550937,0.0,43.61000061035156
2015-11-17,2767.7589098532494,0.0,43.61000061035156
2015-11-18,2695.429126213592,0.0,43.61000061035156
2015-11-19,2702.371916508539,0.0,43.58000183105469
2015-11-20,2597.1670103092783,0.0,43.56999969482422
2015-11-21,2600.577083333333,0.0,44.13999938964844
2015-11-22,2423.466165413534,0.0,44.18000030517578
2015-11-23,2465.3940594059404,0.0,44.65999984741211
2015-11-24,2497.5530145530147,0.0,44.65999984741211
2015-11-25,2487.580335731415,0.0,44.65999984741211
2015-11-26,2396.637931034483,0.0,44.83000183105469
2015-11-27,2373.138613861386,0.0,46.119998931884766
2015-11-28,2404.689655172414,0.0,46.16999816894531
2015-11-29,2237.5822222222223,0.0,46.16999816894531
2015-11-30,2261.9555555555557,0.0,44.86000061035156
2015-12-01,2222.94250513347,0.0,44.86000061035156
2015-12-02,2192.698113207547,0.0,44.86000061035156
2015-12-03,2150.3501984126983,0.0,44.61000061035156
2015-12-04,2082.6130952380954,0.0,44.43999862670898
2015-12-05,2103.6369426751594,0.0,42.4900016784668
2015-12-06,1982.4816326530613,0.0,43.84000015258789
2015-12-07,2015.8024691358025,0.0,43.0
2015-12-08,1997.0934579439252,0.0,43.0
2015-12-09,1932.077922077922,0.0,43.0
2015-12-10,1901.7312614259597,0.0,40.72999954223633
2015-12-11,1952.231313131313,0.0,40.2599983215332
2015-12-12,1815.1122448979593,0.0,40.11000061035156
2015-12-13,1761.044,0.0,39.72999954223633
2015-12-14,1802.4961240310076,0.0,37.93000030517578
2015-12-15,1825.5289421157684,0.0,37.93000030517578
2015-12-16,1809.2966804979253,0.0,37.93000030517578
2015-12-17,1814.067940552017,0.0,37.91999816894531
2015-12-18,1717.1531914893617,0.0,38.45000076293945
2015-12-19,1707.3878406708595,0.0,37.18999862670898
2015-12-20,1573.9891696750904,0.0,37.18000030517578
2015-12-21,1666.6849710982658,0.0,36.880001068115234
2015-12-22,1683.841856060606,0.0,36.880001068115234
2015-12-23,1700.308300395257,0.0,36.880001068115234
2015-12-24,1552.872340425532,0.0,36.34999847412109
2015-12-25,1479.1025641025642,0.0,36.11000061035156
2015-12-26,1640.2618453865337,0.0,37.36000061035156
2015-12-27,1547.518018018018,0.0,37.88999938964844
2015-12-28,1678.223382045929,0.0,37.88999938964844
2015-12-29,1673.2019607843138,0.0,37.88999938964844
2015-12-30,1664.7372881355932,0.0,37.88999938964844
2015-12-31,1754.3391304347826,0.0,36.619998931884766
2016-01-01,1648.8298755186722,0.0,37.790000915527344
2016-01-02,1545.0857142857142,0.0,36.459999084472656
2016-01-03,1565.9274193548388,0.0,37.27999877929688
2016-01-04,1640.5873684210526,0.0,37.27999877929688
2016-01-05,1674.6673189823875,0.0,37.27999877929688
2016-01-06,1632.4004149377593,0.0,37.27999877929688
2016-01-07,1613.7695852534562,0.0,37.220001220703125
2016-01-08,1604.2755102040817,0.0,36.41999816894531
2016-01-09,1521.654911838791,0.0,34.22999954223633
2016-01-10,1501.6791044776119,0.0,33.75
2016-01-11,1582.5293005671078,0.0,33.54999923706055
2016-01-12,1502.1770833333333,0.0,33.54999923706055
2016-01-13,1560.7565543071162,0.0,33.54999923706055
2016-01-14,1613.451388888889,0.0,31.549999237060547
2016-01-15,1486.844282238443,0.0,30.86000061035156
2016-01-16,1535.225,0.0,30.309999465942383
2016-01-17,1431.3420074349442,0.0,31.030000686645508
2016-01-18,1517.8832391713747,0.0,31.01000022888184
2016-01-19,1496.0505263157895,0.0,31.01000022888184
2016-01-20,1492.5655021834061,0.0,31.01000022888184
2016-01-21,1501.1108695652174,0.0,31.01000022888184
2016-01-22,1473.5556768558952,0.0,28.76000022888184
2016-01-23,1480.9835294117647,0.0,27.8799991607666
2016-01-24,1470.2581967213114,0.0,29.25
2016-01-25,1431.3062360801782,0.0,32.18000030517578
2016-01-26,1445.3854961832062,0.0,32.18000030517578
2016-01-27,1458.3356807511736,0.0,32.18000030517578
2016-01-28,1439.1933962264152,0.0,30.5
2016-01-29,1414.5238095238096,0.0,31.799999237060547
2016-01-30,1411.153086419753,0.0,33.099998474121094
2016-01-31,1386.0,0.0,33.88999938964844
2016-02-01,1385.1658536585367,0.0,34.7400016784668
2016-02-02,1421.7483588621444,0.0,34.7400016784668
2016-02-03,1402.5778210116732,0.0,34.7400016784668
2016-02-04,1388.4760994263863,0.0,34.689998626708984
2016-02-05,1355.5991983967936,0.0,32.720001220703125
2016-02-06,1372.8213552361397,0.0,35.040000915527344
2016-02-07,1258.272030651341,0.0,34.459999084472656
2016-02-08,1361.0577689243028,0.0,34.060001373291016
2016-02-09,1298.5506329113923,0.0,34.060001373291016
2016-02-10,1324.4606299212599,0.0,34.060001373291016
2016-02-11,1281.6609808102346,0.0,32.880001068115234
2016-02-12,1236.6185344827586,0.0,30.31999969482422
2016-02-13,1213.1796246648794,0.0,30.84000015258789
2016-02-14,1241.722433460076,0.0,30.059999465942383
2016-02-15,1242.327122153209,0.0,33.36000061035156
2016-02-16,1221.8846153846155,0.0,33.36000061035156
2016-02-17,1216.9238476953908,0.0,33.36000061035156
2016-02-18,1245.0285171102662,0.0,33.36000061035156
2016-02-19,1270.8333333333333,0.0,32.18000030517578
2016-02-20,1247.4247191011236,0.0,34.5
2016-02-21,1191.1672862453531,0.0,34.279998779296875
2016-02-22,1234.6141414141414,0.0,33.0099983215332
2016-02-23,1234.4261363636363,0.0,33.0099983215332
2016-02-24,1223.2765151515152,0.0,33.0099983215332
2016-02-25,1203.3177777777778,0.0,34.689998626708984
2016-02-26,1169.9721577726218,0.0,33.27000045776367
2016-02-27,1222.40625,0.0,34.40999984741211
2016-02-28,1174.5021645021645,0.0,35.290000915527344
2016-02-29,1198.5361050328227,0.0,35.099998474121094
2016-03-01,1175.3002364066194,0.0,35.099998474121094
2016-03-02,1116.5309973045821,0.0,35.099998474121094
2016-03-03,1172.134765625,0.0,35.970001220703125
2016-03-04,1139.25321888412,0.0,35.959999084472656
2016-03-05,1163.375296912114,0.0,36.93000030517578
2016-03-06,1118.2490421455939,0.0,37.06999969482422
2016-03-07,1137.9344262295083,0.0,38.720001220703125
2016-03-08,1198.129943502825,0.0,38.720001220703125
2016-03-09,1188.829365079365,0.0,38.720001220703125
2016-03-10,1148.921568627451,0.0,40.84000015258789
2016-03-11,1139.7769080234834,0.0,39.650001525878906
2016-03-12,1087.0079155672822,0.0,41.06999969482422
2016-03-13,1122.4942528735633,0.0,40.04999923706055
2016-03-14,1111.0432098765432,0.0,40.38999938964844
2016-03-15,1087.5112107623318,0.0,40.38999938964844
2016-03-16,1138.8988970588234,0.0,40.38999938964844
2016-03-17,1127.8482490272374,0.0,39.52999877929688
2016-03-18,1087.8253638253639,0.0,38.7400016784668
2016-03-19,1127.7107623318386,0.0,40.33000183105469
2016-03-20,1089.5154185022027,0.0,41.540000915527344
2016-03-21,1084.0925925925926,0.0,41.20000076293945
2016-03-22,1098.9038461538462,0.0,41.20000076293945
2016-03-23,1145.3333333333333,0.0,41.20000076293945
2016-03-24,1124.0365296803652,0.0,41.540000915527344
2016-03-25,1049.21325648415,0.0,41.790000915527344
2016-03-26,1116.141592920354,0.0,40.470001220703125
2016-03-27,1036.802752293578,0.0,40.43999862670898
2016-03-28,1117.0655391120508,0.0,40.43999862670898
2016-03-29,1099.2814070351758,0.0,40.43999862670898
2016-03-30,1099.479797979798,0.0,40.43999862670898
2016-03-31,1134.3407572383073,0.0,40.27000045776367
2016-04-01,1083.3507462686566,0.0,39.13999938964844
2016-04-02,1128.695652173913,0.0,39.2599983215332
2016-04-03,1055.51652892562,0.0,39.59999847412109
2016-04-04,1104.2665198237885,0.0,39.65999984741211
2016-04-05,1105.5774647887324,0.0,39.65999984741211
2016-04-06,1087.9452332657202,0.0,39.65999984741211
2016-04-07,1095.1185682326623,0.0,37.68999862670898
2016-04-08,1135.7314285714285,0.0,37.869998931884766
2016-04-09,1033.0712328767124,0.0,39.84000015258789
2016-04-10,1042.8427947598254,0.0,39.43000030517578
2016-04-11,1066.1623529411766,0.0,41.93999862670898
2016-04-12,1092.7748917748918,0.0,41.93999862670898
2016-04-13,1057.0525,0.0,41.93999862670898
2016-04-14,1008.8980263157895,0.0,42.83000183105469
2016-04-15,1147.7208588957055,0.0,44.68999862670898
2016-04-16,1035.491017964072,0.0,44.18000030517578
2016-04-17,1009.6583333333333,0.0,43.84000015258789
2016-04-18,1106.1553610503283,0.0,43.09999847412109
2016-04-19,1151.2078239608802,0.0,43.09999847412109
2016-04-20,1142.0244399185335,0.0,43.09999847412109
2016-04-21,1081.5408560311284,0.0,42.90999984741211
2016-04-22,1081.1345755693583,0.0,44.02999877929688
2016-04-23,1100.787037037037,0.0,45.79999923706055
2016-04-24,1045.7909836065573,0.0,44.52999877929688
2016-04-25,1095.798828125,0.0,45.11000061035156
2016-04-26,1118.959223300971,0.0,45.11000061035156
2016-04-27,1078.9440298507463,0.0,45.11000061035156
2016-04-28,1059.5,0.0,44.47999954223633
2016-04-29,1072.3722772277229,0.0,45.7400016784668
2016-04-30,1097.28738317757,0.0,47.18000030517578
2016-05-01,1043.4449152542372,0.0,48.13999938964844
2016-05-02,1095.7219827586207,0.0,48.130001068115234
2016-05-03,1139.2215447154472,0.0,48.130001068115234
2016-05-04,1094.0418326693227,0.0,48.130001068115234
2016-05-05,1043.5733082706768,0.0,48.09999847412109
2016-05-06,1072.9241516966067,0.0,46.75
2016-05-07,1058.3734439834025,0.0,44.619998931884766
2016-05-08,959.9216417910447,0.0,45.0099983215332
2016-05-09,1086.7133620689656,0.0,45.369998931884766
2016-05-10,1061.1666666666667,0.0,45.369998931884766
2016-05-11,1063.640831758034,0.0,45.369998931884766
2016-05-12,1069.6201117318435,0.0,43.630001068115234
2016-05-13,1060.4701195219122,0.0,45.52000045776367
2016-05-14,985.4110275689223,0.0,47.59999847412109
2016-05-15,944.4597701149426,0.0,48.08000183105469
2016-05-16,975.3700623700623,0.0,47.83000183105469
2016-05-17,1048.5222437137331,0.0,47.83000183105469
2016-05-18,1088.4460966542752,0.0,47.83000183105469
2016-05-19,1022.9069343065694,0.0,48.970001220703125
2016-05-20,1010.3816793893129,0.0,49.27999877929688
2016-05-21,1039.7986725663716,0.0,48.93000030517578
2016-05-22,954.6123188405797,0.0,48.810001373291016
2016-05-23,1060.361581920904,0.0,48.720001220703125
2016-05-24,1071.9794007490636,0.0,48.720001220703125
2016-05-25,1064.8070500927645,0.0,48.720001220703125
2016-05-26,1060.989090909091,0.0,48.34999847412109
2016-05-27,1044.9166666666667,0.0,48.61000061035156
2016-05-28,1067.818,0.0,49.7400016784668
2016-05-29,920.0936170212766,0.0,49.59000015258789
2016-05-30,1049.617529880478,0.0,49.31999969482422
2016-05-31,1032.974025974026,0.0,49.31999969482422
2016-06-01,1037.2709923664122,0.0,49.31999969482422
2016-06-02,1050.3263358778627,0.0,49.31999969482422
2016-06-03,1025.0955165692008,0.0,49.68999862670898
2016-06-04,1061.9495614035088,0.0,49.709999084472656
2016-06-05,931.5461538461539,0.0,50.040000915527344
2016-06-06,1071.2471264367816,0.0,49.63999938964844
2016-06-07,1084.6035856573706,0.0,49.63999938964844
2016-06-08,1070.622018348624,0.0,49.63999938964844
2016-06-09,1098.159633027523,0.0,50.54999923706055
2016-06-10,1052.282982791587,0.0,51.43999862670898
2016-06-11,1007.9124087591241,0.0,52.5099983215332
2016-06-12,975.69918699187,0.0,51.95000076293945
2016-06-13,1140.1930184804928,0.0,50.540000915527344
2016-06-14,1100.8287401574803,0.0,50.540000915527344
2016-06-15,1127.2988047808765,0.0,50.540000915527344
2016-06-16,1119.094455852156,0.0,50.34999847412109
2016-06-17,1108.792656587473,0.0,49.83000183105469
2016-06-18,1135.958071278826,0.0,48.970001220703125
2016-06-19,1009.0078431372549,0.0,47.18999862670898
2016-06-20,1125.3347368421053,0.0,49.16999816894531
2016-06-21,1120.3725490196077,0.0,49.16999816894531
2016-06-22,1150.7495429616088,0.0,49.16999816894531
2016-06-23,1131.2237093690248,0.0,50.650001525878906
2016-06-24,1033.4335378323108,0.0,50.619998931884766
2016-06-25,1120.5940803382664,0.0,49.880001068115234
2016-06-26,990.5975609756098,0.0,50.90999984741211
2016-06-27,1078.98046875,0.0,48.40999984741211
2016-06-28,1134.3326959847036,0.0,48.40999984741211
2016-06-29,1134.0091911764705,0.0,48.40999984741211
2016-06-30,1159.1795918367347,0.0,47.15999984741211
2016-07-01,1147.022774327122,0.0,48.58000183105469
2016-07-02,1152.4049217002237,0.0,50.61000061035156
2016-07-03,1037.0515873015872,0.0,49.68000030517578
2016-07-04,1183.0228310502282,0.0,49.84000015258789
2016-07-05,1087.6340852130327,0.0,49.84000015258789
2016-07-06,1025.9659685863874,0.0,49.84000015258789
2016-07-07,1184.686170212766,0.0,49.84000015258789
2016-07-08,1144.610752688172,0.0,47.959999084472656
2016-07-09,1078.2605263157895,0.0,48.79999923706055
2016-07-10,1078.1340996168583,0.0,46.400001525878906
2016-07-11,1176.5790554414784,0.0,46.7599983215332
2016-07-12,1212.9460043196543,0.0,46.7599983215332
2016-07-13,1244.313253012048,0.0,46.7599983215332
2016-07-14,1212.119191919192,0.0,46.25
2016-07-15,1146.109649122807,0.0,48.470001220703125
2016-07-16,1220.542735042735,0.0,46.2599983215332
2016-07-17,1116.936090225564,0.0,47.369998931884766
2016-07-18,1207.090909090909,0.0,47.61000061035156
2016-07-19,1221.6016771488469,0.0,47.61000061035156
2016-07-20,1198.4788135593221,0.0,47.61000061035156
2016-07-21,1204.542,0.0,46.959999084472656
2016-07-22,1177.4148681055156,0.0,46.65999984741211
2016-07-23,1174.0515695067265,0.0,47.16999816894531
2016-07-24,1070.4375,0.0,46.20000076293945
2016-07-25,1143.0556745182014,0.0,45.68999862670898
2016-07-26,1212.8373493975903,0.0,45.68999862670898
2016-07-27,1173.0337301587301,0.0,45.68999862670898
2016-07-28,1190.0396825396826,0.0,44.720001220703125
2016-07-29,1183.5256064690027,0.0,44.869998931884766
2016-07-30,1139.2917647058823,0.0,43.470001220703125
2016-07-31,1119.1297297297297,0.0,42.70000076293945
2016-08-01,1204.519906323185,0.0,42.459999084472656
2016-08-02,1110.0293398533008,0.0,42.459999084472656
2016-08-03,1117.9719827586207,0.0,42.459999084472656
2016-08-04,1162.6729559748428,0.0,42.45000076293945
2016-08-05,1158.422480620155,0.0,41.79999923706055
2016-08-06,1163.2697095435685,0.0,43.09999847412109
2016-08-07,1068.631970260223,0.0,44.290000915527344
2016-08-08,1177.6731141199227,0.0,44.27000045776367
2016-08-09,1153.990234375,0.0,44.27000045776367
2016-08-10,1160.707779886148,0.0,44.27000045776367
2016-08-11,1136.1237911025146,0.0,45.38999938964844
2016-08-12,1126.9763948497855,0.0,44.97999954223633
2016-08-13,1034.5350140056023,0.0,44.04999923706055
2016-08-14,1053.295081967213,0.0,46.040000915527344
2016-08-15,1158.7732793522266,0.0,46.970001220703125
2016-08-16,1150.4282828282828,0.0,46.970001220703125
2016-08-17,1147.1639722863742,0.0,46.970001220703125
2016-08-18,1184.4922279792745,0.0,48.34999847412109
2016-08-19,1084.0120192307693,0.0,49.22999954223633
2016-08-20,1117.6087912087912,0.0,49.84999847412109
2016-08-21,1065.2,0.0,50.88999938964844
2016-08-22,1138.6645962732919,0.0,50.880001068115234
2016-08-23,1104.7414248021107,0.0,50.880001068115234
2016-08-24,1083.994301994302,0.0,50.880001068115234
2016-08-25,1152.4046511627907,0.0,49.15999984741211
2016-08-26,1101.23,0.0,49.959999084472656
2016-08-27,1139.7298474945533,0.0,49.04999923706055
2016-08-28,1054.52,0.0,49.66999816894531
2016-08-29,1096.0083857442348,0.0,49.91999816894531
2016-08-30,1123.25,0.0,49.91999816894531
2016-08-31,1098.141826923077,0.0,49.91999816894531
2016-09-01,1149.9518348623853,0.0,49.2599983215332
2016-09-02,967.0028985507247,0.0,48.369998931884766
2016-09-03,1137.6490066225165,0.0,47.040000915527344
2016-09-04,1082.0238095238096,0.0,47.04999923706055
2016-09-05,1165.133501259446,0.0,46.83000183105469
2016-09-06,1110.7310344827586,0.0,46.83000183105469
2016-09-07,1036.8582474226805,0.0,46.83000183105469
2016-09-08,1094.7707423580787,0.0,46.83000183105469
2016-09-09,1093.4294736842105,0.0,47.2599983215332
2016-09-10,1062.2735042735044,0.0,47.97999954223633
2016-09-11,1099.6680327868853,0.0,49.9900016784668
2016-09-12,1029.200980392157,0.0,48.0099983215332
2016-09-13,1056.4819672131148,0.0,48.0099983215332
2016-09-14,959.7864864864865,0.0,48.0099983215332
2016-09-15,987.4263157894737,0.0,48.31999969482422
2016-09-16,989.2272727272727,0.0,47.09999847412109
2016-09-17,1038.9263959390862,0.0,45.84999847412109
2016-09-18,981.1775700934579,0.0,46.59000015258789
2016-09-19,1050.5495283018868,0.0,45.77000045776367
2016-09-20,1056.9336492890995,0.0,45.77000045776367
2016-09-21,1011.3674121405751,0.0,45.77000045776367
2016-09-22,1032.814732142857,0.0,45.95000076293945
2016-09-23,1044.910447761194,0.0,45.880001068115234
2016-09-24,1070.5147783251232,0.0,46.83000183105469
2016-09-25,1076.2526315789473,0.0,47.650001525878906
2016-09-26,1066.7874396135267,0.0,45.88999938964844
2016-09-27,1039.420365535248,0.0,45.88999938964844
2016-09-28,1007.7640449438202,0.0,45.88999938964844
2016-09-29,1000.3894967177243,0.0,47.34999847412109
2016-09-30,1087.4823529411765,0.0,45.970001220703125
2016-10-01,1028.7547619047618,0.0,48.68999862670898
2016-10-02,954.2614678899082,0.0,49.2400016784668
2016-10-03,1001.7227272727273,0.0,49.060001373291016
2016-10-04,970.0708446866485,0.0,49.060001373291016
2016-10-05,1032.9593147751607,0.0,49.060001373291016
2016-10-06,1013.55,0.0,49.09999847412109
2016-10-07,1015.0023094688222,0.0,50.869998931884766
2016-10-08,922.3976261127597,0.0,51.86000061035156
2016-10-09,964.0772946859903,0.0,52.5099983215332
2016-10-10,965.0604395604396,0.0,51.93000030517578
2016-10-11,998.7195945945946,0.0,51.93000030517578
2016-10-12,1013.2085714285714,0.0,51.93000030517578
2016-10-13,994.4845814977973,0.0,51.93000030517578
2016-10-14,1062.584388185654,0.0,52.40999984741211
2016-10-15,1082.686746987952,0.0,51.810001373291016
2016-10-16,1019.5454545454545,0.0,52.02999877929688
2016-10-17,1076.643584521385,0.0,51.95000076293945
2016-10-18,1070.9085239085239,0.0,51.95000076293945
2016-10-19,1069.4032258064517,0.0,51.95000076293945
2016-10-20,1065.760700389105,0.0,51.52000045776367
2016-10-21,1069.1906693711967,0.0,51.68000030517578
2016-10-22,1036.638528138528,0.0,52.66999816894531
2016-10-23,997.2979591836735,0.0,51.380001068115234
2016-10-24,1041.100806451613,0.0,51.77999877929688
2016-10-25,1094.435244161359,0.0,51.77999877929688
2016-10-26,1065.9676113360324,0.0,51.77999877929688
2016-10-27,1095.7634854771784,0.0,51.459999084472656
2016-10-28,1099.13769751693,0.0,50.790000915527344
2016-10-29,1070.36875,0.0,49.97999954223633
2016-10-30,1095.3926380368098,0.0,50.470001220703125
2016-10-31,1288.6129032258063,0.0,49.709999084472656
2016-11-01,1182.5190615835777,0.0,49.709999084472656
2016-11-02,1066.725663716814,0.0,49.709999084472656
2016-11-03,1104.6,0.0,48.29999923706055
2016-11-04,1078.2685950413222,0.0,48.33000183105469
2016-11-05,1096.5367965367966,0.0,46.86000061035156
2016-11-06,978.4223107569721,0.0,46.34999847412109
2016-11-07,1100.056,0.0,45.58000183105469
2016-11-08,1092.9366336633664,0.0,45.58000183105469
2016-11-09,1117.4761904761904,0.0,45.58000183105469
2016-11-10,1122.9662447257383,0.0,46.150001525878906
2016-11-11,1126.9757869249395,0.0,46.040000915527344
2016-11-12,1041.1560693641618,0.0,46.36000061035156
2016-11-13,1039.6830357142858,0.0,45.84000015258789
2016-11-14,1188.7719298245613,0.0,45.84000015258789
2016-11-15,1207.975663716814,0.0,45.84000015258789
2016-11-16,1199.3518123667377,0.0,45.84000015258789
2016-11-17,1173.2478260869566,0.0,44.43000030517578
2016-11-18,1148.0228832951946,0.0,46.95000076293945
2016-11-19,1168.0401691331924,0.0,46.630001068115234
2016-11-20,1090.6205533596838,0.0,46.4900016784668
2016-11-21,1168.1329243353782,0.0,46.86000061035156
2016-11-22,1195.9408163265307,0.0,46.86000061035156
2016-11-23,1163.1382765531062,0.0,46.86000061035156
2016-11-24,1160.4424951267056,0.0,48.900001525878906
2016-11-25,1159.7145748987855,0.0,49.119998931884766
2016-11-26,1167.1007194244605,0.0,48.95000076293945
2016-11-27,1129.027397260274,0.0,48.95000076293945
2016-11-28,1106.4335664335665,0.0,47.2400016784668
2016-11-29,1224.2762312633834,0.0,47.2400016784668
2016-11-30,1180.5881057268723,0.0,47.2400016784668
2016-12-01,1172.2039603960395,0.0,48.2400016784668
2016-12-02,1135.310276679842,0.0,46.380001068115234
2016-12-03,1131.0684326710816,0.0,50.470001220703125
2016-12-04,1038.3417721518988,0.0,50.459999084472656
2016-12-05,1118.413306451613,0.0,54.459999084472656
2016-12-06,1080.538812785388,0.0,54.459999084472656
2016-12-07,1091.6608315098467,0.0,54.459999084472656
2016-12-08,1106.3659673659674,0.0,54.93999862670898
2016-12-09,1100.0179640718563,0.0,53.93000030517578
2016-12-10,1015.5027027027027,0.0,53.0
2016-12-11,1047.5560344827586,0.0,53.88999938964844
2016-12-12,1068.6439790575917,0.0,54.33000183105469
2016-12-13,1131.0103305785124,0.0,54.33000183105469
2016-12-14,1162.0900195694717,0.0,54.33000183105469
2016-12-15,1153.2186234817814,0.0,55.68999862670898
2016-12-16,1092.3081632653061,0.0,55.720001220703125
2016-12-17,1124.2863247863247,0.0,53.900001525878906
2016-12-18,1023.3669064748201,0.0,54.02000045776367
2016-12-19,1116.342,0.0,55.209999084472656
2016-12-20,1075.305954825462,0.0,55.209999084472656
2016-12-21,1061.7210300429185,0.0,55.209999084472656
2016-12-22,1087.6303501945524,0.0,54.91999816894531
2016-12-23,1069.8970917225952,0.0,55.34999847412109
2016-12-24,1103.0471698113208,0.0,54.459999084472656
2016-12-25,1010.1300448430493,0.0,55.04999923706055
2016-12-26,1050.391982182628,0.0,55.15999984741211
2016-12-27,1089.8383620689656,0.0,55.15999984741211
2016-12-28,1032.2118644067796,0.0,55.15999984741211
2016-12-29,1096.521064301552,0.0,55.15999984741211
2016-12-30,979.5509708737864,0.0,56.09000015258789
2016-12-31,1047.1925,0.0,56.220001220703125
2017-01-01,999.9723320158103,0.0,56.13999938964844
2017-01-02,1025.6764705882354,0.0,56.130001068115234
2017-01-03,1063.2893700787401,0.0,56.130001068115234
2017-01-04,1074.5749063670412,0.0,56.130001068115234
2017-01-05,1072.4051896207584,0.0,56.130001068115234
2017-01-06,1051.9688109161793,0.0,55.470001220703125
2017-01-07,1036.4458598726114,0.0,56.459999084472656
2017-01-08,1017.0229007633587,0.0,56.88999938964844
2017-01-09,1045.2393822393822,0.0,57.09999847412109
2017-01-10,1025.108695652174,0.0,57.09999847412109
2017-01-11,1039.6113402061856,0.0,57.09999847412109
2017-01-12,1061.047619047619,0.0,54.93999862670898
2017-01-13,1049.5455465587045,0.0,53.63999938964844
2017-01-14,1078.9323529411765,0.0,55.09999847412109
2017-01-15,996.0695970695971,0.0,56.0099983215332
2017-01-16,1066.8918918918919,0.0,55.45000076293945
2017-01-17,1051.3346534653465,0.0,55.45000076293945
2017-01-18,1057.187380497132,0.0,55.45000076293945
2017-01-19,1065.2937743190662,0.0,55.45000076293945
2017-01-20,1114.740139211137,0.0,55.470001220703125
2017-01-21,1127.9400479616306,0.0,53.91999816894531
2017-01-22,1033.7920353982302,0.0,54.15999984741211
2017-01-23,1095.2639821029084,0.0,55.4900016784668
2017-01-24,1040.9693251533743,0.0,55.4900016784668
2017-01-25,1090.1848249027237,0.0,55.4900016784668
2017-01-26,1052.179389312977,0.0,55.22999954223633
2017-01-27,1035.3406593406594,0.0,55.43999862670898
2017-01-28,1036.0376569037658,0.0,55.08000183105469
2017-01-29,959.2782258064516,0.0,56.2400016784668
2017-01-30,1042.7071290944123,0.0,55.52000045776367
2017-01-31,1031.0191489361703,0.0,55.52000045776367
2017-02-01,1041.0645833333333,0.0,55.52000045776367
2017-02-02,1047.6641074856045,0.0,55.22999954223633
2017-02-03,1031.4522821576763,0.0,55.70000076293945
2017-02-04,1047.9765458422175,0.0,55.65999984741211
2017-02-05,940.5182481751825,0.0,56.560001373291016
2017-02-06,1043.1237911025146,0.0,56.810001373291016
2017-02-07,1030.1363636363637,0.0,56.810001373291016
2017-02-08,1019.2129436325679,0.0,56.810001373291016
2017-02-09,1047.2892561983472,0.0,55.720001220703125
2017-02-10,1039.1479915433404,0.0,55.04999923706055
2017-02-11,940.8045685279188,0.0,55.119998931884766
2017-02-12,918.6356589147287,0.0,55.630001068115234
2017-02-13,996.6176470588235,0.0,56.70000076293945
2017-02-14,1030.340770791075,0.0,56.70000076293945
2017-02-15,1036.0925196850394,0.0,56.70000076293945
2017-02-16,1036.572796934866,0.0,55.59000015258789
2017-02-17,1017.1975308641976,0.0,55.970001220703125
2017-02-18,1064.4133333333334,0.0,55.75
2017-02-19,989.4889867841409,0.0,55.650001525878906
2017-02-20,1078.8488120950324,0.0,55.810001373291016
2017-02-21,1089.2156057494867,0.0,55.810001373291016
2017-02-22,1048.9208494208494,0.0,55.810001373291016
2017-02-23,1026.8218884120172,0.0,55.810001373291016
2017-02-24,1000.928125,0.0,56.65999984741211
2017-02-25,1110.1590361445783,0.0,55.84000015258789
2017-02-26,985.4953703703703,0.0,56.58000183105469
2017-02-27,1044.28,0.0,55.9900016784668
2017-02-28,1057.3846153846155,0.0,55.9900016784668
2017-03-01,1063.5282651072125,0.0,55.9900016784668
2017-03-02,1061.9492753623188,0.0,55.93000030517578
2017-03-03,1014.6042471042471,0.0,55.59000015258789
2017-03-04,1052.402489626556,0.0,55.59999847412109
2017-03-05,925.3233082706766,0.0,55.08000183105469
2017-03-06,1035.6102661596958,0.0,55.900001525878906
2017-03-07,1000.8766859344894,0.0,55.900001525878906
2017-03-08,1043.5989110707803,0.0,55.900001525878906
2017-03-09,1021.9794007490636,0.0,56.0099983215332
2017-03-10,1068.4038461538462,0.0,55.91999816894531
2017-03-11,993.1679790026246,0.0,53.11000061035156
2017-03-12,938.9030837004406,0.0,52.18999862670898
2017-03-13,1225.159574468085,0.0,51.369998931884766
2017-03-14,1067.8046709129512,0.0,51.369998931884766
2017-03-15,1067.590566037736,0.0,51.369998931884766
2017-03-16,1059.4879852125694,0.0,51.34999847412109
2017-03-17,1079.0745341614906,0.0,50.91999816894531
2017-03-18,1077.539714867617,0.0,51.810001373291016
2017-03-19,915.7320754716981,0.0,51.7400016784668
2017-03-20,1067.6929292929292,0.0,51.7599983215332
2017-03-21,1033.85,0.0,51.7599983215332
2017-03-22,1023.064870259481,0.0,51.7599983215332
2017-03-23,1039.454365079365,0.0,51.619998931884766
2017-03-24,1021.7554240631164,0.0,50.959999084472656
2017-03-25,1061.8145833333333,0.0,50.63999938964844
2017-03-26,912.0393700787401,0.0,50.560001373291016
2017-03-27,1075.9871520342613,0.0,50.79999923706055
2017-03-28,1110.1494505494506,0.0,50.79999923706055
2017-03-29,1132.132743362832,0.0,50.79999923706055
2017-03-30,1140.2617586912065,0.0,50.75
2017-03-31,1013.9905660377359,0.0,51.33000183105469
2017-04-01,1120.3950338600453,0.0,52.41999816894531
2017-04-02,912.9350180505415,0.0,52.959999084472656
2017-04-03,1086.0222222222221,0.0,52.83000183105469
2017-04-04,1118.9035087719299,0.0,52.83000183105469
2017-04-05,1129.5245202558635,0.0,52.83000183105469
2017-04-06,894.4861995753715,0.0,53.119998931884766
2017-04-07,1081.8402489626556,0.0,54.16999816894531
2017-04-08,988.2117647058824,0.0,54.36000061035156
2017-04-09,924.9154411764706,0.0,54.88999938964844
2017-04-10,1072.4773175542407,0.0,55.2400016784668
2017-04-11,1136.6064257028113,0.0,55.2400016784668
2017-04-12,1114.1166666666666,0.0,55.2400016784668
2017-04-13,1022.1808731808732,0.0,55.97999954223633
2017-04-14,875.1989100817439,0.0,56.22999954223633
2017-04-15,1145.3768736616703,0.0,55.86000061035156
2017-04-16,920.7700348432056,0.0,55.88999938964844
2017-04-17,1098.5228628230616,0.0,55.88999938964844
2017-04-18,1108.7366412213742,0.0,55.88999938964844
2017-04-19,1086.0914285714287,0.0,55.88999938964844
2017-04-20,1090.1323251417768,0.0,55.36000061035156
2017-04-21,1075.9564315352698,0.0,54.88999938964844
2017-04-22,1105.6814159292035,0.0,52.93000030517578
2017-04-23,935.2592592592592,0.0,52.9900016784668
2017-04-24,1027.8453608247423,0.0,51.959999084472656
2017-04-25,1066.7229166666666,0.0,51.959999084472656
2017-04-26,1091.602510460251,0.0,51.959999084472656
2017-04-27,1063.5757575757575,0.0,51.59999847412109
2017-04-28,1008.3262910798122,0.0,52.09999847412109
2017-04-29,1138.4190476190477,0.0,51.81999969482422
2017-04-30,973.656862745098,0.0,51.43999862670898
2017-05-01,958.0213903743315,0.0,51.72999954223633
2017-05-02,1121.7337278106509,0.0,51.72999954223633
2017-05-03,1089.7788649706458,0.0,51.72999954223633
2017-05-04,1094.2694610778442,0.0,51.52000045776367
2017-05-05,1083.658536585366,0.0,50.459999084472656
2017-05-06,1081.9847826086957,0.0,50.790000915527344
2017-05-07,852.4461538461538,0.0,48.380001068115234
2017-05-08,1050.3510204081633,0.0,49.09999847412109
2017-05-09,1100.4061810154526,0.0,49.09999847412109
2017-05-10,1141.801886792453,0.0,49.09999847412109
2017-05-11,1086.777027027027,0.0,49.34000015258789
2017-05-12,1071.3618421052631,0.0,48.72999954223633
2017-05-13,970.3266331658291,0.0,50.220001220703125
2017-05-14,910.9733840304183,0.0,50.77000045776367
2017-05-15,1127.269311064718,0.0,50.84000015258789
2017-05-16,1153.3575883575884,0.0,50.84000015258789
2017-05-17,1136.2805611222445,0.0,50.84000015258789
2017-05-18,1068.8170974155069,0.0,51.81999969482422
2017-05-19,1063.150826446281,0.0,51.650001525878906
2017-05-20,1182.7510917030568,0.0,52.209999084472656
2017-05-21,905.84375,0.0,52.5099983215332
2017-05-22,1118.2025316455697,0.0,53.61000061035156
2017-05-23,1100.6815286624203,0.0,53.61000061035156
2017-05-24,1147.7583497053045,0.0,53.61000061035156
2017-05-25,1139.676724137931,0.0,53.869998931884766
2017-05-26,1049.3458333333333,0.0,54.150001525878906
2017-05-27,1155.453961456103,0.0,53.959999084472656
2017-05-28,910.5574468085107,0.0,51.459999084472656
2017-05-29,1140.1157024793388,0.0,52.150001525878906
2017-05-30,1096.6193548387096,0.0,52.150001525878906
2017-05-31,1149.7139423076924,0.0,52.150001525878906
2017-06-01,1205.7782608695652,0.0,52.150001525878906
2017-06-02,1177.1195928753182,0.0,51.84000015258789
2017-06-03,1301.445238095238,0.0,50.310001373291016
2017-06-04,875.4524886877828,0.0,50.33000183105469
2017-06-05,1240.4278350515465,0.0,49.95000076293945
2017-06-06,1229.715536105033,0.0,49.95000076293945
2017-06-07,1266.3838383838383,0.0,49.95000076293945
2017-06-08,1191.2017353579176,0.0,49.470001220703125
2017-06-09,1125.370786516854,0.0,50.119998931884766
2017-06-10,1046.2549504950496,0.0,48.060001373291016
2017-06-11,1027.485294117647,0.0,47.86000061035156
2017-06-12,1193.5484496124031,0.0,48.150001525878906
2017-06-13,1192.1767955801106,0.0,48.150001525878906
2017-06-14,1129.785046728972,0.0,48.150001525878906
2017-06-15,1219.78916827853,0.0,48.290000915527344
2017-06-16,1249.6983546617917,0.0,48.720001220703125
2017-06-17,1207.5070422535211,0.0,47.0
2017-06-18,982.1573033707865,0.0,46.91999816894531
2017-06-19,1155.5581818181818,0.0,47.369998931884766
2017-06-20,1130.7915904936015,0.0,47.369998931884766
2017-06-21,1246.3678571428572,0.0,47.369998931884766
2017-06-22,1238.4450171821306,0.0,46.90999984741211
2017-06-23,1180.358208955224,0.0,46.02000045776367
2017-06-24,1338.4111570247933,0.0,44.81999969482422
2017-06-25,1055.48,0.0,45.220001220703125
2017-06-26,1089.2028985507247,0.0,45.540000915527344
2017-06-27,1176.705223880597,0.0,45.540000915527344
2017-06-28,1284.8624535315985,0.0,45.540000915527344
2017-06-29,1265.677966101695,0.0,45.83000183105469
2017-06-30,1154.6230598669622,0.0,46.650001525878906
2017-07-01,1210.341463414634,0.0,47.310001373291016
2017-07-02,1012.5297029702971,0.0,47.41999816894531
2017-07-03,1201.616847826087,0.0,47.91999816894531
2017-07-04,1200.2251908396947,0.0,47.91999816894531
2017-07-05,1278.1643598615917,0.0,47.91999816894531
2017-07-06,1250.680341880342,0.0,49.68000030517578
2017-07-07,1217.710758377425,0.0,49.68000030517578
2017-07-08,1146.5197215777262,0.0,47.790000915527344
2017-07-09,992.2899628252788,0.0,48.11000061035156
2017-07-10,1185.2918215613383,0.0,46.709999084472656
2017-07-11,1103.525,0.0,46.709999084472656
2017-07-12,1174.2169491525424,0.0,46.709999084472656
2017-07-13,1154.6395939086294,0.0,46.880001068115234
2017-07-14,1145.4204946996467,0.0,47.52000045776367
2017-07-15,1154.7581967213114,0.0,47.7400016784668
2017-07-16,962.49375,0.0,48.41999816894531
2017-07-17,1181.5644891122279,0.0,48.90999984741211
2017-07-18,1148.126245847176,0.0,48.90999984741211
2017-07-19,1157.4186046511627,0.0,48.90999984741211
2017-07-20,1189.0706075533662,0.0,48.41999816894531
2017-07-21,1195.1541425818882,0.0,48.84000015258789
2017-07-22,1172.2476894639556,0.0,49.70000076293945
2017-07-23,940.9770491803279,0.0,49.29999923706055
2017-07-24,1205.616554054054,0.0,48.060001373291016
2017-07-25,1208.2037996545769,0.0,48.060001373291016
2017-07-26,1254.2717391304348,0.0,48.060001373291016
2017-07-27,1260.9156626506024,0.0,48.59999847412109
2017-07-28,1282.112701252236,0.0,50.20000076293945
2017-07-29,1292.4844357976654,0.0,50.970001220703125
2017-07-30,1110.478417266187,0.0,51.4900016784668
2017-07-31,1476.6446601941748,0.0,52.52000045776367
2017-08-01,1452.4432234432234,0.0,52.52000045776367
2017-08-02,1543.441223832528,0.0,52.52000045776367
2017-08-03,1650.4658385093169,0.0,52.650001525878906
2017-08-04,1723.215334420881,0.0,52.630001068115234
2017-08-05,1840.1031894934333,0.0,52.36000061035156
2017-08-06,1770.2231884057971,0.0,52.0099983215332
2017-08-07,2086.9186295503214,0.0,52.41999816894531
2017-08-08,2126.322299651568,0.0,52.41999816894531
2017-08-09,2149.0102214650765,0.0,52.41999816894531
2017-08-10,2193.8279386712097,0.0,52.369998931884766
2017-08-11,2243.1481481481483,0.0,52.13999938964844
2017-08-12,2170.278260869565,0.0,52.70000076293945
2017-08-13,2034.7275541795666,0.0,51.900001525878906
2017-08-14,2253.5237191650854,0.0,52.09999847412109
2017-08-15,2193.914191419142,0.0,52.09999847412109
2017-08-16,2261.233676975945,0.0,52.09999847412109
2017-08-17,2261.973544973545,0.0,50.72999954223633
2017-08-18,2233.3106457242584,0.0,50.79999923706055
2017-08-19,2221.3511904761904,0.0,50.27000045776367
2017-08-20,2043.9357798165138,0.0,51.02999877929688
2017-08-21,2248.5132575757575,0.0,52.720001220703125
2017-08-22,2304.5660036166364,0.0,52.720001220703125
2017-08-23,2256.2385496183206,0.0,52.720001220703125
2017-08-24,2298.6028880866425,0.0,51.65999984741211
2017-08-25,2291.545842217484,0.0,51.869998931884766
2017-08-26,2262.282828282828,0.0,52.56999969482422
2017-08-27,1994.7923875432525,0.0,52.040000915527344
2017-08-28,2097.394366197183,0.0,52.40999984741211
2017-08-29,2194.5335689045937,0.0,52.40999984741211
2017-08-30,2210.523156089194,0.0,52.40999984741211
2017-08-31,2242.026119402985,0.0,51.88999938964844
2017-09-01,2115.353159851301,0.0,52.0
2017-09-02,2279.6188235294117,0.0,50.86000061035156
2017-09-03,2167.1232091690545,0.0,52.380001068115234
2017-09-04,2012.7306967984935,0.0,52.31999969482422
2017-09-05,1998.4851485148515,0.0,52.31999969482422
2017-09-06,2034.89203539823,0.0,52.31999969482422
2017-09-07,2113.2431972789113,0.0,52.31999969482422
2017-09-08,2062.2754385964913,0.0,53.380001068115234
2017-09-09,1934.883575883576,0.0,54.20000076293945
2017-09-10,1872.8126888217523,0.0,54.4900016784668
2017-09-11,2013.1,0.0,53.77999877929688
2017-09-12,1941.7265917602997,0.0,53.77999877929688
2017-09-13,1987.0053285968029,0.0,53.77999877929688
2017-09-14,1993.4550084889643,0.0,53.84000015258789
2017-09-15,1998.45648312611,0.0,54.27000045776367
2017-09-16,1956.5589285714286,0.0,55.15999984741211
2017-09-17,1781.4243323442136,0.0,55.470001220703125
2017-09-18,1908.2521150592218,0.0,55.619998931884766
2017-09-19,1907.6171735241503,0.0,55.619998931884766
2017-09-20,1929.0634648370497,0.0,55.619998931884766
2017-09-21,1796.3407407407408,0.0,55.47999954223633
2017-09-22,1880.7649063032368,0.0,55.13999938964844
2017-09-23,1929.95,0.0,56.290000915527344
2017-09-24,1756.2491909385112,0.0,56.43000030517578
2017-09-25,1897.8827708703375,0.0,56.86000061035156
2017-09-26,1876.4749103942652,0.0,56.86000061035156
2017-09-27,1902.463601532567,0.0,56.86000061035156
2017-09-28,1885.905241935484,0.0,59.02000045776367
2017-09-29,1786.078239608802,0.0,58.43999862670898
2017-09-30,1803.8447204968943,0.0,57.900001525878906
2017-10-01,1776.970802919708,0.0,57.40999984741211
2017-10-02,1833.3196930946292,0.0,57.540000915527344
2017-10-03,1962.9528130671506,0.0,57.540000915527344
2017-10-04,1961.2133815551538,0.0,57.540000915527344
2017-10-05,2011.2117647058824,0.0,56.119998931884766
2017-10-06,1988.6056603773584,0.0,56.0
2017-10-07,2024.1844106463877,0.0,55.79999923706055
2017-10-08,1941.7203647416413,0.0,57.0
2017-10-09,2168.2412587412587,0.0,55.619998931884766
2017-10-10,2234.666077738516,0.0,55.619998931884766
2017-10-11,2341.676470588235,0.0,55.619998931884766
2017-10-12,2284.417391304348,0.0,55.790000915527344
2017-10-13,2359.9232175502743,0.0,56.61000061035156
2017-10-14,2232.5631691648823,0.0,56.93999862670898
2017-10-15,2203.295238095238,0.0,56.25
2017-10-16,2243.73786407767,0.0,57.16999816894531
2017-10-17,2460.9892280071813,0.0,57.16999816894531
2017-10-18,2402.4786324786323,0.0,57.16999816894531
2017-10-19,2653.183844011142,0.0,57.81999969482422
2017-10-20,2711.128526645768,0.0,57.880001068115234
2017-10-21,2626.376262626263,0.0,58.150001525878906
2017-10-22,2435.923588039867,0.0,57.22999954223633
2017-10-23,2629.1042084168334,0.0,57.75
2017-10-24,2615.2664092664095,0.0,57.75
2017-10-25,2606.7831775700934,0.0,57.75
2017-10-26,2648.160984848485,0.0,57.369998931884766
2017-10-27,2643.476,0.0,58.33000183105469
2017-10-28,2658.5961945031713,0.0,58.43999862670898
2017-10-29,2636.5153846153844,0.0,59.29999923706055
2017-10-30,2637.0853658536585,0.0,60.43999862670898
2017-10-31,2688.8555555555554,0.0,60.43999862670898
2017-11-01,2717.1244343891403,0.0,60.43999862670898
2017-11-02,2703.5908256880734,0.0,60.900001525878906
2017-11-03,2778.021978021978,0.0,61.369998931884766
2017-11-04,2769.069351230425,0.0,61.290000915527344
2017-11-05,2665.048859934853,0.0,60.619998931884766
2017-11-06,2873.4503816793895,0.0,62.06999969482422
2017-11-07,2807.2335766423357,0.0,62.06999969482422
2017-11-08,2807.6172161172162,0.0,62.06999969482422
2017-11-09,2835.5172413793102,0.0,64.2699966430664
2017-11-10,2839.662878787879,0.0,63.68999862670898
2017-11-11,2752.5622222222223,0.0,63.4900016784668
2017-11-12,2772.3203883495144,0.0,63.93000030517578
2017-11-13,2845.721818181818,0.0,63.52000045776367
2017-11-14,2814.6429872495446,0.0,63.52000045776367
2017-11-15,2882.5740402193783,0.0,63.52000045776367
2017-11-16,2900.9368231046933,0.0,63.15999984741211
2017-11-17,2953.297794117647,0.0,62.209999084472656
2017-11-18,2900.8274428274426,0.0,61.869998931884766
2017-11-19,2869.990099009901,0.0,61.36000061035156
2017-11-20,3053.974121996303,0.0,62.720001220703125
2017-11-21,2982.8292220113854,0.0,62.720001220703125
2017-11-22,3168.5731225296445,0.0,62.720001220703125
2017-11-23,3208.485596707819,0.0,62.220001220703125
2017-11-24,3311.2141230068337,0.0,62.56999969482422
2017-11-25,3390.9953810623556,0.0,63.31999969482422
2017-11-26,3322.5627530364372,0.0,63.31999969482422
2017-11-27,3452.765625,0.0,63.86000061035156
2017-11-28,3452.0175438596493,0.0,63.86000061035156
2017-11-29,3539.161592505855,0.0,63.86000061035156
2017-11-30,3442.8875598086124,0.0,63.84000015258789
2017-12-01,3436.9312977099235,0.0,63.61000061035156
2017-12-02,3282.3517441860463,0.0,63.11000061035156
2017-12-03,3280.372549019608,0.0,63.56999969482422
2017-12-04,3320.065439672802,0.0,63.4900016784668
2017-12-05,3304.5885947046845,0.0,63.4900016784668
2017-12-06,3336.207509881423,0.0,63.4900016784668
2017-12-07,3306.8371134020617,0.0,62.45000076293945
2017-12-08,3311.3805668016194,0.0,62.86000061035156
2017-12-09,3228.345205479452,0.0,61.220001220703125
2017-12-10,3220.8901960784315,0.0,62.20000076293945
2017-12-11,3315.8103837471785,0.0,63.400001525878906
2017-12-12,3362.910386965377,0.0,63.400001525878906
2017-12-13,3377.7272727272725,0.0,63.400001525878906
2017-12-14,3327.0666666666666,0.0,64.69000244140625
2017-12-15,3375.7262931034484,0.0,63.34000015258789
2017-12-16,3310.552966101695,0.0,62.43999862670898
2017-12-17,3140.1870503597124,0.0,63.310001373291016
2017-12-18,3344.0041928721175,0.0,63.22999954223633
2017-12-19,3237.3474747474747,0.0,63.22999954223633
2017-12-20,3251.7581573896355,0.0,63.22999954223633
2017-12-21,3199.20703125,0.0,63.40999984741211
2017-12-22,3246.9158316633266,0.0,63.79999923706055
2017-12-23,3188.5452488687783,0.0,64.55999755859375
2017-12-24,3140.8582089552237,0.0,64.9000015258789
2017-12-25,2980.2582417582416,0.0,65.25
2017-12-26,3125.3024193548385,0.0,65.25
2017-12-27,3209.7260536398467,0.0,65.25
2017-12-28,3163.1614173228345,0.0,65.25
2017-12-29,3149.0495867768595,0.0,67.0199966430664
2017-12-30,3107.7543103448274,0.0,66.44000244140625
2017-12-31,3088.7860262008735,0.0,66.72000122070312
2018-01-01,3220.687140115163,0.0,66.5999984741211
2018-01-02,3148.8086303939963,0.0,66.5999984741211
2018-01-03,3349.091836734694,0.0,66.5999984741211
2018-01-04,3380.301056338028,0.0,66.5999984741211
2018-01-05,3398.267985611511,0.0,66.56999969482422
2018-01-06,3364.823639774859,0.0,67.83999633789062
2018-01-07,3178.0251572327043,0.0,68.06999969482422
2018-01-08,3387.604278074866,0.0,67.62000274658203
2018-01-09,3437.733102253033,0.0,67.62000274658203
2018-01-10,3435.0278260869563,0.0,67.62000274658203
2018-01-11,3305.227504244482,0.0,67.77999877929688
2018-01-12,3380.1591320072334,0.0,68.81999969482422
2018-01-13,3232.248888888889,0.0,69.19999694824219
2018-01-14,3152.8412162162163,0.0,69.26000213623047
2018-01-15,3295.025291828794,0.0,69.87000274658203
2018-01-16,3345.540780141844,0.0,69.87000274658203
2018-01-17,3249.2976588628762,0.0,69.87000274658203
2018-01-18,3275.113559322034,0.0,69.87000274658203
2018-01-19,3273.9197860962568,0.0,69.1500015258789
2018-01-20,3189.833641404806,0.0,69.37999725341797
2018-01-21,3067.049689440994,0.0,69.30999755859375
2018-01-22,3110.777996070727,0.0,68.61000061035156
2018-01-23,3092.0828924162256,0.0,68.61000061035156
2018-01-24,3094.521978021978,0.0,68.61000061035156
2018-01-25,3123.6914700544467,0.0,69.02999877929688
2018-01-26,3100.608414239482,0.0,69.95999908447266
2018-01-27,3044.5372848948373,0.0,70.52999877929688
2018-01-28,2899.2019543973943,0.0,70.41999816894531
2018-01-29,2928.7636363636366,0.0,70.5199966430664
2018-01-30,2964.709323583181,0.0,70.5199966430664
2018-01-31,2812.9041666666667,0.0,70.5199966430664
2018-02-01,2724.5523156089193,0.0,69.45999908447266
2018-02-02,2706.6535714285715,0.0,69.0199966430664
2018-02-03,2653.9117647058824,0.0,69.05000305175781
2018-02-04,2542.7981072555203,0.0,69.08000183105469
2018-02-05,2606.622866894198,0.0,68.58000183105469
2018-02-06,2599.3745644599303,0.0,68.58000183105469
2018-02-07,2581.125874125874,0.0,68.58000183105469
2018-02-08,2517.715488215488,0.0,67.62000274658203
2018-02-09,2465.129203539823,0.0,66.86000061035156
2018-02-10,2353.4276169265036,0.0,65.51000213623047
2018-02-11,2417.05625,0.0,64.80999755859375
2018-02-12,2380.9962825278812,0.0,62.790000915527344
2018-02-13,2438.509677419355,0.0,62.790000915527344
2018-02-14,2435.4770459081838,0.0,62.790000915527344
2018-02-15,2361.5741811175335,0.0,62.59000015258789
2018-02-16,2380.9331046312177,0.0,62.720001220703125
2018-02-17,2341.6861313868612,0.0,64.36000061035156
2018-02-18,2284.382530120482,0.0,64.33000183105469
2018-02-19,2308.322241681261,0.0,64.83999633789062
2018-02-20,2263.54181184669,0.0,64.83999633789062
2018-02-21,2272.5138211382114,0.0,64.83999633789062
2018-02-22,2220.436860068259,0.0,64.83999633789062
2018-02-23,2192.1049069373944,0.0,65.25
2018-02-24,2145.8882575757575,0.0,65.41999816894531
2018-02-25,2128.488599348534,0.0,66.38999938964844
2018-02-26,2068.569282136895,0.0,67.30999755859375
2018-02-27,2064.8006993006993,0.0,67.30999755859375
2018-02-28,2048.8295880149813,0.0,67.30999755859375
2018-03-01,1975.3918629550321,0.0,67.5
2018-03-02,2077.885521885522,0.0,66.62999725341797
2018-03-03,1903.8101265822784,0.0,65.77999877929688
2018-03-04,1902.340625,0.0,65.70999908447266
2018-03-05,1846.2869269949067,0.0,64.37000274658203
2018-03-06,1844.2649122807018,0.0,64.37000274658203
2018-03-07,1773.954081632653,0.0,64.37000274658203
2018-03-08,1741.2989864864865,0.0,65.54000091552734
2018-03-09,1732.607944732297,0.0,65.79000091552734
2018-03-10,1657.7816326530613,0.0,64.33999633789062
2018-03-11,1672.9262536873157,0.0,63.61000061035156
2018-03-12,1609.5360655737704,0.0,65.48999786376953
2018-03-13,1597.5651465798046,0.0,65.48999786376953
2018-03-14,1566.567387687188,0.0,65.48999786376953
2018-03-15,1539.5407279029462,0.0,64.94999694824219
2018-03-16,1509.5,0.0,64.63999938964844
2018-03-17,1491.0879120879122,0.0,64.88999938964844
2018-03-18,1459.5637982195847,0.0,65.12000274658203
2018-03-19,1421.8671096345515,0.0,66.20999908447266
2018-03-20,1394.525,0.0,66.20999908447266
2018-03-21,1381.7806451612903,0.0,66.20999908447266
2018-03-22,1356.820945945946,0.0,66.05000305175781
2018-03-23,1344.0439367311071,0.0,67.41999816894531
2018-03-24,1358.1823308270677,0.0,69.47000122070312
2018-03-25,1380.1627118644067,0.0,68.91000366210938
2018-03-26,1376.0805008944544,0.0,70.44999694824219
2018-03-27,1369.414590747331,0.0,70.44999694824219
2018-03-28,1331.9724950884086,0.0,70.44999694824219
2018-03-29,1338.4490740740741,0.0,70.12000274658203
2018-03-30,1265.6683544303798,0.0,70.11000061035156
2018-03-31,1329.2368421052631,0.0,69.52999877929688
2018-04-01,1296.909090909091,0.0,70.2699966430664
2018-04-02,1263.0040733197557,0.0,70.2699966430664
2018-04-03,1269.901384083045,0.0,70.2699966430664
2018-04-04,1294.1986301369864,0.0,70.2699966430664
2018-04-05,1256.2837127845885,0.0,67.63999938964844
2018-04-06,1249.3499111900533,0.0,68.12000274658203
2018-04-07,1207.5724770642203,0.0,68.0199966430664
2018-04-08,1126.1923076923076,0.0,68.33000183105469
2018-04-09,1143.654054054054,0.0,67.11000061035156
2018-04-10,1208.7883959044368,0.0,67.11000061035156
2018-04-11,1191.979797979798,0.0,67.11000061035156
2018-04-12,1182.5980066445184,0.0,68.6500015258789
2018-04-13,1221.9384885764498,0.0,71.04000091552734
2018-04-14,1152.271662763466,0.0,72.05999755859375
2018-04-15,1092.7400611620794,0.0,72.0199966430664
2018-04-16,1171.5101663585951,0.0,72.58000183105469
2018-04-17,1155.7629757785467,0.0,72.58000183105469
2018-04-18,1192.3728813559321,0.0,72.58000183105469
2018-04-19,1119.5828779599271,0.0,71.41999816894531
2018-04-20,1119.4599627560522,0.0,71.58000183105469
2018-04-21,1121.073275862069,0.0,73.4800033569336
2018-04-22,995.3241758241758,0.0,73.77999877929688
2018-04-23,968.9246231155779,0.0,74.05999755859375
2018-04-24,1108.779497098646,0.0,74.05999755859375
2018-04-25,1096.1892857142857,0.0,74.05999755859375
2018-04-26,1075.181981981982,0.0,74.70999908447266
2018-04-27,1051.8961038961038,0.0,73.86000061035156
2018-04-28,1070.7249508840864,0.0,74.0
2018-04-29,994.4301470588235,0.0,74.73999786376953
2018-04-30,1106.434004474273,0.0,74.63999938964844
2018-05-01,1037.5068181818183,0.0,74.63999938964844
2018-05-02,1087.85,0.0,74.63999938964844
2018-05-03,1058.6756302521007,0.0,75.16999816894531
2018-05-04,1049.500857632933,0.0,75.16999816894531
2018-05-05,1069.6422018348624,0.0,73.36000061035156
2018-05-06,1001.2326283987916,0.0,73.62000274658203
2018-05-07,1054.0169491525423,0.0,74.87000274658203
2018-05-08,1058.2376068376068,0.0,74.87000274658203
2018-05-09,1081.8624161073826,0.0,74.87000274658203
2018-05-10,1047.8383838383838,0.0,76.16999816894531
2018-05-11,1053.2533112582782,0.0,74.8499984741211
2018-05-12,985.2887931034483,0.0,77.20999908447266
2018-05-13,985.8215384615385,0.0,77.47000122070312
2018-05-14,1053.9831081081081,0.0,77.12000274658203
2018-05-15,1094.8256227758006,0.0,77.12000274658203
2018-05-16,1076.7050243111833,0.0,77.12000274658203
2018-05-17,1046.7366666666667,0.0,78.2300033569336
2018-05-18,1040.7191780821918,0.0,78.43000030517578
2018-05-19,1043.4665461121158,0.0,79.27999877929688
2018-05-20,976.4143302180686,0.0,79.30000305175781
2018-05-21,1053.927241962775,0.0,78.51000213623047
2018-05-22,1038.3115577889448,0.0,78.51000213623047
2018-05-23,1021.7996632996633,0.0,78.51000213623047
2018-05-24,1030.0115511551155,0.0,79.22000122070312
2018-05-25,1326.668918918919,0.0,79.56999969482422
2018-05-26,1054.3254972875227,0.0,79.80000305175781
2018-05-27,962.3365384615385,0.0,78.79000091552734
2018-05-28,1016.6706484641638,0.0,76.44000244140625
2018-05-29,1034.1891418563923,0.0,76.44000244140625
2018-05-30,1034.710758377425,0.0,76.44000244140625
2018-05-31,1057.1117424242425,0.0,76.44000244140625
2018-06-01,1085.5798165137614,0.0,75.38999938964844
2018-06-02,1076.9001919385796,0.0,77.5
2018-06-03,1015.1054313099041,0.0,77.58999633789062
2018-06-04,1117.1918294849022,0.0,77.58999633789062
2018-06-05,1134.1549053356282,0.0,77.58999633789062
2018-06-06,1134.4766666666667,0.0,77.58999633789062
2018-06-07,1131.6749174917493,0.0,75.29000091552734
2018-06-08,1112.6601423487546,0.0,75.37999725341797
2018-06-09,1046.0913140311804,0.0,75.36000061035156
2018-06-10,1029.4892966360856,0.0,77.31999969482422
2018-06-11,1125.358234295416,0.0,76.45999908447266
2018-06-12,1150.7790697674418,0.0,76.45999908447266
2018-06-13,1153.2934027777778,0.0,76.45999908447266
2018-06-14,1131.8543859649124,0.0,76.45999908447266
2018-06-15,1055.6209677419354,0.0,75.87999725341797
2018-06-16,1261.8442211055276,0.0,76.73999786376953
2018-06-17,1107.1883116883116,0.0,75.94000244140625
2018-06-18,1218.8461538461538,0.0,73.44000244140625
2018-06-19,1218.6167883211679,0.0,73.44000244140625
2018-06-20,1255.549319727891,0.0,73.44000244140625
2018-06-21,1298.51269035533,0.0,75.33999633789062
2018-06-22,1320.4733096085408,0.0,75.08000183105469
2018-06-23,1344.092,0.0,74.73999786376953
2018-06-24,1216.6824817518248,0.0,73.05000305175781
2018-06-25,1385.0174216027874,0.0,75.55000305175781
2018-06-26,1387.083038869258,0.0,75.55000305175781
2018-06-27,1417.8929889298893,0.0,75.55000305175781
2018-06-28,1409.371212121212,0.0,74.7300033569336
2018-06-29,1341.0947368421052,0.0,76.30999755859375
2018-06-30,1386.7711864406779,0.0,77.62000274658203
2018-07-01,1344.3763837638376,0.0,77.8499984741211
2018-07-02,1535.183266932271,0.0,79.44000244140625
2018-07-03,1538.556862745098,0.0,79.44000244140625
2018-07-04,1537.3137996219282,0.0,79.44000244140625
2018-07-05,1560.3719626168224,0.0,77.30000305175781
2018-07-06,1586.0888468809073,0.0,77.76000213623047
2018-07-07,1612.6563706563707,0.0,77.76000213623047
2018-07-08,1481.8617363344051,0.0,77.38999938964844
2018-07-09,1604.9506398537478,0.0,77.11000061035156
2018-07-10,1621.4420677361854,0.0,77.11000061035156
2018-07-11,1645.1910499139415,0.0,77.11000061035156
2018-07-12,1634.0035398230089,0.0,78.06999969482422
2018-07-13,1625.5892514395393,0.0,78.86000061035156
2018-07-14,1510.4285714285713,0.0,73.4000015258789
2018-07-15,1514.8913738019169,0.0,74.44999694824219
2018-07-16,1649.0432525951558,0.0,75.33000183105469
2018-07-17,1654.394415357766,0.0,75.33000183105469
2018-07-18,1651.0121527777778,0.0,75.33000183105469
2018-07-19,1642.264705882353,0.0,71.83999633789062
2018-07-20,1642.1076923076923,0.0,72.16000366210938
2018-07-21,1702.1802973977694,0.0,72.9000015258789
2018-07-22,1497.0403726708075,0.0,72.58000183105469
2018-07-23,1714.427027027027,0.0,73.06999969482422
2018-07-24,1710.5183887915937,0.0,73.06999969482422
2018-07-25,1641.6158088235295,0.0,73.06999969482422
2018-07-26,1699.4776386404294,0.0,73.05999755859375
2018-07-27,1736.6113207547169,0.0,73.44000244140625
2018-07-28,1677.1814516129032,0.0,73.93000030517578
2018-07-29,1553.3135313531352,0.0,74.54000091552734
2018-07-30,1642.4783393501805,0.0,74.29000091552734
2018-07-31,1676.7722960151802,0.0,74.29000091552734
2018-08-01,1632.823834196891,0.0,74.29000091552734
2018-08-02,1661.272268907563,0.0,74.97000122070312
2018-08-03,1633.8125,0.0,74.25
2018-08-04,1656.7979094076654,0.0,74.25
2018-08-05,1531.85625,0.0,73.44999694824219
2018-08-06,1633.0757042253522,0.0,73.20999908447266
2018-08-07,1553.4410714285714,0.0,73.20999908447266
2018-08-08,1616.5398671096345,0.0,73.20999908447266
2018-08-09,1618.445045045045,0.0,73.75
2018-08-10,1597.6695501730103,0.0,74.6500015258789
2018-08-11,1601.9847826086957,0.0,72.27999877929688
2018-08-12,1526.4789156626507,0.0,72.06999969482422
2018-08-13,1581.7552083333333,0.0,72.80999755859375
2018-08-14,1573.1423670668953,0.0,72.80999755859375
2018-08-15,1567.1118881118882,0.0,72.80999755859375
2018-08-16,1523.22695035461,0.0,72.61000061035156
2018-08-17,1541.7683486238532,0.0,72.45999908447266
2018-08-18,1517.8450980392156,0.0,70.76000213623047
2018-08-19,1500.7037037037037,0.0,71.43000030517578
2018-08-20,1549.517793594306,0.0,71.83000183105469
2018-08-21,1549.104347826087,0.0,71.83000183105469
2018-08-22,1601.6019900497513,0.0,71.83000183105469
2018-08-23,1561.4285714285713,0.0,72.20999908447266
2018-08-24,1489.4494584837546,0.0,72.62999725341797
2018-08-25,1406.9783080260304,0.0,74.77999877929688
2018-08-26,1457.0885608856088,0.0,74.7300033569336
2018-08-27,1443.095238095238,0.0,75.81999969482422
2018-08-28,1409.3303886925796,0.0,75.81999969482422
2018-08-29,1483.9637931034483,0.0,75.81999969482422
2018-08-30,1436.243859649123,0.0,76.20999908447266
2018-08-31,1474.4325396825398,0.0,75.94999694824219
2018-09-01,1457.468045112782,0.0,77.13999938964844
2018-09-02,1400.6238532110092,0.0,77.7699966430664
2018-09-03,1468.5180722891566,0.0,77.41999816894531
2018-09-04,1462.0619469026549,0.0,77.41999816894531
2018-09-05,1445.554054054054,0.0,77.41999816894531
2018-09-06,1419.7020547945206,0.0,77.41999816894531
2018-09-07,1389.879712746858,0.0,78.16999816894531
2018-09-08,1357.790020790021,0.0,77.2699966430664
2018-09-09,1359.7592592592594,0.0,76.5
2018-09-10,1315.5473484848485,0.0,76.83000183105469
2018-09-11,1395.5274542429283,0.0,76.83000183105469
2018-09-12,1365.8508914100487,0.0,76.83000183105469
2018-09-13,1411.6924528301886,0.0,77.37000274658203
2018-09-14,1332.8147512864493,0.0,79.05999755859375
2018-09-15,1369.9163636363637,0.0,79.73999786376953
2018-09-16,1307.845697329377,0.0,78.18000030517578
2018-09-17,1353.782244556114,0.0,78.08999633789062
2018-09-18,1343.704974271012,0.0,78.08999633789062
2018-09-19,1339.7084019769356,0.0,78.08999633789062
2018-09-20,1303.1739130434783,0.0,78.05000305175781
2018-09-21,1325.1710794297353,0.0,79.02999877929688
2018-09-22,1335.1285211267605,0.0,79.4000015258789
2018-09-23,1295.8909090909092,0.0,78.69999694824219
2018-09-24,1330.7272727272727,0.0,78.80000305175781
2018-09-25,1319.755357142857,0.0,78.80000305175781
2018-09-26,1339.5644891122279,0.0,78.80000305175781
2018-09-27,1305.5074875207986,0.0,81.19999694824219
2018-09-28,1288.4892086330935,0.0,81.87000274658203
2018-09-29,1292.3885819521179,0.0,81.33999633789062
2018-09-30,1282.5483870967741,0.0,81.72000122070312
2018-10-01,1330.5161943319838,0.0,82.72000122070312
2018-10-02,1295.5072463768115,0.0,82.72000122070312
2018-10-03,1327.3261261261262,0.0,82.72000122070312
2018-10-04,1343.7250922509224,0.0,84.9800033569336
2018-10-05,1362.693761814745,0.0,84.80000305175781
2018-10-06,1367.9609665427508,0.0,86.29000091552734
2018-10-07,1297.483870967742,0.0,84.58000183105469
2018-10-08,1392.0,0.0,84.16000366210938
2018-10-09,1375.0437062937062,0.0,84.16000366210938
2018-10-10,1363.9578207381371,0.0,84.16000366210938
2018-10-11,1375.4013605442176,0.0,83.91000366210938
2018-10-12,1380.588768115942,0.0,85.0
2018-10-13,1322.6666666666667,0.0,83.08999633789062
2018-10-14,1327.404255319149,0.0,80.26000213623047
2018-10-15,1424.7020109689213,0.0,80.43000030517578
2018-10-16,1456.750909090909,0.0,80.43000030517578
2018-10-17,1514.8636363636363,0.0,80.43000030517578
2018-10-18,1508.7494356659142,0.0,80.77999877929688
2018-10-19,1508.6666666666667,0.0,81.41000366210938
2018-10-20,1593.331450094162,0.0,80.05000305175781
2018-10-21,1496.084592145015,0.0,79.29000091552734
2018-10-22,1608.039182282794,0.0,79.77999877929688
2018-10-23,1636.6706689536877,0.0,79.77999877929688
2018-10-24,1619.3383177570092,0.0,79.77999877929688
2018-10-25,1624.1309523809523,0.0,79.83000183105469
2018-10-26,1628.599647266314,0.0,76.44000244140625
2018-10-27,1626.624329159213,0.0,76.16999816894531
2018-10-28,1475.379104477612,0.0,76.88999938964844
2018-10-29,1623.0204081632653,0.0,77.62000274658203
2018-10-30,1589.8973913043478,0.0,77.62000274658203
2018-10-31,1605.9831775700934,0.0,77.62000274658203
2018-11-01,1569.5296912114013,0.0,77.33999633789062
2018-11-02,1560.6278118609407,0.0,75.91000366210938
2018-11-03,1588.70987654321,0.0,75.47000122070312
2018-11-04,1491.41875,0.0,75.5
2018-11-05,1620.0623781676413,0.0,72.83000183105469
2018-11-06,1588.54233409611,0.0,72.83000183105469
2018-11-07,1750.6048387096773,0.0,72.83000183105469
2018-11-08,1798.6005747126437,0.0,73.16999816894531
2018-11-09,1706.9144144144145,0.0,72.12999725341797
2018-11-10,1582.8288288288288,0.0,72.06999969482422
2018-11-11,1458.6474164133738,0.0,70.6500015258789
2018-11-12,1580.6086175942548,0.0,70.18000030517578
2018-11-13,1573.3189655172414,0.0,70.18000030517578
2018-11-14,1568.961937716263,0.0,70.18000030517578
2018-11-15,1547.1156462585034,0.0,70.12000274658203
2018-11-16,1523.48547008547,0.0,65.47000122070312
2018-11-17,1440.476370510397,0.0,66.12000274658203
2018-11-18,1421.0030581039755,0.0,66.62000274658203
2018-11-19,1478.2972972972973,0.0,66.76000213623047
2018-11-20,1375.8015267175572,0.0,66.76000213623047
2018-11-21,1517.7397260273972,0.0,66.76000213623047
2018-11-22,1450.9267461669506,0.0,66.79000091552734
2018-11-23,1479.7060041407867,0.0,62.52999877929688
2018-11-24,1478.4153846153847,0.0,63.47999954223633
2018-11-25,1314.062695924765,0.0,63.47999954223633
2018-11-26,1412.0996441281138,0.0,58.79999923706055
2018-11-27,1415.3175182481752,0.0,58.79999923706055
2018-11-28,1383.9001751313485,0.0,58.79999923706055
2018-11-29,1348.4283305227657,0.0,60.47999954223633
2018-11-30,1331.302681992337,0.0,60.209999084472656
2018-12-01,1342.4138576779026,0.0,58.7599983215332
2018-12-02,1225.6335403726707,0.0,59.5099983215332
2018-12-03,1295.0085034013605,0.0,58.709999084472656
2018-12-04,1250.6409807355517,0.0,58.709999084472656
2018-12-05,1249.9880952380952,0.0,58.709999084472656
2018-12-06,1247.1136738056014,0.0,61.68999862670898
2018-12-07,1308.0537037037036,0.0,62.08000183105469
2018-12-08,1165.8861283643892,0.0,62.08000183105469
2018-12-09,1131.5488505747126,0.0,60.060001373291016
2018-12-10,1202.1273031825795,0.0,61.66999816894531
2018-12-11,1188.3989547038327,0.0,61.66999816894531
2018-12-12,1172.2285223367699,0.0,61.66999816894531
2018-12-13,1203.7492012779553,0.0,59.970001220703125
2018-12-14,1100.6764168190127,0.0,60.20000076293945
2018-12-15,1203.6471663619743,0.0,60.150001525878906
2018-12-16,1095.4744318181818,0.0,61.45000076293945
2018-12-17,1150.645,0.0,60.27999877929688
2018-12-18,1126.2372881355932,0.0,60.27999877929688
2018-12-19,1149.0523731587562,0.0,60.27999877929688
2018-12-20,1114.2287581699347,0.0,59.61000061035156
2018-12-21,1103.3924914675767,0.0,56.2599983215332
2018-12-22,1108.7527675276754,0.0,57.2400016784668
2018-12-23,1063.6179775280898,0.0,54.34999847412109
2018-12-24,1074.0117647058823,0.0,53.81999969482422
2018-12-25,1008.015350877193,0.0,53.81999969482422
2018-12-26,1097.9400324149108,0.0,53.81999969482422
2018-12-27,1053.1004942339373,0.0,50.470001220703125
2018-12-28,1058.5969125214408,0.0,50.470001220703125
2018-12-29,1055.7481343283582,0.0,54.470001220703125
2018-12-30,1006.7662337662338,0.0,52.15999984741211
2018-12-31,1071.5423423423424,0.0,52.20000076293945
2019-01-01,1080.157986111111,0.0,52.20000076293945
2019-01-02,1054.1507798960138,0.0,52.20000076293945
2019-01-03,1022.4974874371859,0.0,53.79999923706055
2019-01-04,1104.4103392568659,0.0,53.79999923706055
2019-01-05,1122.3194945848375,0.0,54.90999984741211
2019-01-06,1019.4971590909091,0.0,55.95000076293945
2019-01-07,1064.3945578231292,0.0,57.060001373291016
2019-01-08,987.1094619666048,0.0,57.060001373291016
2019-01-09,993.5946902654867,0.0,57.060001373291016
2019-01-10,1086.055462184874,0.0,57.33000183105469
2019-01-11,1073.2102473498232,0.0,58.720001220703125
2019-01-12,1043.8198757763976,0.0,61.43999862670898
2019-01-13,1048.6413994169095,0.0,61.68000030517578
2019-01-14,1110.3333333333333,0.0,60.47999954223633
2019-01-15,1087.168905950096,0.0,60.47999954223633
2019-01-16,1110.1079258010118,0.0,60.47999954223633
2019-01-17,1043.7986688851913,0.0,58.9900016784668
2019-01-18,1058.623745819398,0.0,60.63999938964844
2019-01-19,1048.2141592920354,0.0,61.31999969482422
2019-01-20,979.5352112676056,0.0,61.18000030517578
2019-01-21,1040.8837209302326,0.0,62.70000076293945
2019-01-22,1045.9690721649486,0.0,62.70000076293945
2019-01-23,1055.1363636363637,0.0,62.70000076293945
2019-01-24,1060.3075630252101,0.0,62.70000076293945
2019-01-25,1037.4169675090252,0.0,61.5
2019-01-26,1055.2911764705882,0.0,61.13999938964844
2019-01-27,974.2445820433436,0.0,61.09000015258789
2019-01-28,1012.4583333333334,0.0,61.63999938964844
2019-01-29,1015.5629251700681,0.0,61.63999938964844
2019-01-30,1003.2482517482517,0.0,61.63999938964844
2019-01-31,1017.5783582089553,0.0,59.93000030517578
2019-02-01,983.3542039355992,0.0,61.31999969482422
2019-02-02,999.4112627986348,0.0,61.650001525878906
2019-02-03,953.5621468926554,0.0,61.88999938964844
2019-02-04,993.9637931034483,0.0,61.869998931884766
2019-02-05,980.9668325041459,0.0,61.869998931884766
2019-02-06,984.4163822525597,0.0,61.869998931884766
2019-02-07,960.2761578044597,0.0,62.5099983215332
2019-02-08,978.9414893617021,0.0,61.97999954223633
2019-02-09,950.7559055118111,0.0,62.68999862670898
2019-02-10,911.6295264623956,0.0,61.630001068115234
2019-02-11,950.5050505050505,0.0,62.09999847412109
2019-02-12,963.050736497545,0.0,62.09999847412109
2019-02-13,984.7384105960265,0.0,62.09999847412109
2019-02-14,970.6254355400697,0.0,61.5099983215332
2019-02-15,951.1844484629295,0.0,62.41999816894531
2019-02-16,996.1855855855856,0.0,63.61000061035156
2019-02-17,915.0489913544668,0.0,64.56999969482422
2019-02-18,919.9556737588653,0.0,66.25
2019-02-19,1001.4027504911592,0.0,66.25
2019-02-20,940.5823008849558,0.0,66.25
2019-02-21,955.0786324786325,0.0,66.25
2019-02-22,945.9587628865979,0.0,66.44999694824219
2019-02-23,961.8842105263158,0.0,67.08000183105469
2019-02-24,888.8988764044943,0.0,67.06999969482422
2019-02-25,928.2203098106712,0.0,67.12000274658203
2019-02-26,928.1401050788091,0.0,67.12000274658203
2019-02-27,938.4792387543253,0.0,67.12000274658203
2019-02-28,970.7595419847328,0.0,64.76000213623047
2019-03-01,948.3951762523191,0.0,65.20999908447266
2019-03-02,938.780260707635,0.0,66.38999938964844
2019-03-03,914.6407185628742,0.0,66.02999877929688
2019-03-04,960.0650759219089,0.0,65.06999969482422
2019-03-05,975.2020373514431,0.0,65.06999969482422
2019-03-06,961.8412162162163,0.0,65.06999969482422
2019-03-07,929.509243697479,0.0,65.66999816894531
2019-03-08,945.9894921190893,0.0,65.86000061035156
2019-03-09,893.0954356846473,0.0,65.98999786376953
2019-03-10,936.6160458452722,0.0,66.30000305175781
2019-03-11,963.2208,0.0,65.73999786376953
2019-03-12,959.3457792207793,0.0,65.73999786376953
2019-03-13,966.5661290322581,0.0,65.73999786376953
2019-03-14,968.2378640776699,0.0,66.58000183105469
2019-03-15,965.5412541254126,0.0,66.66999816894531
2019-03-16,969.9966777408638,0.0,67.55000305175781
2019-03-17,930.9973544973545,0.0,67.2300033569336
2019-03-18,966.4081632653061,0.0,67.16000366210938
2019-03-19,960.8884364820847,0.0,67.16000366210938
2019-03-20,987.6231343283582,0.0,67.16000366210938
2019-03-21,1073.1461038961038,0.0,67.54000091552734
2019-03-22,960.6824457593689,0.0,67.61000061035156
2019-03-23,973.7813051146385,0.0,68.5
2019-03-24,898.974358974359,0.0,67.86000061035156
2019-03-25,973.3151125401929,0.0,67.02999877929688
2019-03-26,963.4815409309791,0.0,67.02999877929688
2019-03-27,982.5805921052631,0.0,67.02999877929688
2019-03-28,957.6186440677966,0.0,67.20999908447266
2019-03-29,969.5769911504425,0.0,67.97000122070312
2019-03-30,980.5211009174312,0.0,67.83000183105469
2019-03-31,931.7722772277227,0.0,67.81999969482422
2019-04-01,955.6884955752213,0.0,68.38999938964844
2019-04-02,943.0951585976628,0.0,68.38999938964844
2019-04-03,963.3662884927066,0.0,68.38999938964844
2019-04-04,928.6416938110749,0.0,69.01000213623047
2019-04-05,976.63139329806,0.0,69.37000274658203
2019-04-06,987.2358490566038,0.0,69.30999755859375
2019-04-07,911.8037634408602,0.0,69.4000015258789
2019-04-08,974.0922570016475,0.0,70.33999633789062
2019-04-09,970.9645161290323,0.0,70.33999633789062
2019-04-10,968.6013179571664,0.0,70.33999633789062
2019-04-11,968.8188405797101,0.0,71.0999984741211
2019-04-12,977.6387900355871,0.0,70.61000061035156
2019-04-13,927.3264033264034,0.0,71.7300033569336
2019-04-14,948.4405797101449,0.0,70.83000183105469
2019-04-15,887.8582230623819,0.0,71.55000305175781
2019-04-16,983.4305317324186,0.0,71.55000305175781
2019-04-17,1011.8711018711019,0.0,71.55000305175781
2019-04-18,906.7657480314961,0.0,71.18000030517578
2019-04-19,921.2272727272727,0.0,71.72000122070312
2019-04-20,976.0071942446043,0.0,71.62000274658203
2019-04-21,925.7422969187675,0.0,71.97000122070312
2019-04-22,991.550621669627,0.0,71.97000122070312
2019-04-23,986.630081300813,0.0,71.97000122070312
2019-04-24,1022.4525790349418,0.0,71.97000122070312
2019-04-25,1053.4616695059626,0.0,74.04000091552734
2019-04-26,1065.9042735042735,0.0,74.51000213623047
2019-04-27,1066.9271028037383,0.0,74.56999969482422
2019-04-28,997.603125,0.0,74.3499984741211
2019-04-29,1079.9070208728654,0.0,72.1500015258789
2019-04-30,1084.032196969697,0.0,72.1500015258789
2019-05-01,1001.5550561797753,0.0,72.1500015258789
2019-05-02,1072.5714285714287,0.0,72.04000091552734
2019-05-03,1050.9278350515465,0.0,72.80000305175781
2019-05-04,1085.5189393939395,0.0,72.18000030517578
2019-05-05,976.6187845303867,0.0,70.75
2019-05-06,1089.5252173913043,0.0,70.8499984741211
2019-05-07,1104.0626185958254,0.0,70.8499984741211
2019-05-08,1096.1107205623903,0.0,70.8499984741211
2019-05-09,1068.8728971962616,0.0,71.23999786376953
2019-05-10,1078.0428305400374,0.0,69.87999725341797
2019-05-11,1032.2092050209205,0.0,70.37000274658203
2019-05-12,1049.98347107438,0.0,70.38999938964844
2019-05-13,1121.453752181501,0.0,70.62000274658203
2019-05-14,1110.7079207920792,0.0,70.62000274658203
2019-05-15,1110.6201413427561,0.0,70.62000274658203
2019-05-16,1168.619926199262,0.0,70.2300033569336
2019-05-17,1183.6829268292684,0.0,71.23999786376953
2019-05-18,1158.272921108742,0.0,71.7699966430664
2019-05-19,1081.1681681681682,0.0,72.62000274658203
2019-05-20,1156.103448275862,0.0,72.20999908447266
2019-05-21,1128.6103678929767,0.0,72.20999908447266
2019-05-22,1138.6434634974532,0.0,72.20999908447266
2019-05-23,1171.177981651376,0.0,71.97000122070312
2019-05-24,1169.0272727272727,0.0,72.18000030517578
2019-05-25,1126.360902255639,0.0,70.98999786376953
2019-05-26,1046.2130177514794,0.0,67.76000213623047
2019-05-27,1181.4469565217391,0.0,68.69000244140625
2019-05-28,1197.263959390863,0.0,68.69000244140625
2019-05-29,1183.082332761578,0.0,68.69000244140625
2019-05-30,1186.6376554174067,0.0,68.69000244140625
2019-05-31,1264.65991902834,0.0,70.11000061035156
2019-06-01,1231.896686159844,0.0,69.44999694824219
2019-06-02,1097.879411764706,0.0,66.87000274658203
2019-06-03,1244.8434163701068,0.0,64.48999786376953
2019-06-04,1247.9613356766256,0.0,64.48999786376953
2019-06-05,1146.0287958115184,0.0,64.48999786376953
2019-06-06,1276.9299242424242,0.0,61.27999877929688
2019-06-07,1270.251356238698,0.0,61.970001220703125
2019-06-08,1136.3232104121475,0.0,60.630001068115234
2019-06-09,1162.4347826086957,0.0,61.66999816894531
2019-06-10,1284.526050420168,0.0,63.290000915527344
2019-06-11,1311.7011686143574,0.0,63.290000915527344
2019-06-12,1353.0319865319866,0.0,63.290000915527344
2019-06-13,1349.8700173310226,0.0,62.290000915527344
2019-06-14,1306.9232142857143,0.0,62.290000915527344
2019-06-15,1364.7595419847328,0.0,59.970001220703125
2019-06-16,1209.2857142857142,0.0,61.310001373291016
2019-06-17,1379.9586330935251,0.0,62.0099983215332
2019-06-18,1396.6277128547579,0.0,62.0099983215332
2019-06-19,1346.7973199329983,0.0,62.0099983215332
2019-06-20,1403.0881355932204,0.0,60.93999862670898
2019-06-21,1379.9830795262267,0.0,62.13999938964844
2019-06-22,1433.3237924865832,0.0,61.81999969482422
2019-06-23,1249.228650137741,0.0,64.44999694824219
2019-06-24,1424.9966611018365,0.0,65.19999694824219
2019-06-25,1418.7354452054794,0.0,65.19999694824219
2019-06-26,1415.559822064057,0.0,65.19999694824219
2019-06-27,1474.2174688057041,0.0,64.86000061035156
2019-06-28,1413.5310734463276,0.0,65.05000305175781
2019-06-29,1425.455268389662,0.0,66.48999786376953
2019-06-30,1305.1344827586206,0.0,66.55000305175781
2019-07-01,1492.705223880597,0.0,66.55000305175781
2019-07-02,1464.6491557223264,0.0,66.55000305175781
2019-07-03,1472.8136042402828,0.0,66.55000305175781
2019-07-04,1484.375690607735,0.0,65.05999755859375
2019-07-05,1471.4048042704626,0.0,62.400001525878906
2019-07-06,1493.9378531073446,0.0,63.81999969482422
2019-07-07,1431.1707317073171,0.0,63.81999969482422
2019-07-08,1536.28367003367,0.0,64.2300033569336
2019-07-09,1520.8249566724437,0.0,64.2300033569336
2019-07-10,1509.8531531531532,0.0,64.2300033569336
2019-07-11,1505.8880994671404,0.0,64.11000061035156
2019-07-12,1541.9610389610389,0.0,64.16000366210938
2019-07-13,1450.3304535637149,0.0,67.01000213623047
2019-07-14,1421.3418079096045,0.0,66.5199966430664
2019-07-15,1584.9058219178082,0.0,66.72000122070312
2019-07-16,1572.3139329805997,0.0,66.72000122070312
2019-07-17,1597.781462585034,0.0,66.72000122070312
2019-07-18,1602.922619047619,0.0,66.4800033569336
2019-07-19,1582.8564727954972,0.0,64.3499984741211
2019-07-20,1599.5872727272726,0.0,63.65999984741211
2019-07-21,1418.235294117647,0.0,61.93000030517578
2019-07-22,1595.1076923076923,0.0,62.470001220703125
2019-07-23,1570.0360824742268,0.0,62.470001220703125
2019-07-24,1598.8373702422145,0.0,62.470001220703125
2019-07-25,1563.4450651769087,0.0,63.2599983215332
2019-07-26,1571.3848987108656,0.0,63.83000183105469
2019-07-27,1608.833984375,0.0,63.18000030517578
2019-07-28,1517.2981927710844,0.0,63.38999938964844
2019-07-29,1605.0906642728905,0.0,63.459999084472656
2019-07-30,1588.6119133574007,0.0,63.459999084472656
2019-07-31,1539.1104166666667,0.0,63.459999084472656
2019-08-01,1638.2911877394636,0.0,63.709999084472656
2019-08-02,1625.3519855595669,0.0,64.72000122070312
2019-08-03,1620.731843575419,0.0,65.16999816894531
2019-08-04,1533.9423631123918,0.0,60.5
2019-08-05,1655.3501742160279,0.0,61.88999938964844
2019-08-06,1629.2566844919786,0.0,61.88999938964844
2019-08-07,1613.5750452079567,0.0,61.88999938964844
2019-08-08,1633.462962962963,0.0,59.810001373291016
2019-08-09,1615.8895705521472,0.0,58.93999862670898
2019-08-10,1587.8915662650602,0.0,56.22999954223633
2019-08-11,1560.5552407932012,0.0,57.380001068115234
2019-08-12,1679.3486682808716,0.0,58.52999877929688
2019-08-13,1705.4283088235295,0.0,58.52999877929688
2019-08-14,1708.2107142857142,0.0,58.52999877929688
2019-08-15,1819.6974169741698,0.0,58.56999969482422
2019-08-16,1765.956603773585,0.0,61.29999923706055
2019-08-17,1825.3326923076922,0.0,59.47999954223633
2019-08-18,1668.3661971830986,0.0,58.22999954223633
2019-08-19,1841.1982608695653,0.0,58.63999938964844
2019-08-20,1951.673835125448,0.0,58.63999938964844
2019-08-21,1973.3019538188278,0.0,58.63999938964844
2019-08-22,2072.1577981651376,0.0,59.7400016784668
2019-08-23,2060.182222222222,0.0,60.02999877929688
2019-08-24,2148.101419878296,0.0,60.29999923706055
2019-08-25,2034.1381381381382,0.0,59.91999816894531
2019-08-26,2259.5078534031413,0.0,59.34000015258789
2019-08-27,2260.3393501805053,0.0,59.34000015258789
2019-08-28,2261.337099811676,0.0,59.34000015258789
2019-08-29,2406.6349480968856,0.0,58.70000076293945
2019-08-30,2431.3523421588593,0.0,59.5099983215332
2019-08-31,2422.6578411405294,0.0,60.4900016784668
2019-09-01,2284.665634674923,0.0,61.08000183105469
2019-09-02,2420.8046875,0.0,60.43000030517578
2019-09-03,2443.2367941712205,0.0,60.43000030517578
2019-09-04,2450.996638655462,0.0,60.43000030517578
2019-09-05,2422.6378091872793,0.0,60.43000030517578
2019-09-06,2489.5931283905966,0.0,58.2599983215332
2019-09-07,2473.6513409961685,0.0,60.70000076293945
2019-09-08,2424.843657817109,0.0,60.95000076293945
2019-09-09,2475.4365942028985,0.0,61.540000915527344
2019-09-10,2466.504329004329,0.0,61.540000915527344
2019-09-11,2393.8209523809523,0.0,61.540000915527344
2019-09-12,2459.8651452282156,0.0,62.59000015258789
2019-09-13,2486.0628803245436,0.0,62.380001068115234
2019-09-14,2522.6845637583892,0.0,60.810001373291016
2019-09-15,2567.8622754491016,0.0,60.380001068115234
2019-09-16,2738.4364937388195,0.0,60.220001220703125
2019-09-17,2771.256363636364,0.0,60.220001220703125
2019-09-18,2883.0454545454545,0.0,60.220001220703125
2019-09-19,2972.1371115173674,0.0,69.0199966430664
2019-09-20,3119.2544031311154,0.0,64.55000305175781
2019-09-21,3190.1879194630874,0.0,63.59999847412109
2019-09-22,3222.031746031746,0.0,64.4000015258789
2019-09-23,3396.841889117043,0.0,64.27999877929688
2019-09-24,3560.2360248447203,0.0,64.27999877929688
2019-09-25,3648.9142259414225,0.0,64.27999877929688
2019-09-26,3703.3223140495866,0.0,64.7699966430664
2019-09-27,3600.448051948052,0.0,63.09999847412109
2019-09-28,3697.587112171838,0.0,62.38999938964844
2019-09-29,3638.715909090909,0.0,62.7400016784668
2019-09-30,3724.05311778291,0.0,61.90999984741211
2019-10-01,3669.2795918367347,0.0,61.90999984741211
2019-10-02,3662.4497354497353,0.0,61.90999984741211
2019-10-03,3556.2509433962264,0.0,60.77999877929688
2019-10-04,3504.3622047244094,0.0,58.88999938964844
2019-10-05,3448.8088888888888,0.0,57.68999862670898
2019-10-06,3405.5,0.0,57.709999084472656
2019-10-07,3520.2877358490564,0.0,58.369998931884766
2019-10-08,3530.781491002571,0.0,58.369998931884766
2019-10-09,3536.2102272727275,0.0,58.369998931884766
2019-10-10,3469.3142857142857,0.0,58.34999847412109
2019-10-11,3475.651663405088,0.0,58.2400016784668
2019-10-12,3401.2683486238534,0.0,58.31999969482422
2019-10-13,3340.723076923077,0.0,59.09999847412109
2019-10-14,3454.8085501858736,0.0,60.5099983215332
2019-10-15,3389.108778625954,0.0,60.5099983215332
2019-10-16,3356.0592592592593,0.0,60.5099983215332
2019-10-17,3336.773465703971,0.0,59.34999847412109
2019-10-18,3293.5333333333333,0.0,58.7400016784668
2019-10-19,3294.6140350877195,0.0,59.41999816894531
2019-10-20,3261.1211180124224,0.0,59.90999984741211
2019-10-21,3325.348643006263,0.0,59.41999816894531
2019-10-22,3280.6064981949457,0.0,59.41999816894531
2019-10-23,3295.8541666666665,0.0,59.41999816894531
2019-10-24,3293.8490566037735,0.0,58.959999084472656
2019-10-25,3374.534188034188,0.0,59.70000076293945
2019-10-26,3468.4636118598382,0.0,61.16999816894531
2019-10-27,3321.3255813953488,0.0,61.66999816894531
2019-10-28,3502.8084415584417,0.0,62.02000045776367
2019-10-29,3427.207349081365,0.0,62.02000045776367
2019-10-30,3389.837022132797,0.0,62.02000045776367
2019-10-31,3436.089912280702,0.0,61.56999969482422
2019-11-01,3523.7046413502107,0.0,61.59000015258789
2019-11-02,3664.7878151260506,0.0,60.61000061035156
2019-11-03,3636.6083916083917,0.0,60.22999954223633
2019-11-04,3867.633946830266,0.0,61.68999862670898
2019-11-05,3906.1363636363635,0.0,61.68999862670898
2019-11-06,4104.1720430107525,0.0,61.68999862670898
2019-11-07,4156.386813186813,0.0,62.130001068115234
2019-11-08,4158.07268722467,0.0,62.959999084472656
2019-11-09,4042.742774566474,0.0,61.7400016784668
2019-11-10,4083.695473251029,0.0,62.290000915527344
2019-11-11,4273.805309734514,0.0,62.5099983215332
2019-11-12,4275.1689373297,0.0,62.5099983215332
2019-11-13,4309.634955752213,0.0,62.5099983215332
2019-11-14,4296.978021978022,0.0,62.18000030517578
2019-11-15,4353.193396226415,0.0,62.060001373291016
2019-11-16,4189.46875,0.0,62.369998931884766
2019-11-17,4129.723021582734,0.0,62.27999877929688
2019-11-18,4289.4789915966385,0.0,63.29999923706055
2019-11-19,4367.577625570776,0.0,63.29999923706055
2019-11-20,4517.8574660633485,0.0,63.29999923706055
2019-11-21,4554.268065268066,0.0,62.43999862670898
2019-11-22,4632.331606217616,0.0,60.90999984741211
2019-11-23,4690.0088235294115,0.0,62.400001525878906
2019-11-24,4452.417910447762,0.0,63.970001220703125
2019-11-25,4890.386167146974,0.0,63.38999938964844
2019-11-26,4897.715151515152,0.0,63.38999938964844
2019-11-27,4930.4,0.0,63.38999938964844
2019-11-28,4846.316265060241,0.0,63.650001525878906
2019-11-29,4743.8121019108285,0.0,64.2699966430664
2019-11-30,4994.20295202952,0.0,64.05999755859375
2019-12-01,4557.5053763440865,0.0,64.05999755859375
2019-12-02,5497.881720430108,0.0,62.43000030517578
2019-12-03,5697.412087912088,0.0,62.43000030517578
2019-12-04,6101.58125,0.0,62.43000030517578
2019-12-05,6255.4,0.0,60.91999816894531
2019-12-06,6132.2945205479455,0.0,60.81999969482422
2019-12-07,6216.161538461539,0.0,63.0
2019-12-08,5274.680555555556,0.0,63.38999938964844
2019-12-09,5941.533783783784,0.0,64.38999938964844
2019-12-10,5306.273972602739,0.0,64.38999938964844
2019-12-11,5413.172661870503,0.0,64.38999938964844
2019-12-12,5369.177304964539,0.0,64.25
2019-12-13,5447.176,0.0,64.33999633789062
2019-12-14,5611.9586776859505,0.0,63.720001220703125
2019-12-15,5524.569620253164,0.0,64.19999694824219
2019-12-16,5894.213836477988,0.0,65.22000122070312
2019-12-17,5848.106666666667,0.0,65.22000122070312
2019-12-18,6055.524475524476,0.0,65.22000122070312
2019-12-19,6014.521428571428,0.0,65.33999633789062
2019-12-20,5855.386363636364,0.0,66.0999984741211
2019-12-21,5793.308270676692,0.0,66.16999816894531
2019-12-22,5375.430769230769,0.0,66.54000091552734
2019-12-23,5680.957142857143,0.0,66.13999938964844
2019-12-24,5676.0965517241375,0.0,66.13999938964844
2019-12-25,5413.866666666667,0.0,66.13999938964844
2019-12-26,5729.848920863309,0.0,66.38999938964844
2019-12-27,5894.944444444444,0.0,67.19999694824219
2019-12-28,5481.688,0.0,67.19999694824219
2019-12-29,5058.25974025974,0.0,67.91999816894531
2019-12-30,5259.06,0.0,68.16000366210938
2019-12-31,4792.141843971631,0.0,68.16000366210938
2020-01-01,6191.339832869081,0.0,68.16000366210938
2020-01-02,5673.992736077482,0.0,68.44000244140625
2020-01-03,5972.844897959184,0.0,66.0
2020-01-04,5763.595482546201,0.0,66.0
2020-01-05,5416.346666666666,0.0,66.25
2020-01-06,5386.9078947368425,0.0,68.5999984741211
2020-01-07,5281.972527472528,0.0,68.5999984741211
2020-01-08,4856.191304347826,0.0,68.5999984741211
2020-01-09,5053.5745098039215,0.0,68.91000366210938
2020-01-10,4868.760162601626,0.0,68.2699966430664
2020-01-11,4531.735516372796,0.0,65.44000244140625
2020-01-12,4625.868600682594,0.0,65.37000274658203
2020-01-13,4411.611214953271,0.0,64.9800033569336
2020-01-14,4459.7164179104475,0.0,64.9800033569336
2020-01-15,4298.7714884696015,0.0,64.9800033569336
2020-01-16,4354.503816793893,0.0,64.19999694824219
2020-01-17,4236.357281553398,0.0,64.48999786376953
2020-01-18,4203.357421875,0.0,64.0
2020-01-19,4162.432601880878,0.0,64.62000274658203
2020-01-20,4238.699248120301,0.0,64.8499984741211
2020-01-21,4125.476722532589,0.0,64.8499984741211
2020-01-22,4184.782771535581,0.0,64.8499984741211
2020-01-23,4113.007707129094,0.0,64.8499984741211
2020-01-24,4088.4880952380954,0.0,64.58999633789062
2020-01-25,3872.5062761506274,0.0,63.209999084472656
2020-01-26,3903.311111111111,0.0,62.040000915527344
2020-01-27,3743.7658582089553,0.0,60.68999862670898
2020-01-28,3594.5378927911274,0.0,60.68999862670898
2020-01-29,3642.6799204771373,0.0,60.68999862670898
2020-01-30,3530.5575396825398,0.0,59.31999969482422
2020-01-31,3513.7021739130437,0.0,59.5099983215332
2020-02-01,3524.5872093023254,0.0,59.810001373291016
2020-02-02,3438.0513833992095,0.0,58.290000915527344
2020-02-03,3285.0380549682877,0.0,58.15999984741211
2020-02-04,3188.3368869936035,0.0,58.15999984741211
2020-02-05,3124.213399503722,0.0,58.15999984741211
2020-02-06,2671.8651315789475,0.0,54.45000076293945
2020-02-07,2864.383886255924,0.0,53.959999084472656
2020-02-08,2883.3555555555554,0.0,55.27999877929688
2020-02-09,2842.7671641791044,0.0,54.93000030517578
2020-02-10,2758.3756906077347,0.0,54.470001220703125
2020-02-11,2733.394927536232,0.0,54.470001220703125
2020-02-12,2696.370909090909,0.0,54.470001220703125
2020-02-13,2662.8205607476634,0.0,53.27000045776367
2020-02-14,2646.3606237816766,0.0,54.0099983215332
2020-02-15,2555.9619238476953,0.0,55.790000915527344
2020-02-16,2547.9556962025317,0.0,56.34000015258789
2020-02-17,2558.782122905028,0.0,57.31999969482422
2020-02-18,2542.571157495256,0.0,57.31999969482422
2020-02-19,2541.775147928994,0.0,57.31999969482422
2020-02-20,2543.140625,0.0,57.31999969482422
2020-02-21,2469.958224543081,0.0,57.75
2020-02-22,2491.831683168317,0.0,59.119998931884766
2020-02-23,2523.9026845637586,0.0,59.310001373291016
2020-02-24,2466.5109489051097,0.0,58.5
2020-02-25,2377.253787878788,0.0,58.5
2020-02-26,2355.639312977099,0.0,58.5
2020-02-27,2326.2697247706424,0.0,56.29999923706055
2020-02-28,2319.0641509433963,0.0,54.95000076293945
2020-02-29,2339.5315315315315,0.0,53.43000030517578
2020-03-01,2326.595652173913,0.0,52.18000030517578
2020-03-02,2315.631808278867,0.0,50.52000045776367
2020-03-03,2256.656626506024,0.0,50.52000045776367
2020-03-04,2269.3622641509432,0.0,50.52000045776367
2020-03-05,2206.7807971014495,0.0,51.900001525878906
2020-03-06,2180.052734375,0.0,51.86000061035156
2020-03-07,2190.483263598326,0.0,51.130001068115234
2020-03-08,2161.3180212014136,0.0,49.9900016784668
2020-03-09,2223.653243847875,0.0,45.27000045776367
2020-03-10,2441.64552238806,0.0,45.27000045776367
2020-03-11,2193.0542168674697,0.0,45.27000045776367
2020-03-12,2140.9551401869157,0.0,34.36000061035156
2020-03-13,2164.8423076923077,0.0,37.220001220703125
2020-03-14,2082.5762331838564,0.0,35.790000915527344
2020-03-15,2118.685064935065,0.0,33.220001220703125
2020-03-16,2092.9911660777384,0.0,33.849998474121094
2020-03-17,2034.0431654676258,0.0,33.849998474121094
2020-03-18,2085.541592920354,0.0,33.849998474121094
2020-03-19,2053.3772563176894,0.0,30.049999237060547
2020-03-20,2075.3872255489023,0.0,28.729999542236328
2020-03-21,2040.1855421686746,0.0,24.8799991607666
2020-03-22,2198.764705882353,0.0,28.46999931335449
2020-03-23,2188.232044198895,0.0,26.979999542236328
2020-03-24,2307.0807692307694,0.0,26.979999542236328
2020-03-25,2445.5828877005347,0.0,26.979999542236328
2020-03-26,2415.4454545454546,0.0,27.030000686645508
2020-03-27,2357.1964285714284,0.0,27.149999618530277
2020-03-28,2226.878923766816,0.0,27.38999938964844
2020-03-29,2325.7195767195767,0.0,26.34000015258789
2020-03-30,2460.8675496688743,0.0,24.93000030517578
2020-03-31,2314.417344173442,0.0,24.93000030517578
2020-04-01,2231.748387096774,0.0,24.93000030517578
2020-04-02,2222.1482558139537,0.0,22.76000022888184
2020-04-03,2149.661842105263,0.0,22.739999771118164
2020-04-04,2113.5860349127183,0.0,24.739999771118164
2020-04-05,2065.8260869565215,0.0,29.940000534057617
2020-04-06,2097.026066350711,0.0,34.11000061035156
2020-04-07,1934.972850678733,0.0,34.11000061035156
2020-04-08,1991.7726161369194,0.0,34.11000061035156
2020-04-09,1913.4583333333333,0.0,33.04999923706055
2020-04-10,1825.718085106383,0.0,31.8700008392334
2020-04-11,1821.8716577540106,0.0,32.84000015258789
2020-04-12,1875.090909090909,0.0,31.479999542236328
2020-04-13,1923.2740384615386,0.0,31.479999542236328
2020-04-14,1722.7650130548302,0.0,31.479999542236328
2020-04-15,1815.7619047619048,0.0,31.479999542236328
2020-04-16,1779.08,0.0,31.739999771118164
2020-04-17,1704.1418604651162,0.0,29.600000381469727
2020-04-18,1675.1766109785203,0.0,27.690000534057617
2020-04-19,1672.7578947368422,0.0,27.81999969482422
2020-04-20,1697.2222222222222,0.0,28.07999992370605
2020-04-21,1613.725352112676,0.0,28.07999992370605
2020-04-22,1589.2630272952854,0.0,28.07999992370605
2020-04-23,1599.2610837438424,0.0,25.56999969482422
2020-04-24,1570.1265508684864,0.0,19.32999992370605
2020-04-25,1540.629353233831,0.0,20.3700008392334
2020-04-26,1503.9922480620155,0.0,21.32999992370605
2020-04-27,1520.5714285714287,0.0,21.440000534057617
2020-04-28,1486.147268408551,0.0,21.440000534057617
2020-04-29,1479.650234741784,0.0,21.440000534057617
2020-04-30,1448.4430379746836,0.0,19.989999771118164
2020-05-01,1422.284280936455,0.0,20.459999084472656
2020-05-02,1441.7673796791444,0.0,22.540000915527344
2020-05-03,1421.7706766917292,0.0,25.270000457763672
2020-05-04,1453.8145539906104,0.0,26.440000534057617
2020-05-05,1389.283446712018,0.0,26.440000534057617
2020-05-06,1360.2537313432836,0.0,26.440000534057617
2020-05-07,1402.0635696821516,0.0,27.200000762939453
2020-05-08,1285.4424778761063,0.0,30.96999931335449
2020-05-09,1319.5960099750623,0.0,29.71999931335449
2020-05-10,1378.7749077490776,0.0,29.459999084472656
2020-05-11,1309.5714285714287,0.0,30.96999931335449
2020-05-12,1312.6681514476616,0.0,30.96999931335449
2020-05-13,1297.304535637149,0.0,30.96999931335449
2020-05-14,1241.6716738197424,0.0,29.6299991607666
2020-05-15,1220.5381355932204,0.0,29.979999542236328
2020-05-16,1203.9203539823009,0.0,29.190000534057617
2020-05-17,1217.2225705329154,0.0,31.1299991607666
2020-05-18,1193.6369168356998,0.0,32.5
2020-05-19,1173.625258799172,0.0,32.5
2020-05-20,1188.3217922606925,0.0,32.5
2020-05-21,1137.5484536082474,0.0,34.810001373291016
2020-05-22,1115.0309050772628,0.0,34.650001525878906
2020-05-23,1168.9752252252251,0.0,35.75
2020-05-24,1122.5356037151703,0.0,36.060001373291016
2020-05-25,1188.5061124694375,0.0,35.130001068115234
2020-05-26,1113.9149797570851,0.0,35.130001068115234
2020-05-27,1150.8227091633466,0.0,35.130001068115234
2020-05-28,1118.1921487603306,0.0,35.130001068115234
2020-05-29,1120.081300813008,0.0,36.16999816894531
2020-05-30,1100.1236203090507,0.0,34.7400016784668
2020-05-31,1158.8364312267659,0.0,35.290000915527344
2020-06-01,1140.8563968668407,0.0,35.33000183105469
2020-06-02,1131.1371739130434,0.0,35.33000183105469
2020-06-03,1150.0497925311204,0.0,35.33000183105469
2020-06-04,1140.5460921843687,0.0,38.31999969482422
2020-06-05,1075.889397089397,0.0,39.56999969482422
2020-06-06,1128.3655462184875,0.0,39.790000915527344
2020-06-07,1094.969135802469,0.0,39.9900016784668
2020-06-08,1165.3025048169557,0.0,42.29999923706055
2020-06-09,1151.344913627639,0.0,42.29999923706055
2020-06-10,1192.810546875,0.0,42.29999923706055
2020-06-11,1175.1979797979798,0.0,40.79999923706055
2020-06-12,1171.0800415800416,0.0,41.18000030517578
2020-06-13,1125.0595533498758,0.0,41.72999954223633
2020-06-14,1169.9450160771705,0.0,38.54999923706055
2020-06-15,1211.6055118110237,0.0,38.72999954223633
2020-06-16,1224.22265625,0.0,38.72999954223633
2020-06-17,1234.4807302231238,0.0,38.72999954223633
2020-06-18,1256.0428849902535,0.0,39.720001220703125
2020-06-19,1255.0272904483431,0.0,40.959999084472656
2020-06-20,1266.0541125541126,0.0,40.709999084472656
2020-06-21,1266.340425531915,0.0,41.5099983215332
2020-06-22,1258.2965779467681,0.0,42.18999862670898
2020-06-23,1248.3112449799196,0.0,42.18999862670898
2020-06-24,1260.3346379647749,0.0,42.18999862670898
2020-06-25,1262.7712031558185,0.0,43.08000183105469
2020-06-26,1236.4228456913827,0.0,42.630001068115234
2020-06-27,1271.0324825986079,0.0,40.310001373291016
2020-06-28,1266.7427536231885,0.0,41.04999923706055
2020-06-29,1289.6031746031747,0.0,41.02000045776367
2020-06-30,1281.4157549234135,0.0,41.02000045776367
2020-07-01,1341.0174927113703,0.0,41.02000045776367
2020-07-02,1319.5,0.0,41.709999084472656
2020-07-03,1302.4884792626729,0.0,41.150001525878906
2020-07-04,1284.9391100702576,0.0,42.02999877929688
2020-07-05,1283.404,0.0,43.13999938964844
2020-07-06,1352.6607495069034,0.0,43.13999938964844
2020-07-07,1308.7826086956522,0.0,43.13999938964844
2020-07-08,1326.0770791075051,0.0,43.13999938964844
2020-07-09,1311.4554655870445,0.0,43.09999847412109
2020-07-10,1282.553235908142,0.0,43.08000183105469
2020-07-11,1299.2276422764228,0.0,43.290000915527344
2020-07-12,1342.8708333333334,0.0,42.34999847412109
2020-07-13,1312.7452107279694,0.0,43.2400016784668
2020-07-14,1322.3517786561265,0.0,43.2400016784668
2020-07-15,1313.7545271629779,0.0,43.2400016784668
2020-07-16,1325.8938775510203,0.0,42.720001220703125
2020-07-17,1277.0367346938776,0.0,42.900001525878906
2020-07-18,1318.995260663507,0.0,43.790000915527344
2020-07-19,1280.4,0.0,43.369998931884766
2020-07-20,1280.9936440677966,0.0,43.13999938964844
2020-07-21,1283.8333333333333,0.0,43.13999938964844
2020-07-22,1272.3655303030303,0.0,43.13999938964844
2020-07-23,1232.3030927835052,0.0,43.27999877929688
2020-07-24,1278.3636363636363,0.0,44.31999969482422
2020-07-25,1278.628272251309,0.0,44.290000915527344
2020-07-26,1302.0319634703196,0.0,43.310001373291016
2020-07-27,1291.701581027668,0.0,43.34000015258789
2020-07-28,1251.3227722772276,0.0,43.34000015258789
2020-07-29,1233.397119341564,0.0,43.34000015258789
2020-07-30,1255.359437751004,0.0,43.40999984741211
2020-07-31,1215.832134292566,0.0,43.220001220703125
2020-08-01,1446.995024875622,0.0,43.75
2020-08-02,1400.9573459715639,0.0,42.93999862670898
2020-08-03,1401.0138504155125,0.0,43.29999923706055
2020-08-04,1301.3552631578948,0.0,43.29999923706055
2020-08-05,1249.1447963800906,0.0,43.29999923706055
2020-08-06,1284.9711934156378,0.0,44.150001525878906
2020-08-07,1242.8275862068965,0.0,44.43000030517578
2020-08-08,1238.7955182072828,0.0,45.16999816894531
2020-08-09,1339.871244635193,0.0,45.09000015258789
2020-08-10,1297.5223300970874,0.0,44.400001525878906
2020-08-11,1276.4670542635658,0.0,44.400001525878906
2020-08-12,1348.793721973094,0.0,44.400001525878906
2020-08-13,1269.0344129554655,0.0,44.9900016784668
2020-08-14,1316.0878661087866,0.0,44.5
2020-08-15,1367.632450331126,0.0,45.43000030517578
2020-08-16,1382.7768924302788,0.0,44.959999084472656
2020-08-17,1360.0546139359699,0.0,44.79999923706055
2020-08-18,1405.793713163065,0.0,44.79999923706055
2020-08-19,1427.365306122449,0.0,44.79999923706055
2020-08-20,1432.685968819599,0.0,45.369998931884766
2020-08-21,1433.8532338308457,0.0,45.459999084472656
2020-08-22,1471.1565217391305,0.0,45.369998931884766
2020-08-23,1550.907894736842,0.0,44.900001525878906
2020-08-24,1480.436475409836,0.0,44.34999847412109
2020-08-25,1521.5692307692307,0.0,44.34999847412109
2020-08-26,1558.12915851272,0.0,44.34999847412109
2020-08-27,1525.1785714285713,0.0,45.130001068115234
2020-08-28,1534.8056680161944,0.0,45.86000061035156
2020-08-29,1584.2711864406779,0.0,45.63999938964844
2020-08-30,1599.8491379310344,0.0,45.09000015258789
2020-08-31,1460.7482678983833,0.0,45.04999923706055
2020-09-01,1590.6803797468353,0.0,45.04999923706055
2020-09-02,1598.6061946902655,0.0,45.04999923706055
2020-09-03,1684.2186878727634,0.0,45.27999877929688
2020-09-04,1768.939024390244,0.0,45.58000183105469
2020-09-05,1755.587962962963,0.0,44.43000030517578
2020-09-06,1903.923076923077,0.0,44.06999969482422
2020-09-07,1816.6876310272537,0.0,42.65999984741211
2020-09-08,1830.593117408907,0.0,42.65999984741211
2020-09-09,1930.8025830258302,0.0,42.65999984741211
2020-09-10,1910.4410569105692,0.0,42.65999984741211
2020-09-11,1936.4781659388645,0.0,39.77999877929688
2020-09-12,2040.8550368550368,0.0,40.790000915527344
2020-09-13,2064.51968503937,0.0,40.060001373291016
2020-09-14,2130.852,0.0,39.83000183105469
2020-09-15,2202.4309392265195,0.0,39.83000183105469
2020-09-16,2227.845588235294,0.0,39.83000183105469
2020-09-17,2303.6847389558234,0.0,39.61000061035156
2020-09-18,2323.2882011605416,0.0,40.52999877929688
2020-09-19,2314.543388429752,0.0,42.220001220703125
2020-09-20,2386.972972972973,0.0,43.29999923706055
2020-09-21,2543.256809338521,0.0,43.150001525878906
2020-09-22,2619.187984496124,0.0,43.150001525878906
2020-09-23,2763.123260437376,0.0,43.150001525878906
2020-09-24,2801.704684317719,0.0,41.43999862670898
2020-09-25,2912.3995037220843,0.0,41.720001220703125
2020-09-26,2908.5751789976134,0.0,41.77000045776367
2020-09-27,2932.940425531915,0.0,41.93999862670898
2020-09-28,3016.686847599165,0.0,41.91999816894531
2020-09-29,3031.6365503080083,0.0,41.91999816894531
2020-09-30,3123.655701754386,0.0,41.91999816894531
2020-10-01,3180.379821958457,0.0,42.43000030517578
2020-10-02,3057.97583081571,0.0,41.02999877929688
2020-10-03,3086.4241071428573,0.0,40.95000076293945
2020-10-04,3054.1544715447153,0.0,40.93000030517578
2020-10-05,3128.0711382113823,0.0,39.27000045776367
2020-10-06,3062.650826446281,0.0,39.27000045776367
2020-10-07,3101.672654690619,0.0,39.27000045776367
2020-10-08,3152.6525252525253,0.0,41.290000915527344
2020-10-09,3032.5945945945946,0.0,42.650001525878906
2020-10-10,3059.002277904328,0.0,41.9900016784668
2020-10-11,3062.0072202166066,0.0,43.34000015258789
2020-10-12,3207.880539499037,0.0,42.84999847412109
2020-10-13,3338.626641651032,0.0,42.84999847412109
2020-10-14,3394.9554655870447,0.0,42.84999847412109
2020-10-15,3418.004662004662,0.0,41.720001220703125
2020-10-16,3356.95,0.0,42.45000076293945
2020-10-17,3441.1193317422435,0.0,43.31999969482422
2020-10-18,3255.978448275862,0.0,43.15999984741211
2020-10-19,3817.4243119266057,0.0,42.93000030517578
2020-10-20,3928.3623529411766,0.0,42.93000030517578
2020-10-21,4326.716666666666,0.0,42.93000030517578
2020-10-22,4492.311557788945,0.0,42.619998931884766
2020-10-23,4536.540609137056,0.0,43.15999984741211
2020-10-24,4436.717142857143,0.0,41.72999954223633
2020-10-25,4511.719387755102,0.0,42.459999084472656
2020-10-26,4621.824362606232,0.0,41.77000045776367
2020-10-27,4837.141230068337,0.0,41.77000045776367
2020-10-28,4821.340277777777,0.0,41.77000045776367
2020-10-29,4525.7981220657275,0.0,40.459999084472656
2020-10-30,4739.461728395062,0.0,41.20000076293945
2020-10-31,4542.65963060686,0.0,39.119998931884766
2020-11-01,4547.21243523316,0.0,37.650001525878906
2020-11-02,4673.285714285715,0.0,37.459999084472656
2020-11-03,4697.483673469388,0.0,37.459999084472656
2020-11-04,4533.988,0.0,37.459999084472656
2020-11-05,4470.079429735234,0.0,38.970001220703125
2020-11-06,4324.507042253521,0.0,39.709999084472656
2020-11-07,4282.8721174004195,0.0,41.22999954223633
2020-11-08,4257.2943262411345,0.0,40.93000030517578
2020-11-09,4252.970472440945,0.0,39.45000076293945
2020-11-10,4224.19120458891,0.0,39.45000076293945
2020-11-11,4115.318181818182,0.0,39.45000076293945
2020-11-12,4186.256578947368,0.0,42.400001525878906
2020-11-13,4247.299232736573,0.0,43.61000061035156
2020-11-14,4283.222222222223,0.0,43.79999923706055
2020-11-15,4154.603896103896,0.0,43.52999877929688
2020-11-16,4222.9116883116885,0.0,42.77999877929688
2020-11-17,4079.7452229299365,0.0,42.77999877929688
2020-11-18,4051.791836734694,0.0,42.77999877929688
2020-11-19,4057.8534653465344,0.0,43.81999969482422
2020-11-20,4060.8651911468814,0.0,43.75
2020-11-21,3959.852878464819,0.0,44.34000015258789
2020-11-22,3895.4809160305344,0.0,44.20000076293945
2020-11-23,4102.146788990825,0.0,44.959999084472656
2020-11-24,4074.9276672694396,0.0,44.959999084472656
2020-11-25,4086.51606805293,0.0,44.959999084472656
2020-11-26,3821.919491525424,0.0,46.060001373291016
2020-11-27,4012.4737903225805,0.0,47.86000061035156
2020-11-28,3843.035714285714,0.0,48.61000061035156
2020-11-29,3752.394190871369,0.0,48.61000061035156
2020-11-30,3930.3021077283374,0.0,48.18000030517578
2020-12-01,3765.6702127659573,0.0,48.18000030517578
2020-12-02,3657.6714876033056,0.0,48.18000030517578
2020-12-03,3539.694,0.0,47.59000015258789
2020-12-04,3423.0075329566853,0.0,47.41999816894531
2020-12-05,3363.080338266385,0.0,48.25
2020-12-06,3322.9814126394053,0.0,48.709999084472656
2020-12-07,3226.847272727273,0.0,49.25
2020-12-08,3303.9726775956283,0.0,49.25
2020-12-09,3200.961111111111,0.0,49.25
2020-12-10,3171.5151515151515,0.0,48.790000915527344
2020-12-11,3174.3233082706765,0.0,48.84000015258789
2020-12-12,3104.206896551724,0.0,48.86000061035156
2020-12-13,3068.0036101083033,0.0,50.25
2020-12-14,3184.325714285714,0.0,49.970001220703125
2020-12-15,3103.647912885662,0.0,49.970001220703125
2020-12-16,3033.806506849315,0.0,49.970001220703125
2020-12-17,2975.2662116040956,0.0,50.290000915527344
2020-12-18,2854.3279569892475,0.0,50.7599983215332
2020-12-19,2718.71905697446,0.0,51.08000183105469
2020-12-20,2653.77972027972,0.0,51.5
2020-12-21,2676.269165247019,0.0,52.2599983215332
2020-12-22,2577.784110535406,0.0,52.2599983215332
2020-12-23,2504.174774774775,0.0,52.2599983215332
2020-12-24,2512.093511450382,0.0,50.90999984741211
2020-12-25,2361.8684210526317,0.0,50.08000183105469
2020-12-26,2435.20523138833,0.0,51.20000076293945
2020-12-27,2447.9819494584835,0.0,51.290000915527344
2020-12-28,2481.67843866171,0.0,51.290000915527344
2020-12-29,2460.837088388215,0.0,51.290000915527344
2020-12-30,2505.526605504587,0.0,51.290000915527344
2020-12-31,2476.606653620352,0.0,50.86000061035156
2021-01-01,2491.3604060913704,0.0,51.09000015258789
2021-01-02,2490.3786008230454,0.0,51.34000015258789
2021-01-03,2439.5940959409595,0.0,51.79999923706055
2021-01-04,2599.4466911764707,0.0,51.79999923706055
2021-01-05,2627.4484629294757,0.0,51.79999923706055
2021-01-06,2711.049056603774,0.0,51.79999923706055
2021-01-07,2761.1408163265305,0.0,51.09000015258789
2021-01-08,2758.704081632653,0.0,53.59999847412109
2021-01-09,2696.3924349881795,0.0,54.29999923706055
2021-01-10,2729.1902985074626,0.0,54.380001068115234
2021-01-11,2923.309433962264,0.0,55.9900016784668
2021-01-12,2932.8436873747496,0.0,55.9900016784668
2021-01-13,2959.7373737373737,0.0,55.9900016784668
2021-01-14,2921.0732217573222,0.0,55.65999984741211
2021-01-15,2862.9455252918287,0.0,56.58000183105469
2021-01-16,2774.608778625954,0.0,56.060001373291016
2021-01-17,2733.9315960912054,0.0,56.41999816894531
2021-01-18,2840.8707037643208,0.0,55.09999847412109
2021-01-19,2818.4721753794265,0.0,55.09999847412109
2021-01-20,2845.4165170556553,0.0,55.09999847412109
2021-01-21,2821.5451448040885,0.0,55.09999847412109
2021-01-22,2742.2817391304347,0.0,55.900001525878906
2021-01-23,2767.8557312252965,0.0,56.08000183105469
2021-01-24,2616.5429553264603,0.0,56.09999847412109
2021-01-25,2728.176265270506,0.0,55.40999984741211
2021-01-26,2715.0,0.0,55.40999984741211
2021-01-27,2703.580589254766,0.0,55.40999984741211
2021-01-28,2687.626168224299,0.0,55.880001068115234
2021-01-29,2666.3309222423145,0.0,55.90999984741211
2021-01-30,2689.5199203187253,0.0,55.810001373291016
2021-01-31,2780.23046875,0.0,55.52999877929688
2021-02-01,2929.8422391857507,0.0,55.880001068115234
2021-02-02,2926.5906313645623,0.0,55.880001068115234
2021-02-03,3023.1079545454545,0.0,55.880001068115234
2021-02-04,3066.3296703296705,0.0,56.34999847412109
2021-02-05,3097.6193078324227,0.0,57.459999084472656
2021-02-06,3091.0234833659492,0.0,58.459999084472656
2021-02-07,2942.0305084745764,0.0,58.84000015258789
2021-02-08,3174.927797833935,0.0,59.34000015258789
2021-02-09,3143.99127399651,0.0,59.34000015258789
2021-02-10,3227.6225749559085,0.0,59.34000015258789
2021-02-11,3188.168880455408,0.0,60.560001373291016
2021-02-12,3210.9329608938547,0.0,61.09000015258789
2021-02-13,3132.436974789916,0.0,61.470001220703125
2021-02-14,3084.0098684210525,0.0,61.13999938964844
2021-02-15,3335.5738007380073,0.0,62.43000030517578
2021-02-16,3354.553539019964,0.0,62.43000030517578
2021-02-17,3366.2353951890036,0.0,62.43000030517578
2021-02-18,3395.956369982548,0.0,62.43000030517578
2021-02-19,3448.691743119266,0.0,63.34999847412109
2021-02-20,3470.0316205533595,0.0,64.33999633789062
2021-02-21,3340.4515050167224,0.0,63.93000030517578
2021-02-22,3576.366666666667,0.0,62.90999984741211
2021-02-23,3586.1945945945945,0.0,62.90999984741211
2021-02-24,3518.0091911764707,0.0,62.90999984741211
2021-02-25,3383.082456140351,0.0,65.23999786376953
2021-02-26,3358.769230769231,0.0,65.37000274658203
2021-02-27,3220.5310492505355,0.0,67.04000091552734
2021-02-28,3135.8333333333335,0.0,66.87999725341797
2021-03-01,3132.8677494199537,0.0,66.12999725341797
2021-03-02,2970.1682419659737,0.0,66.12999725341797
2021-03-03,3023.3985890652557,0.0,66.12999725341797
2021-03-04,2913.127306273063,0.0,63.68999862670898
2021-03-05,2856.9811965811964,0.0,62.70000076293945
2021-03-06,2788.1690391459074,0.0,64.06999969482422
2021-03-07,2724.648387096774,0.0,66.73999786376953
2021-03-08,2615.2433774834435,0.0,69.36000061035156
2021-03-09,2538.2724252491694,0.0,69.36000061035156
2021-03-10,2454.7685810810813,0.0,69.36000061035156
2021-03-11,2387.0073349633253,0.0,68.23999786376953
2021-03-12,2296.049295774648,0.0,67.5199966430664
2021-03-13,2288.99173553719,0.0,67.9000015258789
2021-03-14,2296.0194805194806,0.0,69.62999725341797
2021-03-15,2217.985221674877,0.0,69.22000122070312
2021-03-16,2166.442735042735,0.0,69.22000122070312
2021-03-17,2132.854130052724,0.0,69.22000122070312
2021-03-18,2118.308394160584,0.0,68.87999725341797
2021-03-19,2045.8462929475588,0.0,68.38999938964844
2021-03-20,1992.9885277246653,0.0,68.0
2021-03-21,1934.6984615384615,0.0,63.27999877929688
2021-03-22,1830.2467532467533,0.0,64.52999877929688
2021-03-23,1785.6912972085386,0.0,64.52999877929688
2021-03-24,1724.3990228013029,0.0,64.52999877929688
2021-03-25,1744.1216216216217,0.0,64.62000274658203
2021-03-26,1758.105376344086,0.0,60.790000915527344
2021-03-27,1723.7310195227765,0.0,64.41000366210938
2021-03-28,1745.2372881355932,0.0,61.95000076293945
2021-03-29,1844.3807692307691,0.0,64.56999969482422
2021-03-30,1716.1728395061727,0.0,64.56999969482422
2021-03-31,1664.5230125523012,0.0,64.56999969482422
2021-04-01,1585.1604938271605,0.0,64.9800033569336
2021-04-02,1504.3168831168832,0.0,64.13999938964844
2021-04-03,1575.3725099601593,0.0,63.540000915527344
2021-04-04,1556.8151815181518,0.0,64.86000061035156
2021-04-05,1514.0741379310346,0.0,64.86000061035156
2021-04-06,1502.3486725663718,0.0,64.86000061035156
2021-04-07,1524.4529914529915,0.0,64.86000061035156
2021-04-08,1503.4802744425385,0.0,62.150001525878906
2021-04-09,1537.6485507246377,0.0,62.7400016784668
2021-04-10,1535.3318284424379,0.0,63.15999984741211
2021-04-11,1582.2267657992566,0.0,63.20000076293945
2021-04-12,1552.8784029038113,0.0,62.95000076293945
2021-04-13,1552.270588235294,0.0,62.95000076293945
2021-04-14,1471.1241050119331,0.0,62.95000076293945
2021-04-15,1520.166015625,0.0,63.27999877929688
2021-04-16,1501.0732600732601,0.0,63.66999816894531
2021-04-17,1551.2845528455284,0.0,66.58000183105469
2021-04-18,1553.2582159624412,0.0,66.94000244140625
2021-04-19,1494.65503875969,0.0,66.7699966430664
2021-04-20,1504.6684981684982,0.0,66.7699966430664
2021-04-21,1536.7685774946922,0.0,66.7699966430664
2021-04-22,1482.2207293666027,0.0,67.05000305175781
2021-04-23,1519.3127413127413,0.0,66.56999969482422
2021-04-24,1554.592,0.0,65.31999969482422
2021-04-25,1582.6519337016575,0.0,65.4000015258789
2021-04-26,1509.6776180698153,0.0,66.11000061035156
2021-04-27,1544.9054054054054,0.0,66.11000061035156
2021-04-28,1547.3787313432836,0.0,66.11000061035156
2021-04-29,1536.5575396825398,0.0,65.6500015258789
2021-04-30,1575.9698924731183,0.0,66.41999816894531
2021-05-01,1586.958904109589,0.0,67.2699966430664
2021-05-02,1650.2827586206897,0.0,68.55999755859375
2021-05-03,1594.1132897603486,0.0,67.25
2021-05-04,1576.6653696498054,0.0,67.25
2021-05-05,1569.6286266924565,0.0,67.25
2021-05-06,1589.0950570342206,0.0,67.55999755859375
2021-05-07,1594.8991416309013,0.0,68.87999725341797
2021-05-08,1628.644204851752,0.0,68.95999908447266
2021-05-09,1588.7129186602872,0.0,68.08999633789062
2021-05-10,1618.0408163265306,0.0,68.27999877929688
2021-05-11,1611.7708333333333,0.0,68.27999877929688
2021-05-12,1621.920668058455,0.0,68.27999877929688
2021-05-13,1586.0118764845606,0.0,68.31999969482422
2021-05-14,1672.2127071823204,0.0,68.55000305175781
2021-05-15,1637.6649484536083,0.0,69.31999969482422
2021-05-16,1641.5088495575221,0.0,67.05000305175781
2021-05-17,1623.6555323590815,0.0,68.70999908447266
2021-05-18,1610.640404040404,0.0,68.70999908447266
2021-05-19,1607.5661605206074,0.0,68.70999908447266
2021-05-20,1604.8589743589744,0.0,69.45999908447266
2021-05-21,1586.9708520179372,0.0,68.70999908447266
2021-05-22,1674.0196078431372,0.0,66.66000366210938
2021-05-23,1692.920704845815,0.0,65.11000061035156
2021-05-24,1704.7332015810277,0.0,66.44000244140625
2021-05-25,1666.5618661257606,0.0,66.44000244140625
2021-05-26,1704.5262008733625,0.0,66.44000244140625
2021-05-27,1724.32059447983,0.0,68.45999908447266
2021-05-28,1706.3530612244897,0.0,68.6500015258789
2021-05-29,1743.95,0.0,68.87000274658203
2021-05-30,1681.9823008849557,0.0,69.45999908447266
2021-05-31,1793.5492662473794,0.0,69.62999725341797
2021-06-01,1818.8894878706199,0.0,69.62999725341797
2021-06-02,1855.2823779193207,0.0,69.62999725341797
2021-06-03,1839.9015748031495,0.0,69.62999725341797
2021-06-04,1833.5627530364372,0.0,70.25
2021-06-05,1868.2964705882353,0.0,71.3499984741211
2021-06-06,1808.4675324675325,0.0,71.30999755859375
2021-06-07,1913.0978473581213,0.0,71.88999938964844
2021-06-08,1922.639705882353,0.0,71.88999938964844
2021-06-09,1936.2169811320755,0.0,71.88999938964844
2021-06-10,1916.9555555555555,0.0,71.48999786376953
2021-06-11,1978.3379446640315,0.0,72.22000122070312
2021-06-12,1958.0,0.0,72.22000122070312
2021-06-13,1923.8373983739837,0.0,72.5199966430664
2021-06-14,1936.9126394052046,0.0,72.69000244140625
2021-06-15,1979.789667896679,0.0,72.69000244140625
2021-06-16,1997.8342440801457,0.0,72.69000244140625
2021-06-17,2065.8602540834845,0.0,72.86000061035156
2021-06-18,2063.5432330827066,0.0,73.98999786376953
2021-06-19,2029.8181818181818,0.0,74.38999938964844
2021-06-20,1969.2879377431907,0.0,73.08000183105469
2021-06-21,2108.1934900542497,0.0,73.51000213623047
2021-06-22,2107.7193308550186,0.0,73.51000213623047
2021-06-23,2159.007299270073,0.0,73.51000213623047
2021-06-24,2137.5146198830407,0.0,74.9000015258789
2021-06-25,2143.8458498023715,0.0,74.80999755859375
2021-06-26,2143.1296703296703,0.0,75.19000244140625
2021-06-27,2121.7969348659003,0.0,75.55999755859375
2021-06-28,2182.6501831501832,0.0,76.18000030517578
2021-06-29,2153.6654343807763,0.0,76.18000030517578
2021-06-30,2219.027888446215,0.0,76.18000030517578
2021-07-01,2218.2571428571428,0.0,74.68000030517578
2021-07-02,2213.7901234567903,0.0,74.76000213623047
2021-07-03,2178.8736842105263,0.0,75.12999725341797
2021-07-04,2124.8223938223937,0.0,75.83999633789062
2021-07-05,2194.339928057554,0.0,76.16999816894531
2021-07-06,2155.236598890943,0.0,76.16999816894531
2021-07-07,2191.3772241992883,0.0,76.16999816894531
2021-07-08,2175.2495575221237,0.0,76.16999816894531
2021-07-09,2185.6557692307692,0.0,74.52999877929688
2021-07-10,2167.235159817352,0.0,73.43000030517578
2021-07-11,2121.3598484848485,0.0,74.12000274658203
2021-07-12,2182.5996275605216,0.0,75.55000305175781
2021-07-13,2152.38240917782,0.0,75.55000305175781
2021-07-14,2175.891891891892,0.0,75.55000305175781
2021-07-15,2154.238532110092,0.0,75.16000366210938
2021-07-16,2152.735849056604,0.0,76.48999786376953
2021-07-17,2093.5092402464065,0.0,74.76000213623047
2021-07-18,2126.220930232558,0.0,73.47000122070312
2021-07-19,2173.8576642335765,0.0,73.58999633789062
2021-07-20,2163.6567164179105,0.0,73.58999633789062
2021-07-21,2159.614987080103,0.0,73.58999633789062
2021-07-22,2107.3939962476547,0.0,68.62000274658203
2021-07-23,2147.0973282442746,0.0,69.3499984741211
2021-07-24,2140.9246119733925,0.0,72.2300033569336
2021-07-25,2093.650205761317,0.0,73.79000091552734
2021-07-26,2159.9726277372265,0.0,74.0999984741211
2021-07-27,2187.262206148282,0.0,74.0999984741211
2021-07-28,2188.8550458715595,0.0,74.0999984741211
2021-07-29,2146.647969052224,0.0,74.5
2021-07-30,2152.46771037182,0.0,74.4800033569336
2021-07-31,2114.1096196868007,0.0,74.73999786376953
2021-08-01,2092.917098445596,0.0,76.05000305175781
2021-08-02,2097.3837471783295,0.0,76.33000183105469
2021-08-03,2108.190476190476,0.0,76.33000183105469
2021-08-04,2105.1755725190837,0.0,76.33000183105469
2021-08-05,2174.35429769392,0.0,72.88999938964844
2021-08-06,2104.090349075975,0.0,72.41000366210938
2021-08-07,2106.1188118811883,0.0,70.37999725341797
2021-08-08,2073.5959183673467,0.0,71.29000091552734
2021-08-09,2098.1377952755906,0.0,70.69999694824219
2021-08-10,2099.4117647058824,0.0,70.69999694824219
2021-08-11,2092.46408839779,0.0,70.69999694824219
2021-08-12,2073.2393320964748,0.0,69.04000091552734
2021-08-13,2132.007561436673,0.0,70.62999725341797
2021-08-14,2110.456842105263,0.0,71.44000244140625
2021-08-15,2122.8303571428573,0.0,71.30999755859375
2021-08-16,2111.1657559198543,0.0,70.58999633789062
2021-08-17,2085.10394265233,0.0,70.58999633789062
2021-08-18,2093.132110091743,0.0,70.58999633789062
2021-08-19,2095.1750503018106,0.0,69.51000213623047
2021-08-20,2076.3568075117373,0.0,69.02999877929688
2021-08-21,2030.3979166666666,0.0,68.2300033569336
2021-08-22,2024.1592592592592,0.0,66.44999694824219
2021-08-23,2046.6,0.0,65.18000030517578
2021-08-24,2063.0947368421052,0.0,65.18000030517578
2021-08-25,2052.3468634686346,0.0,65.18000030517578
2021-08-26,2031.638376383764,0.0,68.75
2021-08-27,2045.2821497120922,0.0,71.05000305175781
2021-08-28,1983.462643678161,0.0,72.25
2021-08-29,1971.198606271777,0.0,71.06999969482422
2021-08-30,1981.6333333333334,0.0,72.69999694824219
2021-08-31,1994.6305220883535,0.0,72.69999694824219
2021-09-01,2024.7531806615775,0.0,72.69999694824219
2021-09-02,2001.4041237113402,0.0,73.41000366210938
2021-09-03,1978.3352601156068,0.0,72.98999786376953
2021-09-04,1973.4117647058824,0.0,71.58999633789062
2021-09-05,1931.6112956810632,0.0,73.02999877929688
2021-09-06,1985.7384898710866,0.0,72.61000061035156
2021-09-07,1975.3339483394834,0.0,72.61000061035156
2021-09-08,1963.4965034965035,0.0,72.61000061035156
2021-09-09,1922.9613970588234,0.0,72.61000061035156
2021-09-10,1958.861855670103,0.0,71.69000244140625
2021-09-11,1914.0110619469026,0.0,72.5999984741211
2021-09-12,1922.268456375839,0.0,71.44999694824219
2021-09-13,1919.791896869245,0.0,72.91999816894531
2021-09-14,1890.0499075785583,0.0,72.91999816894531
2021-09-15,1906.0422018348625,0.0,72.91999816894531
2021-09-16,1930.7360861759425,0.0,73.51000213623047
2021-09-17,1921.761992619926,0.0,73.5999984741211
2021-09-18,1900.5796296296296,0.0,75.45999908447266
2021-09-19,1914.846645367412,0.0,75.66999816894531
2021-09-20,1969.5929203539822,0.0,75.33999633789062
2021-09-21,1913.3607142857143,0.0,75.33999633789062
2021-09-22,1943.7878787878788,0.0,75.33999633789062
2021-09-23,1943.7659574468084,0.0,73.91999816894531
2021-09-24,1945.7027027027027,0.0,74.36000061035156
2021-09-25,1983.7170923379174,0.0,76.19000244140625
2021-09-26,1941.072607260726,0.0,77.25
2021-09-27,1956.9112050739957,0.0,78.08999633789062
2021-09-28,2036.869337979094,0.0,78.08999633789062
2021-09-29,2040.2933579335793,0.0,78.08999633789062
2021-09-30,2106.901328273245,0.0,79.52999877929688
2021-10-01,2200.07027027027,0.0,79.08999633789062
2021-10-02,2206.983002832861,0.0,78.63999938964844
2021-10-03,2185.5091575091574,0.0,78.5199966430664
2021-10-04,2341.707635009311,0.0,79.27999877929688
2021-10-05,2428.582857142857,0.0,79.27999877929688
2021-10-06,2512.6306122448977,0.0,79.27999877929688
2021-10-07,2598.506616257089,0.0,81.26000213623047
2021-10-08,2641.8384754990925,0.0,82.55999755859375
2021-10-09,2666.1413721413724,0.0,81.08000183105469
2021-10-10,2699.0696864111496,0.0,81.94999694824219
2021-10-11,2755.30694980695,0.0,82.38999938964844
2021-10-12,2814.1951672862456,0.0,82.38999938964844
2021-10-13,2850.791423001949,0.0,82.38999938964844
2021-10-14,2869.4439252336447,0.0,83.6500015258789
2021-10-15,2878.5375,0.0,83.41999816894531
2021-10-16,2874.8675213675215,0.0,83.18000030517578
2021-10-17,2832.523985239852,0.0,84.0
2021-10-18,2911.4626865671644,0.0,84.86000061035156
2021-10-19,2992.314479638009,0.0,84.86000061035156
2021-10-20,2972.7357001972387,0.0,84.86000061035156
2021-10-21,2928.3857404021937,0.0,84.33000183105469
2021-10-22,2867.8949343339586,0.0,85.08000183105469
2021-10-23,2986.719367588933,0.0,85.81999969482422
2021-10-24,2887.0786885245902,0.0,84.61000061035156
2021-10-25,2874.6420454545455,0.0,85.52999877929688
2021-10-26,2855.8255319148934,0.0,85.52999877929688
2021-10-27,2807.6974169741698,0.0,85.52999877929688
2021-10-28,2814.549056603774,0.0,85.98999786376953
2021-10-29,2830.692022263451,0.0,86.4000015258789
2021-10-30,2758.8406113537117,0.0,84.58000183105469
2021-10-31,2745.843866171004,0.0,84.31999969482422
2021-11-01,2799.0243902439024,0.0,84.37999725341797
2021-11-02,2823.36,0.0,84.37999725341797
2021-11-03,2870.8205128205127,0.0,84.37999725341797
2021-11-04,2837.676,0.0,84.70999908447266
2021-11-05,2948.3447098976108,0.0,84.72000122070312
2021-11-06,2809.320099255583,0.0,81.98999786376953
2021-11-07,2707.777777777778,0.0,80.54000091552734
2021-11-08,2793.8598848368524,0.0,82.73999786376953
2021-11-09,2779.989247311828,0.0,82.73999786376953
2021-11-10,2810.3277467411544,0.0,82.73999786376953
2021-11-11,2798.56052141527,0.0,83.43000030517578
2021-11-12,2798.499065420561,0.0,84.77999877929688
2021-11-13,2757.8546637744034,0.0,82.63999938964844
2021-11-14,2761.437931034483,0.0,82.87000274658203
2021-11-15,2764.9591078066915,0.0,82.16999816894531
2021-11-16,2668.060218978102,0.0,82.16999816894531
2021-11-17,2646.7322404371585,0.0,82.16999816894531
2021-11-18,2578.6934579439253,0.0,82.05000305175781
2021-11-19,2609.8524945770064,0.0,82.43000030517578
2021-11-20,2538.6484375,0.0,80.27999877929688
2021-11-21,2486.925081433225,0.0,81.23999786376953
2021-11-22,2559.920071047957,0.0,78.88999938964844
2021-11-23,2481.015625,0.0,78.88999938964844
2021-11-24,2453.1408199643492,0.0,78.88999938964844
2021-11-25,2429.1147540983607,0.0,79.69999694824219
2021-11-26,2417.130671506352,0.0,82.30999755859375
2021-11-27,2442.577821011673,0.0,82.25
2021-11-28,2400.804054054054,0.0,82.25
2021-11-29,2362.987762237762,0.0,72.72000122070312
2021-11-30,2368.1783088235293,0.0,72.72000122070312
2021-12-01,2281.3647642679903,0.0,72.72000122070312
2021-12-02,2324.701581027668,0.0,73.44000244140625
2021-12-03,2285.938775510204,0.0,70.56999969482422
2021-12-04,2291.5737373737375,0.0,68.87000274658203
2021-12-05,2259.417543859649,0.0,69.66999816894531
2021-12-06,2295.6446700507613,0.0,69.87999725341797
2021-12-07,2262.450171821306,0.0,69.87999725341797
2021-12-08,2227.2038664323372,0.0,69.87999725341797
2021-12-09,2258.588868940754,0.0,73.08000183105469
2021-12-10,2290.645390070922,0.0,75.44000244140625
2021-12-11,2187.49358974359,0.0,75.81999969482422
2021-12-12,2161.0474576271185,0.0,74.41999816894531
2021-12-13,2327.933216168717,0.0,75.1500015258789
2021-12-14,2324.6099656357387,0.0,75.1500015258789
2021-12-15,2351.0642361111113,0.0,75.1500015258789
2021-12-16,2311.8549747048905,0.0,74.38999938964844
2021-12-17,2361.1782006920416,0.0,73.69999694824219
2021-12-18,2345.3649635036495,0.0,73.87999725341797
2021-12-19,2272.210702341137,0.0,75.0199966430664
2021-12-20,2349.987740805604,0.0,73.5199966430664
2021-12-21,2376.240837696335,0.0,73.5199966430664
2021-12-22,2371.712068965517,0.0,73.5199966430664
2021-12-23,2296.2703180212015,0.0,71.5199966430664
2021-12-24,2338.1491228070176,0.0,73.9800033569336
2021-12-25,2161.402714932127,0.0,75.29000091552734
2021-12-26,2270.653374233129,0.0,76.8499984741211
2021-12-27,2343.5218855218855,0.0,76.8499984741211
2021-12-28,2274.634710743802,0.0,76.8499984741211
2021-12-29,2300.6006825938566,0.0,76.8499984741211
2021-12-30,2284.9810996563574,0.0,78.5999984741211
2021-12-31,2274.348623853211,0.0,78.94000244140625
2022-01-01,2284.091588785047,0.0,79.2300033569336
2022-01-02,2195.486068111455,0.0,79.31999969482422
2022-01-03,2392.5671875,0.0,77.77999877929688
2022-01-04,2414.1193548387096,0.0,77.77999877929688
2022-01-05,2324.1272727272726,0.0,77.77999877929688
2022-01-06,2488.6227758007117,0.0,78.9800033569336
2022-01-07,2426.5068259385666,0.0,80.0
2022-01-08,2215.84375,0.0,80.80000305175781
2022-01-09,2218.8258258258256,0.0,81.98999786376953
2022-01-10,2488.727422003284,0.0,81.75
2022-01-11,2452.772370486656,0.0,81.75
2022-01-12,2456.967105263158,0.0,81.75
2022-01-13,2373.7081081081083,0.0,80.87000274658203
2022-01-14,2325.181644359465,0.0,83.72000122070312
2022-01-15,2568.687378640777,0.0,84.66999816894531
2022-01-16,2207.416167664671,0.0,84.47000122070312
2022-01-17,2460.680817610063,0.0,86.05999755859375
2022-01-18,2482.560062402496,0.0,86.05999755859375
2022-01-19,2326.0062208398135,0.0,86.05999755859375
2022-01-20,2458.515923566879,0.0,86.05999755859375
2022-01-21,2416.6900958466454,0.0,87.51000213623047
2022-01-22,2321.2285714285713,0.0,88.44000244140625
2022-01-23,2424.213649851632,0.0,88.37999725341797
2022-01-24,2465.8322784810125,0.0,87.88999938964844
2022-01-25,2333.312796208531,0.0,87.88999938964844
2022-01-26,2550.1692708333335,0.0,87.88999938964844
2022-01-27,2413.619439868204,0.0,86.2699966430664
2022-01-28,2457.0311041990667,0.0,88.19999694824219
2022-01-29,2292.9726495726495,0.0,89.95999908447266
2022-01-30,2509.9135802469136,0.0,89.33999633789062
2022-01-31,2495.861351819757,0.0,90.02999877929688
2022-02-01,2366.1612349914235,0.0,90.02999877929688
2022-02-02,2415.083202511774,0.0,90.02999877929688
2022-02-03,2274.1230283911673,0.0,91.20999908447266
2022-02-04,2421.7104430379745,0.0,89.16000366210938
2022-02-05,2298.569965870307,0.0,89.47000122070312
2022-02-06,2201.8682170542634,0.0,91.11000061035156
2022-02-07,2494.816691505216,0.0,93.2699966430664
2022-02-08,2490.76011994003,0.0,93.2699966430664
2022-02-09,2530.4121212121213,0.0,93.2699966430664
2022-02-10,2401.390365448505,0.0,92.69000244140624
2022-02-11,2425.5270700636943,0.0,90.77999877929688
2022-02-12,2387.446327683616,0.0,91.5500030517578
2022-02-13,2335.4940476190477,0.0,91.41000366210938
2022-02-14,2620.872641509434,0.0,94.44000244140624
2022-02-15,2461.3238546603475,0.0,94.44000244140624
2022-02-16,2510.6144975288303,0.0,94.44000244140624
2022-02-17,2475.9753086419755,0.0,96.4800033569336
2022-02-18,2470.9378881987577,0.0,93.27999877929688
2022-02-19,2481.31960461285,0.0,94.80999755859376
2022-02-20,2677.2612359550562,0.0,92.97000122070312
2022-02-21,2422.4626865671644,0.0,93.54000091552734
2022-02-22,2496.4221556886228,0.0,93.54000091552734
2022-02-23,2526.847003154574,0.0,93.54000091552734
2022-02-24,2502.654814814815,0.0,93.54000091552734
2022-02-25,2535.798484848485,0.0,96.83999633789062
2022-02-26,2534.189852700491,0.0,96.83999633789062
2022-02-27,2572.7452574525746,0.0,99.08000183105467
2022-02-28,2476.2256,0.0,97.93000030517578
2022-03-01,2438.671370967742,0.0,97.93000030517578
2022-03-02,2462.8039215686276,0.0,97.93000030517578
2022-03-03,2394.5774193548386,0.0,100.98999786376952
2022-03-04,2394.0184615384615,0.0,104.97000122070312
2022-03-05,2246.541341653666,0.0,112.93000030517578
2022-03-06,2204.23,0.0,110.45999908447266
2022-03-07,2300.2844702467346,0.0,118.11000061035156
2022-03-08,2189.978601997147,0.0,118.11000061035156
2022-03-09,2245.1623188405797,0.0,118.11000061035156
2022-03-10,2105.306990881459,0.0,123.20999908447266
2022-03-11,2213.0469208211143,0.0,127.9800033569336
2022-03-12,2079.4413223140496,0.0,111.13999938964844
2022-03-13,2064.7667493796525,0.0,109.33000183105467
2022-03-14,2055.168975069252,0.0,112.66999816894533
2022-03-15,2097.205621301775,0.0,112.66999816894533
2022-03-16,1956.2944606413994,0.0,112.66999816894533
2022-03-17,1939.8370786516855,0.0,106.9000015258789
2022-03-18,2086.688427299703,0.0,99.91000366210938
2022-03-19,2046.1787709497207,0.0,98.0199966430664
2022-03-20,2062.483204134367,0.0,106.63999938964844
2022-03-21,1935.1848137535817,0.0,107.93000030517578
2022-03-22,1926.7956989247311,0.0,107.93000030517578
2022-03-23,1873.8598820058996,0.0,107.93000030517578
2022-03-24,1737.168181818182,0.0,115.62000274658205
2022-03-25,1814.269117647059,0.0,115.4800033569336
2022-03-26,1727.1500815660686,0.0,121.5999984741211
2022-03-27,1902.535519125683,0.0,119.02999877929688
2022-03-28,1738.2757527733756,0.0,120.6500015258789
2022-03-29,1727.5254777070063,0.0,120.6500015258789
2022-03-30,1760.0222929936306,0.0,120.6500015258789
2022-03-31,1727.5634266886327,0.0,112.4800033569336
2022-04-01,1648.7662565905096,0.0,110.2300033569336
2022-04-02,1614.3534635879219,0.0,113.4499969482422
2022-04-03,1571.8306451612902,0.0,107.91000366210938
2022-04-04,1535.1465892597969,0.0,104.38999938964844
2022-04-05,1604.8369408369408,0.0,104.38999938964844
2022-04-06,1490.8040057224607,0.0,104.38999938964844
2022-04-07,1454.5919881305638,0.0,107.52999877929688
2022-04-08,1544.3233979135618,0.0,106.63999938964844
2022-04-09,1447.443143812709,0.0,101.06999969482422
2022-04-10,1451.8975741239892,0.0,100.58000183105467
2022-04-11,1531.4551470588235,0.0,102.77999877929688
2022-04-12,1436.5925925925926,0.0,102.77999877929688
2022-04-13,1531.0566037735848,0.0,102.77999877929688
2022-04-14,1586.866533864542,0.0,98.4800033569336
2022-04-15,1362.7961538461539,0.0,104.63999938964844
2022-04-16,1537.0983606557377,0.0,108.77999877929688
2022-04-17,1555.6966580976864,0.0,111.6999969482422
2022-04-18,1499.8318965517242,0.0,111.6999969482422
2022-04-19,1428.3410404624278,0.0,111.6999969482422
2022-04-20,1474.47299270073,0.0,111.6999969482422
2022-04-21,1463.8345642540621,0.0,113.16000366210938
2022-04-22,1379.160953800298,0.0,107.25
2022-04-23,1482.36867862969,0.0,106.8000030517578
2022-04-24,1380.0523560209424,0.0,108.33000183105467
2022-04-25,1463.2071942446044,0.0,106.6500015258789
2022-04-26,1458.173590504451,0.0,106.6500015258789
2022-04-27,1437.4725111441307,0.0,106.6500015258789
2022-04-28,1448.9593984962405,0.0,102.31999969482422
2022-04-29,1450.8698315467075,0.0,104.98999786376952
2022-04-30,1470.9869888475837,0.0,105.31999969482422
2022-05-01,1333.0425531914893,0.0,107.58999633789062
2022-05-02,1286.6554621848738,0.0,109.33999633789062
2022-05-03,1318.198275862069,0.0,109.33999633789062
2022-05-04,1325.5709728867623,0.0,109.33999633789062
2022-05-05,1434.4518167456556,0.0,107.58000183105467
2022-05-06,1425.8387596899224,0.0,104.97000122070312
2022-05-07,1335.7860869565218,0.0,110.13999938964844
2022-05-08,1300.2368421052631,0.0,110.9000015258789
2022-05-09,1410.4635258358662,0.0,112.38999938964844
2022-05-10,1373.424739195231,0.0,112.38999938964844
2022-05-11,1413.8733031674208,0.0,112.38999938964844
2022-05-12,1436.6209150326797,0.0,105.94000244140624
2022-05-13,1349.1086206896553,0.0,102.45999908447266
2022-05-14,1438.8238636363637,0.0,107.51000213623048
2022-05-15,1292.536231884058,0.0,107.4499969482422
2022-05-16,1409.4479865771812,0.0,111.5500030517578
2022-05-17,1260.0014347202296,0.0,111.5500030517578
2022-05-18,1349.220760233918,0.0,111.5500030517578
2022-05-19,1280.3800904977375,0.0,114.23999786376952
2022-05-20,1376.4586583463338,0.0,111.93000030517578
2022-05-21,1403.1780604133546,0.0,109.11000061035156
2022-05-22,1479.4382871536525,0.0,112.04000091552734
2022-05-23,1395.2492679355782,0.0,112.5500030517578
2022-05-24,1388.3731988472623,0.0,112.5500030517578
2022-05-25,1379.0089686098654,0.0,112.5500030517578
2022-05-26,1390.5038880248833,0.0,113.41999816894533
2022-05-27,1406.1152647975077,0.0,113.55999755859376
2022-05-28,1345.1260364842453,0.0,114.02999877929688
2022-05-29,1487.0640668523677,0.0,117.4000015258789
2022-05-30,1418.6916802610115,0.0,119.43000030517578
2022-05-31,1400.1529790660225,0.0,119.43000030517578
2022-06-01,1454.5848375451264,0.0,119.43000030517578
2022-06-02,1334.6722222222222,0.0,119.43000030517578
2022-06-03,1470.562613430127,0.0,122.83999633789062
2022-06-04,1313.2553606237816,0.0,116.29000091552734
2022-06-05,1322.6265060240964,0.0,117.61000061035156
2022-06-06,1350.76198630137,0.0,119.72000122070312
2022-06-07,1333.8335877862596,0.0,119.72000122070312
2022-06-08,1336.1387096774195,0.0,119.72000122070312
2022-06-09,1337.6336633663366,0.0,119.51000213623048
2022-06-10,1352.358208955224,0.0,120.56999969482422
2022-06-11,1465.7703984819734,0.0,123.58000183105467
2022-06-12,1355.0275482093664,0.0,123.06999969482422
2022-06-13,1511.0436137071652,0.0,122.01000213623048
2022-06-14,1484.3856920684293,0.0,122.01000213623048
2022-06-15,1526.968253968254,0.0,122.01000213623048
2022-06-16,1511.7715654952076,0.0,122.2699966430664
2022-06-17,1523.18125,0.0,121.16999816894533
2022-06-18,1504.692561983471,0.0,118.51000213623048
2022-06-19,1436.5872576177285,0.0,119.80999755859376
2022-06-20,1546.2996240601503,0.0,113.12000274658205
2022-06-21,1548.6003086419753,0.0,113.12000274658205
2022-06-22,1519.3024691358025,0.0,113.12000274658205
2022-06-23,1550.4838212634822,0.0,113.12000274658205
2022-06-24,1584.7413249211356,0.0,114.6500015258789
2022-06-25,1623.0994854202402,0.0,111.73999786376952
2022-06-26,1626.7748538011697,0.0,110.0500030517578
2022-06-27,1584.9879336349925,0.0,113.12000274658205
2022-06-28,1596.2975609756097,0.0,113.12000274658205
2022-06-29,1596.2579034941764,0.0,113.12000274658205
2022-06-30,1653.4258188824663,0.0,115.08999633789062
2022-07-01,1678.9108910891089,0.0,117.9800033569336
2022-07-02,1585.5929824561404,0.0,116.26000213623048
2022-07-03,1541.1622418879056,0.0,114.80999755859376
2022-07-04,1543.8428351309708,0.0,111.62999725341795
2022-07-05,1556.155864197531,0.0,111.62999725341795
2022-07-06,1548.3990228013029,0.0,111.62999725341795
2022-07-07,1559.517799352751,0.0,111.62999725341795
2022-07-08,1631.4276422764228,0.0,102.7699966430664
2022-07-09,1511.9300970873787,0.0,100.69000244140624
2022-07-10,1531.1033434650456,0.0,104.6500015258789
2022-07-11,1553.7884914463452,0.0,107.0199966430664
2022-07-12,1580.9193037974683,0.0,107.0199966430664
2022-07-13,1697.2882736156353,0.0,107.0199966430664
2022-07-14,1656.2333873581847,0.0,107.0999984741211
2022-07-15,1580.4322169059012,0.0,99.48999786376952
2022-07-16,1673.7933333333333,0.0,99.56999969482422
2022-07-17,1598.0086705202311,0.0,99.0999984741211
2022-07-18,1684.8208269525269,0.0,101.16000366210938
2022-07-19,1666.29179331307,0.0,101.16000366210938
2022-07-20,1588.1404833836857,0.0,101.16000366210938
2022-07-21,1693.651127819549,0.0,106.2699966430664
2022-07-22,1675.9831804281346,0.0,107.3499984741211
2022-07-23,1725.3243243243244,0.0,106.91999816894533
2022-07-24,1767.0083333333334,0.0,103.86000061035156
2022-07-25,1557.2683307332293,0.0,103.1999969482422
2022-07-26,1574.633181126332,0.0,103.1999969482422
2022-07-27,1596.177570093458,0.0,103.1999969482422
2022-07-28,1639.1619834710743,0.0,105.1500015258789
2022-07-29,1699.5247678018575,0.0,104.4000015258789
2022-07-30,1699.9345955249569,0.0,106.62000274658205
2022-07-31,1781.6972789115646,0.0,107.13999938964844
2022-08-01,1597.4804964539007,0.0,110.01000213623048
2022-08-02,1575.5344563552833,0.0,110.01000213623048
2022-08-03,1577.0619047619048,0.0,110.01000213623048
2022-08-04,1558.8805513016846,0.0,100.02999877929688
2022-08-05,1579.436018957346,0.0,100.54000091552734
2022-08-06,1575.9139414802066,0.0,96.77999877929688
2022-08-07,1602.43567251462,0.0,94.12000274658205
2022-08-08,1587.0459770114942,0.0,94.91999816894533
2022-08-09,1583.4938775510204,0.0,94.91999816894533
2022-08-10,1640.2305140961857,0.0,94.91999816894533
2022-08-11,1651.1515151515152,0.0,96.6500015258789
2022-08-12,1737.9804305283758,0.0,96.30999755859376
2022-08-13,1688.6125760649088,0.0,97.4000015258789
2022-08-14,1744.7756232686982,0.0,99.5999984741211
2022-08-15,1680.8455882352941,0.0,98.1500015258789
2022-08-16,1668.8601286173634,0.0,98.1500015258789
2022-08-17,1657.3772070626003,0.0,98.1500015258789
2022-08-18,1666.418487394958,0.0,95.0999984741211
2022-08-19,1627.2578268876612,0.0,92.33999633789062
2022-08-20,1690.5058626465661,0.0,93.6500015258789
2022-08-21,1764.6983695652175,0.0,96.58999633789062
2022-08-22,1704.66512345679,0.0,96.72000122070312
2022-08-23,1734.6183800623053,0.0,96.72000122070312
2022-08-24,1698.9366085578447,0.0,96.72000122070312
2022-08-25,1667.734693877551,0.0,96.4800033569336
2022-08-26,1682.1485623003196,0.0,100.22000122070312
2022-08-27,1725.8357400722023,0.0,101.22000122070312
2022-08-28,1761.801652892562,0.0,99.33999633789062
2022-08-29,1657.0131795716638,0.0,100.98999786376952
2022-08-30,1654.5593495934959,0.0,100.98999786376952
2022-08-31,1759.558,0.0,100.98999786376952
2022-09-01,1636.9084112149533,0.0,105.08999633789062
2022-09-02,1622.4451718494272,0.0,99.30999755859376
2022-09-03,1595.4611486486488,0.0,96.48999786376952
2022-09-04,1692.1246612466125,0.0,92.36000061035156
2022-09-05,1624.6378466557912,0.0,93.0199966430664
2022-09-06,1645.04126984127,0.0,93.0199966430664
2022-09-07,1577.0311475409835,0.0,93.0199966430664
2022-09-08,1490.4045534150614,0.0,93.0199966430664
2022-09-09,1544.3,0.0,92.83000183105467
2022-09-10,1581.9584980237155,0.0,88.0
2022-09-11,1607.2005899705014,0.0,89.1500015258789
2022-09-12,1616.165820642978,0.0,92.83999633789062
2022-09-13,1613.0889621087315,0.0,92.83999633789062
2022-09-14,1630.878048780488,0.0,92.83999633789062
2022-09-15,1682.80625,0.0,94.0
2022-09-16,1622.2087378640776,0.0,93.16999816894533
2022-09-17,1688.2896551724139,0.0,94.0999984741211
2022-09-18,1739.1367292225202,0.0,90.83999633789062
2022-09-19,1611.0046511627907,0.0,91.3499984741211
2022-09-20,1627.0417335473514,0.0,91.3499984741211
2022-09-21,1560.3956594323872,0.0,91.3499984741211
2022-09-22,1671.3747980613894,0.0,92.0
2022-09-23,1520.6296296296296,0.0,90.62000274658205
2022-09-24,1724.5128644939966,0.0,89.83000183105469
2022-09-25,1819.215297450425,0.0,90.45999908447266
2022-09-26,1726.6421568627452,0.0,86.1500015258789
2022-09-27,1732.3016129032258,0.0,86.1500015258789
2022-09-28,1612.5383435582821,0.0,86.1500015258789
2022-09-29,1728.795918367347,0.0,84.05999755859375
2022-09-30,1732.1380530973452,0.0,86.2699966430664
2022-10-01,1644.6060606060605,0.0,89.31999969482422
2022-10-02,1645.4463667820069,0.0,88.48999786376953
2022-10-03,1647.4044117647059,0.0,87.95999908447266
2022-10-04,1595.6,0.0,87.95999908447266
2022-10-05,1651.1449579831933,0.0,87.95999908447266
2022-10-06,1684.078231292517,0.0,88.86000061035156
2022-10-07,1685.32504145937,0.0,91.8000030517578
2022-10-08,1669.085501858736,0.0,93.37000274658205
2022-10-09,1607.414705882353,0.0,94.41999816894533
2022-10-10,1799.2764976958526,0.0,97.91999816894533
2022-10-11,1830.7173202614379,0.0,97.91999816894533
2022-10-12,1845.4984615384615,0.0,97.91999816894533
2022-10-13,1865.9741248097412,0.0,96.19000244140624
2022-10-14,1918.8344155844156,0.0,94.29000091552734
2022-10-15,1924.406779661017,0.0,92.4499969482422
2022-10-16,1880.4075067024128,0.0,94.56999969482422
2022-10-17,1932.6396103896104,0.0,91.62999725341795
2022-10-18,1989.6666666666667,0.0,91.62999725341795
2022-10-19,2004.705047318612,0.0,91.62999725341795
2022-10-20,2005.6790322580646,0.0,91.62000274658205
2022-10-21,2021.5448154657292,0.0,90.02999877929688
2022-10-22,2070.028629856851,0.0,92.41000366210938
2022-10-23,2047.810035842294,0.0,92.37999725341795
2022-10-24,2154.741144414169,0.0,93.5
2022-10-25,2168.8683035714284,0.0,93.5
2022-10-26,2148.9769392033545,0.0,93.5
2022-10-27,2047.871153846154,0.0,93.26000213623048
2022-10-28,2076.5542372881355,0.0,93.5199966430664
2022-10-29,2059.2271126760565,0.0,95.69000244140624
2022-10-30,2114.940119760479,0.0,96.95999908447266
2022-10-31,2159.0627240143367,0.0,95.7699966430664
2022-11-01,2218.521812080537,0.0,95.7699966430664
2022-11-02,2225.9056,0.0,95.7699966430664
2022-11-03,2271.7108626198083,0.0,94.83000183105467
2022-11-04,2277.123595505618,0.0,94.6500015258789
2022-11-05,2287.049295774648,0.0,96.16000366210938
2022-11-06,2131.950867052023,0.0,94.66999816894533
2022-11-07,2222.4827586206898,0.0,98.56999969482422
2022-11-08,2344.857404021938,0.0,98.56999969482422
2022-11-09,2241.516693163752,0.0,98.56999969482422
2022-11-10,2179.6336,0.0,97.91999816894533
2022-11-11,2184.228013029316,0.0,95.36000061035156
2022-11-12,2100.6135922330095,0.0,92.6500015258789
2022-11-13,2041.9298245614036,0.0,93.66999816894533
2022-11-14,2158.7552674230146,0.0,95.98999786376952
2022-11-15,2168.5454545454545,0.0,95.98999786376952
2022-11-16,2097.283987915408,0.0,95.98999786376952
2022-11-17,2107.0484114977307,0.0,93.13999938964844
2022-11-18,2058.6414790996782,0.0,93.86000061035156
2022-11-19,2086.6852459016395,0.0,92.86000061035156
2022-11-20,2012.888888888889,0.0,89.77999877929688
2022-11-21,2006.2123613312203,0.0,87.62000274658203
2022-11-22,1954.657643312102,0.0,87.62000274658203
2022-11-23,1992.9596122778676,0.0,87.62000274658203
2022-11-24,2132.0829346092505,0.0,87.44999694824219
2022-11-25,1997.4175084175083,0.0,88.36000061035156
2022-11-26,2104.4459930313587,0.0,85.41000366210938
2022-11-27,1902.9318885448915,0.0,85.41000366210938
2022-11-28,1962.9964157706092,0.0,83.62999725341797
2022-11-29,1903.0511073253833,0.0,83.62999725341797
2022-11-30,1896.021164021164,0.0,83.62999725341797
2022-12-01,2042.230072463768,0.0,83.19000244140625
2022-12-02,1814.0589198036007,0.0,83.02999877929688
2022-12-03,1999.9256756756756,0.0,85.43000030517578
2022-12-04,1727.2515337423313,0.0,86.87999725341797
2022-12-05,1844.2034188034188,0.0,85.56999969482422
2022-12-06,1996.8776859504133,0.0,85.56999969482422
2022-12-07,1805.5,0.0,85.56999969482422
2022-12-08,1957.6574675324675,0.0,82.68000030517578
2022-12-09,1798.1299524564183,0.0,79.3499984741211
2022-12-10,1744.1345454545456,0.0,77.16999816894531
2022-12-11,1745.1473087818697,0.0,76.1500015258789
2022-12-12,1727.3092006033182,0.0,76.0999984741211
2022-12-13,1895.375748502994,0.0,76.0999984741211
2022-12-14,1731.9574468085107,0.0,76.0999984741211
2022-12-15,1859.7347893915758,0.0,77.98999786376953
2022-12-16,1748.58934169279,0.0,80.68000030517578
2022-12-17,1890.3408,0.0,82.69999694824219
2022-12-18,1716.1971830985915,0.0,81.20999908447266
2022-12-19,1741.437134502924,0.0,79.04000091552734
2022-12-20,1943.6365030674847,0.0,79.04000091552734
2022-12-21,1797.5209302325582,0.0,79.04000091552734
2022-12-22,2018.4209702660407,0.0,79.80000305175781
2022-12-23,1811.544701986755,0.0,79.98999786376953
2022-12-24,2027.0753064798598,0.0,82.19999694824219
2022-12-25,1725.16715542522,0.0,80.9800033569336
2022-12-26,1828.6971235194585,0.0,83.91999816894531
2022-12-27,2083.2949152542374,0.0,83.91999816894531
2022-12-28,1824.317230273752,0.0,83.91999816894531
2022-12-29,2044.0324675324675,0.0,83.91999816894531
2022-12-30,1768.7062600321028,0.0,84.33000183105469
2022-12-31,2047.828729281768,0.0,83.26000213623047
2023-01-01,1778.55910543131,0.0,82.26000213623047
2023-01-02,1769.2646103896104,0.0,85.91000366210938
2023-01-03,1852.2234548335975,0.0,85.91000366210938
2023-01-04,1849.6836581709144,0.0,85.91000366210938
2023-01-05,1895.1426282051282,0.0,85.91000366210938
2023-01-06,1931.884364820847,0.0,82.0999984741211
2023-01-07,1832.59450726979,0.0,77.83999633789062
2023-01-08,1735.3333333333333,0.0,78.69000244140625
2023-01-09,1956.8126009693053,0.0,78.56999969482422
2023-01-10,1888.0662557781202,0.0,78.56999969482422
2023-01-11,1847.6888888888889,0.0,78.56999969482422
2023-01-12,1829.7078313253012,0.0,79.6500015258789
2023-01-13,1877.5555555555557,0.0,80.0999984741211
2023-01-14,1850.792531120332,0.0,82.66999816894531
2023-01-15,1770.6052631578948,0.0,84.02999877929688
2023-01-16,1865.001862197393,0.0,85.27999877929688
2023-01-17,1777.3382936507937,0.0,85.27999877929688
2023-01-18,1831.8067961165048,0.0,85.27999877929688
2023-01-19,1889.1092362344582,0.0,85.27999877929688
2023-01-20,1872.3772954924875,0.0,85.91999816894531
2023-01-21,1794.7867768595042,0.0,84.9800033569336
2023-01-22,1775.3682795698924,0.0,86.16000366210938
2023-01-23,1778.6616084977238,0.0,87.62999725341797
2023-01-24,1769.991017964072,0.0,87.62999725341797
2023-01-25,1789.6198738170347,0.0,87.62999725341797
2023-01-26,1850.8856447688565,0.0,88.19000244140625
2023-01-27,1790.6608187134502,0.0,86.12999725341797
2023-01-28,1755.3554119547657,0.0,86.12000274658203
2023-01-29,1616.2330623306234,0.0,87.47000122070312
2023-01-30,1728.7990867579908,0.0,86.66000366210938
2023-01-31,1719.3586429725362,0.0,86.66000366210938
2023-02-01,1769.9546925566342,0.0,86.66000366210938
2023-02-02,1655.8551617873652,0.0,84.9000015258789
2023-02-03,1705.5460122699387,0.0,84.48999786376953
2023-02-04,1660.3499197431781,0.0,82.83999633789062
2023-02-05,1581.4114285714286,0.0,82.16999816894531
2023-02-06,1663.5348484848485,0.0,79.94000244140625
2023-02-07,1627.0,0.0,79.94000244140625
2023-02-08,1630.405646359584,0.0,79.94000244140625
2023-02-09,1618.1610845295056,0.0,80.98999786376953
2023-02-10,1608.5953488372093,0.0,83.69000244140625
2023-02-11,1564.9205776173285,0.0,85.08999633789062
2023-02-12,1524.8027397260273,0.0,84.5
2023-02-13,1579.642750373692,0.0,86.38999938964844
2023-02-14,1576.8066465256798,0.0,86.38999938964844
2023-02-15,1541.98127925117,0.0,86.38999938964844
2023-02-16,1527.481308411215,0.0,86.61000061035156
2023-02-17,1525.2264752791068,0.0,85.58000183105469
2023-02-18,1493.7075664621677,0.0,85.37999725341797
2023-02-19,1474.8659517426274,0.0,85.13999938964844
2023-02-20,1548.2119815668202,0.0,83.0
2023-02-21,1437.7567975830816,0.0,83.0
2023-02-22,1417.6423017107309,0.0,83.0
2023-02-23,1549.9275808936825,0.0,83.0
2023-02-24,1372.9190031152648,0.0,83.05000305175781
2023-02-25,1387.4161073825503,0.0,80.5999984741211
2023-02-26,1366.1994459833795,0.0,82.20999908447266
2023-02-27,1391.8162327718223,0.0,83.16000366210938
2023-02-28,1403.2769726247986,0.0,83.16000366210938
2023-03-01,1338.1734860883796,0.0,83.16000366210938
2023-03-02,1323.4629921259843,0.0,82.44999694824219
2023-03-03,1318.988782051282,0.0,83.88999938964844
2023-03-04,1306.955017301038,0.0,84.30999755859375
2023-03-05,1310.141975308642,0.2807415127754212,84.75
2023-03-06,1395.2242833052276,0.2807415127754212,85.83000183105469
2023-03-07,1441.932059447983,0.2807415127754212,85.83000183105469
2023-03-08,1448.7057291666667,0.2807415127754212,85.83000183105469
2023-03-09,1376.1632302405499,0.2807415127754212,86.18000030517578
2023-03-10,1402.1164596273293,0.2807415127754212,83.29000091552734
2023-03-11,1321.7230483271376,0.2807415127754212,82.66000366210938
2023-03-12,1366.7719298245613,7.224944054875095,81.58999633789062
2023-03-13,1384.1521739130435,7.224944054875095,82.77999877929688
2023-03-14,1368.0168195718654,7.224944054875095,82.77999877929688
2023-03-15,1386.4943273905997,7.224944054875095,82.77999877929688
2023-03-16,1373.0,7.224944054875095,80.7699966430664
2023-03-17,1332.2616487455198,7.224944054875095,77.44999694824219
2023-03-18,1354.6432532347505,7.224944054875095,73.69000244140625
2023-03-19,1307.3648648648648,0.0,74.69999694824219
2023-03-20,1407.8705501618124,0.0,72.97000122070312
2023-03-21,1387.4355108877721,0.0,72.97000122070312
2023-03-22,1413.3938294010889,0.0,72.97000122070312
2023-03-23,1411.0531561461794,0.0,73.79000091552734
2023-03-24,1390.4741379310344,0.0,75.31999969482422
2023-03-25,1374.8531598513011,0.0,76.69000244140625
2023-03-26,1321.0535714285713,0.2803467514121707,75.91000366210938
2023-03-27,1353.599025974026,0.2803467514121707,74.98999786376953
2023-03-28,1363.8668831168832,0.2803467514121707,74.98999786376953
2023-03-29,1356.2776831345827,0.2803467514121707,74.98999786376953
2023-03-30,1417.2391304347825,0.2803467514121707,78.12000274658203
2023-03-31,1316.6268382352941,0.2803467514121707,78.6500015258789
2023-04-01,1350.138144329897,0.2803467514121707,78.27999877929688
2023-04-02,1293.807799442897,0.0,79.2699966430664
2023-04-03,1376.5197255574615,0.0,79.7699966430664
2023-04-04,1376.8426763110308,0.0,79.7699966430664
2023-04-05,1306.8344370860927,0.0,79.7699966430664
2023-04-06,1249.7455968688846,0.0,84.93000030517578
2023-04-07,1244.349019607843,0.0,84.94000244140625
2023-04-08,1252.930402930403,0.0,84.98999786376953
2023-04-09,1335.6337662337662,9.821104097465884,85.12000274658203
2023-04-10,1287.5764525993884,9.821104097465884,85.12000274658203
2023-04-11,1316.6176911544228,9.821104097465884,85.12000274658203
2023-04-12,1277.0140186915887,9.821104097465884,85.12000274658203
2023-04-13,1269.572593800979,9.821104097465884,84.18000030517578
2023-04-14,1277.302371541502,9.821104097465884,85.61000061035156
2023-04-15,1188.7015985790408,9.821104097465884,87.33000183105469
2023-04-16,1274.2250639386189,0.6431528263151771,86.08999633789062
2023-04-17,1313.769696969697,0.6431528263151771,86.30999755859375
2023-04-18,1306.1455108359132,0.6431528263151771,86.30999755859375
2023-04-19,1288.0588235294117,0.6431528263151771,86.30999755859375
2023-04-20,1299.4826446280993,0.6431528263151771,84.76000213623047
2023-04-21,1234.7945670628183,0.6431528263151771,84.7699966430664
2023-04-22,1287.9805615550756,0.6431528263151771,83.12000274658203
2023-04-23,1291.2395061728396,0.6813013286456187,81.0999984741211
2023-04-24,1283.0227272727273,0.6813013286456187,81.66000366210938
2023-04-25,1262.8406676783004,0.6813013286456187,81.66000366210938
2023-04-26,1281.1216429699841,0.6813013286456187,81.66000366210938
2023-04-27,1273.1475409836066,0.6813013286456187,82.7300033569336
2023-04-28,1327.3182579564489,0.6813013286456187,80.7699966430664
2023-04-29,1287.5975177304965,0.6813013286456187,77.69000244140625
2023-04-30,1299.6149425287356,0.0,78.37000274658203
2023-05-01,1250.6274509803923,0.0,79.54000091552734
2023-05-02,1292.2279588607594,0.0,79.54000091552734
2023-05-03,1329.387990506329,0.0,79.54000091552734
2023-05-04,1301.2614188034188,0.0,79.30999755859375
2023-05-05,1338.8482803738316,0.0,75.31999969482422
2023-05-06,1336.224315068493,0.0,72.33000183105469
2023-05-07,1276.7055555555555,0.0,72.5
2023-05-08,1337.3119651347067,0.0,75.30000305175781
2023-05-09,1323.0939903069468,0.0,75.30000305175781
2023-05-10,1351.9450743801654,0.0,75.30000305175781
2023-05-11,1348.3344894366196,0.0,77.01000213623047
2023-05-12,1325.2543478260868,0.0,77.44000244140625
2023-05-13,1315.1108870967741,0.0,76.41000366210938
2023-05-14,1294.6521739130435,0.021441935447661,74.9800033569336
2023-05-15,1346.1295786061587,0.021441935447661,74.16999816894531
2023-05-16,1337.486971153846,0.021441935447661,74.16999816894531
2023-05-17,1322.1653205128205,0.021441935447661,74.16999816894531
2023-05-18,1314.5301003344482,0.021441935447661,75.2300033569336
2023-05-19,1360.1064684684684,0.021441935447661,74.91000366210938
2023-05-20,1350.2339285714286,0.021441935447661,76.95999908447266
2023-05-21,1301.0202898550724,0.2110046140554055,75.86000061035156
2023-05-22,1399.2081967213114,0.2110046140554055,75.58000183105469
2023-05-23,1312.7529288025892,0.2110046140554055,75.58000183105469
2023-05-24,1354.5568811881187,0.2110046140554055,75.58000183105469
2023-05-25,1365.5624342105264,0.2110046140554055,75.98999786376953
2023-05-26,1352.3803986710964,0.2110046140554055,76.83999633789062
2023-05-27,1423.6223776223776,0.2110046140554055,78.36000061035156
2023-05-28,1326.873595505618,0.8168697523299241,76.26000213623047
2023-05-29,1369.688111111111,0.8168697523299241,76.94999694824219
2023-05-30,1372.7285318107668,0.8168697523299241,76.94999694824219
2023-05-31,1381.925340314136,0.8168697523299241,76.94999694824219
2023-06-01,1447.7448524590163,0.8168697523299241,76.94999694824219
2023-06-02,1426.396028257457,0.8168697523299241,73.54000091552734
2023-06-03,1387.919191919192,0.8168697523299241,72.66000366210938
2023-06-04,1304.6842105263158,15.50670329038684,74.27999877929688
2023-06-05,1409.4894662480378,15.50670329038684,76.12999725341797
2023-06-06,1386.9626242236025,15.50670329038684,76.12999725341797
2023-06-07,1444.456877971474,15.50670329038684,76.12999725341797
2023-06-08,1441.404768740032,15.50670329038684,76.70999908447266
2023-06-09,1413.6454487179487,15.50670329038684,76.29000091552734
2023-06-10,1327.1712592592592,15.50670329038684,76.94999694824219
2023-06-11,1316.728494623656,0.0,75.95999908447266
2023-06-12,1458.8764491654022,0.0,74.79000091552734
2023-06-13,1450.3329225908374,0.0,74.79000091552734
2023-06-14,1502.7571276595743,0.0,74.79000091552734
2023-06-15,1455.5586326194398,0.0,71.83999633789062
2023-06-16,1510.7675,0.0,74.29000091552734
2023-06-17,1479.8754285714285,0.0,73.19999694824219
2023-06-18,1403.5014084507043,5.812731617440262,75.66999816894531
2023-06-19,1497.356722817764,5.812731617440262,76.61000061035156
2023-06-20,1518.2550310559006,5.812731617440262,76.61000061035156
2023-06-21,1511.2271826625388,5.812731617440262,76.61000061035156
2023-06-22,1523.480722135008,5.812731617440262,76.61000061035156
2023-06-23,1500.0520645161291,5.812731617440262,75.9000015258789
2023-06-24,1532.780574912892,5.812731617440262,77.12000274658203
2023-06-25,1422.087818696884,50.04617687232312,74.13999938964844
2023-06-26,1518.4806148867315,50.04617687232312,73.8499984741211
2023-06-27,1544.472641815235,50.04617687232312,73.8499984741211
2023-06-28,1502.9885416666666,50.04617687232312,73.8499984741211
2023-06-29,1616.3470697674418,50.04617687232312,74.18000030517578
2023-06-30,1685.696286701209,50.04617687232312,72.26000213623047
2023-07-01,1681.2126459854014,50.04617687232312,74.02999877929688
2023-07-02,1591.5924932975872,47.17566516717939,74.33999633789062
2023-07-03,1752.2243791946307,47.17566516717939,74.9000015258789
2023-07-04,1745.9733868378812,47.17566516717939,74.9000015258789
2023-07-05,1752.13736497545,47.17566516717939,74.9000015258789
2023-07-06,1814.2442857142855,47.17566516717939,74.6500015258789
2023-07-07,1828.8996521739132,47.17566516717939,74.6500015258789
2023-07-08,1791.3446893787575,47.17566516717939,76.6500015258789
2023-07-09,1658.6882352941177,21.79158348279358,76.5199966430664
2023-07-10,1736.5450561797754,21.79158348279358,78.47000122070312
2023-07-11,1655.76081300813,21.79158348279358,78.47000122070312
2023-07-12,1660.003733974359,21.79158348279358,78.47000122070312
2023-07-13,1700.429261637239,21.79158348279358,77.69000244140625
2023-07-14,1821.2082059800666,21.79158348279358,79.4000015258789
2023-07-15,1796.5247349823321,21.79158348279358,80.11000061035156
2023-07-16,1719.6638888888888,93.12588461301522,81.36000061035156
2023-07-17,1730.3367781690142,93.12588461301522,79.87000274658203
2023-07-18,1793.3566560509553,93.12588461301522,79.87000274658203
2023-07-19,1751.973232,93.12588461301522,79.87000274658203
2023-07-20,1717.4673633440514,93.12588461301522,78.5
2023-07-21,1801.9722429906542,93.12588461301522,79.62999725341797
2023-07-22,1681.8872089041097,93.12588461301522,79.45999908447266
2023-07-23,1689.504,35.56768662872294,79.63999938964844
2023-07-24,1772.542424698795,35.56768662872294,81.06999969482422
2023-07-25,1737.808802488336,35.56768662872294,81.06999969482422
2023-07-26,1789.5503410852714,35.56768662872294,81.06999969482422
2023-07-27,1767.9890836012862,35.56768662872294,82.73999786376953
2023-07-28,1765.9314190317193,35.56768662872294,83.63999938964844
2023-07-29,1828.931330472103,35.56768662872294,82.91999816894531
2023-07-30,1766.4766081871346,1.5702982325892358,84.23999786376953
2023-07-31,1847.947406779661,1.5702982325892358,84.98999786376953
2023-08-01,1825.1446376811596,1.5702982325892358,84.98999786376953
2023-08-02,1804.8240888208268,1.5702982325892358,84.98999786376953
2023-08-03,1808.7655891719746,1.5702982325892358,85.55999755859375
2023-08-04,1802.9053951890032,1.5702982325892358,84.91000366210938
2023-08-05,1818.2947368421053,1.5702982325892358,83.19999694824219
2023-08-06,1815.6030303030302,0.0,85.13999938964844
2023-08-07,1899.5923529411764,0.0,86.23999786376953
2023-08-08,1948.0104191616765,0.0,86.23999786376953
2023-08-09,1995.3672138554218,0.0,86.23999786376953
2023-08-10,2008.4744897959183,0.0,85.33999633789062
2023-08-11,2033.0669339622643,0.0,86.16999816894531
2023-08-12,1971.5839694656488,0.0,87.55000305175781
2023-08-13,1965.427027027027,2.3859887103695963,86.4000015258789
2023-08-14,2149.299829642249,2.3859887103695963,86.80999755859375
2023-08-15,2214.738738738739,2.3859887103695963,86.80999755859375
2023-08-16,2285.609708737864,2.3859887103695963,86.80999755859375
2023-08-17,2177.577176870748,2.3859887103695963,86.20999908447266
2023-08-18,2242.33024691358,2.3859887103695963,84.88999938964844
2023-08-19,2253.064516129032,2.3859887103695963,83.44999694824219
2023-08-20,2156.609756097561,6.922141898089015,84.12000274658203
2023-08-21,2394.418487394958,6.922141898089015,84.80000305175781
2023-08-22,2344.7250409165304,6.922141898089015,84.80000305175781
2023-08-23,2369.0404721753794,6.922141898089015,84.80000305175781
2023-08-24,2321.7729711375214,6.922141898089015,84.45999908447266
2023-08-25,2391.0864197530864,6.922141898089015,84.02999877929688
2023-08-26,2344.019197207679,6.922141898089015,83.20999908447266
2023-08-27,2320.326470588235,6.8277814133928825,83.36000061035156
2023-08-28,2308.465156794425,6.8277814133928825,84.4800033569336
2023-08-29,2222.241573033708,6.8277814133928825,84.4800033569336
2023-08-30,2250.392033542977,6.8277814133928825,84.4800033569336
2023-08-31,2276.0186219739294,6.8277814133928825,84.41999816894531
2023-09-01,2335.0775444264946,6.8277814133928825,85.48999786376953
2023-09-02,2284.9343696027636,6.8277814133928825,85.86000061035156
2023-09-03,2197.3855072463766,56.381349751446585,86.86000061035156
2023-09-04,2379.0130505709626,56.381349751446585,88.55000305175781
2023-09-05,2344.9278812199036,56.381349751446585,88.55000305175781
2023-09-06,2289.168932038835,56.381349751446585,88.55000305175781
2023-09-07,2408.0928764478767,56.381349751446585,88.55000305175781
2023-09-08,2291.4170616113743,56.381349751446585,90.04000091552734
2023-09-09,2282.0127970749545,56.381349751446585,90.5999984741211
2023-09-10,2220.5079787234044,69.987629598964,89.91999816894531
2023-09-11,2386.738794435858,69.987629598964,90.6500015258789
2023-09-12,2341.2084006462037,69.987629598964,90.6500015258789
2023-09-13,2345.0593080724875,69.987629598964,90.6500015258789
2023-09-14,2317.3203883495144,69.987629598964,90.63999938964844
2023-09-15,2300.6758832565283,69.987629598964,92.05999755859376
2023-09-16,2302.574074074074,69.987629598964,91.87999725341795
2023-09-17,2246.7708333333335,116.53478647771608,93.6999969482422
2023-09-18,2352.873327556326,116.53478647771608,93.93000030517578
2023-09-19,2340.4021739130435,116.53478647771608,93.93000030517578
2023-09-20,2352.9814189189187,116.53478647771608,93.93000030517578
2023-09-21,2332.3316749585406,116.53478647771608,94.43000030517578
2023-09-22,2259.3290322580647,116.53478647771608,94.33999633789062
2023-09-23,2260.376199616123,116.53478647771608,93.52999877929688
2023-09-24,2204.6524590163935,68.52034590881405,93.3000030517578
2023-09-25,2390.9362416107383,68.52034590881405,93.2699966430664
2023-09-26,2395.0180032733224,68.52034590881405,93.2699966430664
2023-09-27,2414.439929328622,68.52034590881405,93.2699966430664
2023-09-28,2410.3590263691685,68.52034590881405,93.29000091552734
2023-09-29,2425.338596491228,68.52034590881405,93.95999908447266
2023-09-30,2353.222453222453,68.52034590881405,96.5500030517578
2023-10-01,2320.1015625,0.0103866255358017,95.37999725341795
2023-10-02,2307.968957871397,0.0103866255358017,95.30999755859376
2023-10-03,2396.740625,0.0103866255358017,95.30999755859376
2023-10-04,2426.1987480438183,0.0103866255358017,95.30999755859376
2023-10-05,2422.569018404908,0.0103866255358017,90.70999908447266
2023-10-06,2399.264082568807,0.0103866255358017,90.91999816894533
2023-10-07,2465.216362179487,0.0103866255358017,85.80999755859375
2023-10-08,2299.8121546961324,0.0,84.06999969482422
2023-10-09,2491.4381990521324,0.0,84.58000183105469
2023-10-10,2437.0974842767296,0.0,84.58000183105469
2023-10-11,2509.384496124031,0.0,84.58000183105469
2023-10-12,2501.8207668711657,0.0,88.1500015258789
2023-10-13,2522.2357723577234,0.0,87.6500015258789
2023-10-14,2483.4066390041494,0.0,85.81999969482422
2023-10-15,2457.612804878049,9.08134772807422,86.0
2023-10-16,2592.4092109500807,9.08134772807422,90.88999938964844
2023-10-17,2596.2149920255183,9.08134772807422,90.88999938964844
2023-10-18,2699.3195253164554,9.08134772807422,90.88999938964844
2023-10-19,2776.281265625,9.08134772807422,89.6500015258789
2023-10-20,2771.595008,9.08134772807422,89.9000015258789
2023-10-21,2817.209009009009,9.08134772807422,91.5
2023-10-22,2619.79197080292,1.992730651058584,92.37999725341795
2023-10-23,3006.040214477212,1.992730651058584,92.16000366210938
2023-10-24,3023.0872811059903,1.992730651058584,92.16000366210938
2023-10-25,3195.522656514382,1.992730651058584,92.16000366210938
2023-10-26,3314.9135855263157,1.992730651058584,89.83000183105469
2023-10-27,3704.887503974563,1.992730651058584,88.06999969482422
2023-10-28,3800.8701550387595,1.992730651058584,90.12999725341795
2023-10-29,3964.1652173913044,0.0,87.93000030517578
2023-10-30,4205.0924204947,0.0,90.4800033569336
2023-10-31,4399.148003766478,0.0,90.4800033569336
2023-11-01,4345.080515653775,0.0,90.4800033569336
2023-11-02,4319.846153846154,0.0,87.44999694824219
2023-11-03,4235.825545171339,0.0,87.41000366210938
2023-11-04,4261.618374558304,0.0,84.62999725341797
2023-11-05,4102.014545454545,0.0912220937847344,86.8499984741211
2023-11-06,4099.064482200647,0.0912220937847344,84.88999938964844
2023-11-07,4054.5956556082147,0.0912220937847344,84.88999938964844
2023-11-08,4150.036507936508,0.0912220937847344,84.88999938964844
2023-11-09,4811.914049586777,0.0912220937847344,85.18000030517578
2023-11-10,4110.7779850746265,0.0912220937847344,81.61000061035156
2023-11-11,4172.279255319149,0.0912220937847344,79.54000091552734
2023-11-12,4053.2722513089006,0.0,80.01000213623047
2023-11-13,4462.012232415902,0.0,81.43000030517578
2023-11-14,4395.5548098434,0.0,81.43000030517578
2023-11-15,4231.81223628692,0.0,81.43000030517578
2023-11-16,4114.717228464419,0.0,82.5199966430664
2023-11-17,4089.74520069808,0.0,82.47000122070312
2023-11-18,3997.3180147058824,0.0,81.18000030517578
2023-11-19,3850.8970588235293,0.0,77.41999816894531
2023-11-20,3988.2337440758292,0.0,80.61000061035156
2023-11-21,3949.5033700787403,0.0,80.61000061035156
2023-11-22,3905.3982601880875,0.0,80.61000061035156
2023-11-23,3881.5783968253972,0.0,82.31999969482422
2023-11-24,3831.579207920792,0.0,82.44999694824219
2023-11-25,3875.4159836065573,0.0,81.95999908447266
2023-11-26,3715.5541125541126,32.85846009212149,81.37000274658203
2023-11-27,3870.54296875,32.85846009212149,80.58000183105469
2023-11-28,3919.950974842767,32.85846009212149,80.58000183105469
2023-11-29,3944.824256329114,32.85846009212149,80.58000183105469
2023-11-30,3894.2854545454543,32.85846009212149,79.9800033569336
2023-12-01,3978.4849624060153,32.85846009212149,81.68000030517578
2023-12-02,3901.194029850746,32.85846009212149,83.0999984741211
2023-12-03,3749.572347266881,2.215363142609845,82.83000183105469
2023-12-04,3868.0435435435434,2.215363142609845,78.87999725341797
2023-12-05,3791.085621970921,2.215363142609845,78.87999725341797
2023-12-06,3772.690705128205,2.215363142609845,78.87999725341797
2023-12-07,3811.5811836115327,2.215363142609845,78.02999877929688
2023-12-08,3690.3328290468985,2.215363142609845,77.19999694824219
2023-12-09,3575.907869481766,2.215363142609845,74.30000305175781
2023-12-10,3522.4755043227665,0.0,74.05000305175781
2023-12-11,3505.987460815047,0.0,75.83999633789062
2023-12-12,3384.4951140065145,0.0,75.83999633789062
2023-12-13,3256.786604361371,0.0,75.83999633789062
2023-12-14,3250.5782945736432,0.0,76.02999877929688
2023-12-15,3167.0193452380954,0.0,73.23999786376953
2023-12-16,3067.430599369085,0.0,74.26000213623047
2023-12-17,2895.398305084746,0.0,76.61000061035156
2023-12-18,2843.317411402157,0.0,76.55000305175781
2023-12-19,3375.8865671641793,0.0,76.55000305175781
2023-12-20,2856.5016722408027,0.0,76.55000305175781
2023-12-21,2725.3105590062114,0.0,77.94999694824219
2023-12-22,2633.2178060413353,0.0,79.2300033569336
2023-12-23,2656.8924050632913,0.0,79.69999694824219
2023-12-24,2913.9077669902913,0.0,79.38999938964844
2023-12-25,2643.5676855895194,0.0,79.06999969482422
2023-12-26,2478.0820770519263,0.0,79.06999969482422
2023-12-27,2537.3904,0.0,79.06999969482422
2023-12-28,2451.9546165884194,0.0,79.06999969482422
2023-12-29,2387.5007776049765,0.0,81.06999969482422
2023-12-30,2329.8125,0.0,79.6500015258789
2023-12-31,2284.1,0.0,78.38999938964844
2024-01-01,2224.913857677903,0.0,77.04000091552734
2024-01-02,2252.4542190305206,0.0,77.04000091552734
2024-01-03,2441.971186440678,0.0,77.04000091552734
2024-01-04,2381.897271268058,0.0,77.04000091552734
2024-01-05,2363.6954474097333,0.0,75.88999938964844
2024-01-06,2359.172240802676,0.0,78.25
2024-01-07,2331.6977491961416,0.0,77.58999633789062
2024-01-08,2368.303370786517,0.0,78.76000213623047
2024-01-09,2314.4297520661157,0.0,78.76000213623047
2024-01-10,2338.661716171617,0.0,78.76000213623047
2024-01-11,2380.3703071672353,0.0,76.12000274658203
2024-01-12,2336.046204620462,0.0,77.58999633789062
2024-01-13,2309.918103448276,0.0,76.80000305175781
2024-01-14,2397.8551724137933,0.0,77.41000366210938
2024-01-15,2426.472118959108,0.0,78.29000091552734
2024-01-16,2314.7602739726026,0.0,78.29000091552734
2024-01-17,2221.770689655172,0.0,78.29000091552734
2024-01-18,2160.9111470113085,0.0,78.29000091552734
2024-01-19,2192.018927444795,0.0,78.29000091552734
2024-01-20,2157.945155393053,0.0,77.87999725341797
2024-01-21,2264.813765182186,0.0,79.0999984741211
2024-01-22,2262.3919491525426,0.0,78.55999755859375
2024-01-23,2061.622837370242,0.0,78.55999755859375
2024-01-24,2031.658187599364,0.0,78.55999755859375
2024-01-25,2021.9886363636363,0.0,80.05999755859375
2024-01-26,2119.033419023136,0.0,79.55000305175781
2024-01-27,2062.8054545454547,0.0,80.04000091552734
2024-01-28,1955.5205047318611,0.0,82.43000030517578
2024-01-29,1957.501592356688,0.0,83.55000305175781
2024-01-30,1939.602310231023,0.0,83.55000305175781
2024-01-31,1917.3935264054514,0.0,83.55000305175781
2024-02-01,1881.4719471947194,0.0,82.4000015258789
2024-02-02,1902.716692189893,0.0,82.87000274658203
2024-02-03,1865.1385642737896,0.0,81.70999908447266
2024-02-04,1825.656050955414,0.0,78.69999694824219
2024-02-05,1878.7138263665595,0.0,77.33000183105469
2024-02-06,1838.2532258064516,0.0,77.33000183105469
2024-02-07,1837.3990461049284,0.0,77.33000183105469
2024-02-08,1803.4144,0.0,77.98999786376953
2024-02-09,1856.4356435643565,0.0,78.58999633789062
2024-02-10,1740.0099800399203,0.0,79.20999908447266
2024-02-11,1759.0794117647058,0.1424275799279173,81.62999725341797
2024-02-12,1780.4951298701299,0.1424275799279173,82.19000244140625
2024-02-13,1674.9151943462898,0.1424275799279173,82.19000244140625
2024-02-14,1762.4129692832764,0.1424275799279173,82.19000244140625
2024-02-15,1709.2639344262295,0.1424275799279173,82.0
2024-02-16,1762.292962356792,0.1424275799279173,82.7699966430664
2024-02-17,1736.6501766784452,0.1424275799279173,81.5999984741211
2024-02-18,1700.9805825242718,0.0,82.86000061035156
2024-02-19,1845.5646017699114,0.0,83.47000122070312
2024-02-20,1865.6032520325202,0.0,83.47000122070312
2024-02-21,1867.8190476190475,0.0,83.47000122070312
2024-02-22,1878.8701298701299,0.0,83.47000122070312
2024-02-23,2281.6983333333333,0.0,82.33999633789062
2024-02-24,1871.206286836935,0.0,83.02999877929688
2024-02-25,1841.2401315789473,0.0,83.66999816894531
2024-02-26,1956.3132743362833,0.0,81.62000274658203
2024-02-27,1958.5023696682465,0.0,81.62000274658203
2024-02-28,1969.8412438625205,0.0,81.62000274658203
2024-02-29,1954.6132231404958,0.0,82.52999877929688
2024-03-01,1978.636060100167,0.0,83.6500015258789
2024-03-02,1921.8497409326426,0.0,83.68000030517578
2024-03-03,1893.2838283828382,0.0,83.62000274658203
2024-03-04,1958.5497630331754,0.0,83.55000305175781
2024-03-05,1946.5197368421052,0.0,83.55000305175781
2024-03-06,1992.309748427673,0.0,83.55000305175781
2024-03-07,2031.0484949832776,0.0,82.80000305175781
2024-03-08,1947.3086956521738,0.0,82.04000091552734
2024-03-09,1933.01775147929,0.0,82.95999908447266
2024-03-10,1964.8496732026144,0.0,82.95999908447266
2024-03-11,1995.54406779661,0.0,82.08000183105469
2024-03-12,1984.2074303405573,0.0,82.08000183105469
2024-03-13,1954.132275132275,0.0,82.08000183105469
2024-03-14,1974.771472392638,0.0,82.20999908447266
2024-03-15,1981.2055267702935,0.0,81.91999816894531
2024-03-16,2000.401652892562,0.0,84.02999877929688
2024-03-17,1946.427299703264,0.0,85.41999816894531
2024-03-18,1946.2617246596067,0.0,85.33999633789062
2024-03-19,1921.2857142857142,0.0,85.33999633789062
2024-03-20,1962.8612368024133,0.0,85.33999633789062
2024-03-21,1937.5446293494706,0.0,86.88999938964844
2024-03-22,1910.275039745628,0.0,87.37999725341797
2024-03-23,1978.164717348928,0.0,85.94999694824219
2024-03-24,1992.020618556701,0.0,85.77999877929688
2024-03-25,2125.503164556962,0.0,85.43000030517578
2024-03-26,1943.0583038869258,0.0,85.43000030517578
2024-03-27,1887.5167224080267,0.0,85.43000030517578
2024-03-28,1849.5179856115108,0.0,86.75
2024-03-29,1860.863453815261,0.0,86.25
2024-03-30,1934.9499072356216,0.0,86.08999633789062
2024-03-31,1819.11583011583,0.0,87.4800033569336
2024-04-01,1966.7482517482517,0.0,87.4800033569336
2024-04-02,1728.111650485437,0.0,87.4800033569336
2024-04-03,1891.6805555555557,0.0,87.4800033569336
2024-04-04,1918.5415282392028,0.0,87.41999816894531
2024-04-05,1918.271810631229,0.0,88.91999816894531
2024-04-06,1885.7996545768567,0.0,89.3499984741211
2024-04-07,1830.5446153846153,0.0381412632674794,90.6500015258789
2024-04-08,1936.8741007194244,0.0381412632674794,91.16999816894533
2024-04-09,1954.5081300813008,0.0381412632674794,91.16999816894533
2024-04-10,1948.0422535211267,0.0381412632674794,91.16999816894533
2024-04-11,2045.4166666666667,0.0381412632674794,90.37999725341795
2024-04-12,1994.20526,0.0381412632674794,89.41999816894531
2024-04-13,1856.4082474226805,0.0381412632674794,90.4800033569336
2024-04-14,1818.5466666666666,5.42420081234924,89.73999786376953
2024-04-15,1848.0731866197184,5.42420081234924,90.4499969482422
2024-04-16,1939.182186234818,5.42420081234924,90.4499969482422
2024-04-17,2016.2166666666667,5.42420081234924,90.4499969482422
2024-04-18,1931.34033530572,5.42420081234924,90.0999984741211
2024-04-19,1840.5137221269297,5.42420081234924,90.0199966430664
2024-04-20,1933.1883687943262,5.42420081234924,87.29000091552734
2024-04-21,1862.3249211356467,0.1028844502002063,87.11000061035156
2024-04-22,1871.1179530201343,0.1028844502002063,87.29000091552734
2024-04-23,1960.6185843920148,0.1028844502002063,87.29000091552734
2024-04-24,1898.132075471698,0.1028844502002063,87.29000091552734
2024-04-25,1847.2438220757826,0.1028844502002063,87.0
2024-04-26,1847.5622335025382,0.1028844502002063,88.41999816894531
2024-04-27,1917.3605729166666,0.1028844502002063,88.0199966430664
2024-04-28,1816.135593220339,0.0,89.01000213623047
2024-04-29,1844.5604574132494,0.0,89.5
2024-04-30,1809.5,0.0,89.5
2024-05-01,1827.2787524366472,0.0,89.5
2024-05-02,1879.88031496063,0.0,88.4000015258789
2024-05-03,1882.1635514018692,0.0,87.86000061035156
2024-05-04,1855.5879037267082,0.0,83.44000244140625
2024-05-05,1815.844262295082,1.5155591207441712,83.66999816894531
2024-05-06,1929.2058525345622,1.5155591207441712,82.95999908447266
2024-05-07,1942.0813770491802,1.5155591207441712,82.95999908447266
2024-05-08,1967.3670750382848,1.5155591207441712,82.95999908447266
2024-05-09,1918.5160796324656,1.5155591207441712,83.33000183105469
2024-05-10,1983.2840246045696,1.5155591207441712,83.16000366210938
2024-05-11,1924.4795378927913,1.5155591207441712,83.58000183105469
2024-05-12,1943.9941002949852,1.0584761025221356,83.87999725341797
2024-05-13,1995.590909090909,1.0584761025221356,82.79000091552734
2024-05-14,1941.3564668769716,1.0584761025221356,82.79000091552734
2024-05-15,1901.3280368098158,1.0584761025221356,82.79000091552734
2024-05-16,1898.1218501529052,1.0584761025221356,83.36000061035156
2024-05-17,1922.3859910581223,1.0584761025221356,82.37999725341797
2024-05-18,1864.794453507341,1.0584761025221356,82.75
2024-05-19,1854.3950617283951,0.6733881404417036,83.2699966430664
2024-05-20,1921.597719869707,0.6733881404417036,83.9800033569336
2024-05-21,1860.9299065420562,0.6733881404417036,83.9800033569336
2024-05-22,1929.0142857142857,0.6733881404417036,83.9800033569336
2024-05-23,1999.5711678832117,0.6733881404417036,83.70999908447266
2024-05-24,1923.6753416149068,0.6733881404417036,82.87999725341797
2024-05-25,1950.4058834586467,0.6733881404417036,81.9000015258789
2024-05-26,1883.593023255814,0.0,81.36000061035156
2024-05-27,1935.5422063492065,0.0,82.12000274658203
2024-05-28,1924.0175894245724,0.0,82.12000274658203
2024-05-29,1905.5788069073783,0.0,82.12000274658203
2024-05-30,1945.6191208791206,0.0,82.12000274658203
2024-05-31,1939.1929207920791,0.0,84.22000122070312
2024-06-01,2013.4520802919708,0.0,83.5999984741211
2024-06-02,1938.679190751445,50.80123290662229,81.86000061035156
2024-06-03,1995.8114331210193,50.80123290662229,81.62000274658203
2024-06-04,2009.2312925170068,50.80123290662229,81.62000274658203
2024-06-05,2100.877971473851,50.80123290662229,81.62000274658203
2024-06-06,2089.0400157480312,50.80123290662229,78.36000061035156
2024-06-07,2090.0335093167705,50.80123290662229,77.5199966430664
2024-06-08,2106.6990476190476,50.80123290662229,78.41000366210938
2024-06-09,2094.9835616438354,50.43057854893562,79.87000274658203
2024-06-10,2238.564142194745,50.43057854893562,79.62000274658203
2024-06-11,2325.4099229583976,50.43057854893562,79.62000274658203
2024-06-12,2390.048,50.43057854893562,79.62000274658203
2024-06-13,2383.037008130081,50.43057854893562,81.62999725341797
2024-06-14,2490.6898954703834,50.43057854893562,81.91999816894531
2024-06-15,2489.422924901186,50.43057854893562,82.5999984741211
2024-06-16,2496.3359375,18.8478064117576,82.75
2024-06-17,2564.31220657277,18.8478064117576,82.62000274658203
2024-06-18,1998.5079575596817,18.8478064117576,82.62000274658203
2024-06-19,2114.0712720403026,18.8478064117576,82.62000274658203
2024-06-20,2176.608879310345,18.8478064117576,84.25
2024-06-21,2228.5012224938873,18.8478064117576,85.33000183105469
2024-06-22,2126.1974444444445,18.8478064117576,85.33000183105469
2024-06-23,1935.0604395604396,27.43107798627125,85.70999908447266
2024-06-24,2281.557856272838,27.43107798627125,85.23999786376953
2024-06-25,2293.4257425742576,27.43107798627125,85.23999786376953
2024-06-26,2298.999025893958,27.43107798627125,85.23999786376953
2024-06-27,2336.7759313725487,27.43107798627125,86.01000213623047
2024-06-28,2297.031941031941,27.43107798627125,85.01000213623047
2024-06-29,2273.2045152722444,27.43107798627125,85.25
2024-06-30,1903.2282157676348,17.902618525321902,86.38999938964844
2024-07-01,2375.082378516624,17.902618525321902,86.41000366210938
2024-07-02,2373.5735475896167,17.902618525321902,86.41000366210938
2024-07-03,2404.180487804878,17.902618525321902,86.41000366210938
2024-07-04,2474.6393244873343,17.902618525321902,86.5999984741211
2024-07-05,2456.118474784748,17.902618525321902,86.23999786376953
2024-07-06,2444.213188585608,17.902618525321902,87.33999633789062
2024-07-07,2039.3483365949119,58.09769771599322,87.33999633789062
2024-07-08,3629.2636230110156,58.09769771599322,86.54000091552734
2024-07-09,3647.3244552058113,58.09769771599322,86.54000091552734
2024-07-10,3625.870460048426,58.09769771599322,86.54000091552734
2024-07-11,3575.280429594272,58.09769771599322,85.75
2024-07-12,3585.4867924528303,58.09769771599322,84.66000366210938
2024-07-13,3596.298719772404,58.09769771599322,85.08000183105469
2024-07-14,3764.044061302682,28.475754512874477,85.4000015258789
2024-07-15,3567.2417582417584,28.475754512874477,85.02999877929688
2024-07-16,3931.956356736243,28.475754512874477,85.02999877929688
2024-07-17,3877.6627272727274,28.475754512874477,85.02999877929688
2024-07-18,3713.4922118380064,28.475754512874477,84.8499984741211
2024-07-19,3720.3664596273293,28.475754512874477,83.7300033569336
2024-07-20,3778.1900647948164,28.475754512874477,85.08000183105469
2024-07-21,4126.255255255255,38.17970960199958,85.11000061035156
2024-07-22,3843.1555323590815,38.17970960199958,82.62999725341797
2024-07-23,3822.45325203252,38.17970960199958,82.62999725341797
2024-07-24,3830.634693877551,38.17970960199958,82.62999725341797
2024-07-25,3798.5097837281155,38.17970960199958,82.4000015258789
2024-07-26,3826.2114845360825,38.17970960199958,81.01000213623047
2024-07-27,3854.6197802197803,38.17970960199958,81.70999908447266
2024-07-28,4108.436641221374,16.79885893308544,82.37000274658203
2024-07-29,3797.2555190677967,16.79885893308544,81.12999725341797
2024-07-30,3758.4961497890295,16.79885893308544,81.12999725341797
2024-07-31,3778.491923076923,16.79885893308544,81.12999725341797
2024-08-01,3736.9435200845664,16.79885893308544,79.77999877929688
2024-08-02,3748.8622570532916,16.79885893308544,78.62999725341797
2024-08-03,3757.538147739802,16.79885893308544,80.72000122070312
2024-08-04,3982.7943368107303,2.2516748557882176,79.5199966430664
2024-08-05,3693.3825155925156,2.2516748557882176,76.80999755859375
2024-08-06,3726.8656410256413,2.2516748557882176,76.80999755859375
2024-08-07,3732.649512953368,2.2516748557882176,76.80999755859375
2024-08-08,3734.7833844580778,2.2516748557882176,76.30000305175781
2024-08-09,3750.67053125,2.2516748557882176,76.4800033569336
2024-08-10,3790.4630261660977,2.2516748557882176,78.33000183105469
2024-08-11,3966.5372023809523,0.4093820646187458,79.16000366210938
2024-08-12,3810.5844559585494,0.4093820646187458,79.66000366210938
2024-08-13,3841.425965665236,0.4093820646187458,79.66000366210938
2024-08-14,3918.971423650976,0.4093820646187458,79.66000366210938
2024-08-15,4135.900321543409,0.4093820646187458,82.30000305175781
2024-08-16,3931.0554364640884,0.4093820646187458,80.69000244140625
2024-08-17,3981.1245634458674,0.4093820646187458,79.76000213623047
2024-08-18,4327.1115107913665,115.8357994856317,81.04000091552734
2024-08-19,4193.313375796179,115.8357994856317,79.68000030517578
2024-08-20,3931.6940382452194,115.8357994856317,79.68000030517578
2024-08-21,3965.751189427313,115.8357994856317,79.68000030517578
2024-08-22,3978.127100840336,115.8357994856317,77.66000366210938
2024-08-23,4043.7084968684762,115.8357994856317,77.19999694824219
2024-08-24,4135.042067307692,115.8357994856317,76.05000305175781
2024-08-25,4418.460344827587,59.59502413472577,77.22000122070312
2024-08-26,4197.176466257669,59.59502413472577,79.0199966430664
2024-08-27,4147.999054779807,59.59502413472577,79.0199966430664
2024-08-28,4151.7088204038255,59.59502413472577,79.0199966430664
2024-08-29,4144.870665280665,59.59502413472577,81.43000030517578
2024-08-30,4171.676530612245,59.59502413472577,79.55000305175781
2024-08-31,4151.887587822014,59.59502413472577,78.6500015258789
2024-09-01,4378.707667731629,59.51081780745242,79.94000244140625
2024-09-02,4304.717415115006,59.51081780745242,78.80000305175781
2024-09-03,4230.645580168776,59.51081780745242,78.80000305175781
2024-09-04,4273.573078512397,59.51081780745242,78.80000305175781
2024-09-05,4251.990579857579,59.51081780745242,78.80000305175781
2024-09-06,4282.930736514523,59.51081780745242,73.75
2024-09-07,4386.885150812065,59.51081780745242,72.69999694824219
2024-09-08,4505.99227202473,6.669350140075938,72.69000244140625
2024-09-09,4327.658280922432,6.669350140075938,71.05999755859375
2024-09-10,4340.414928278688,6.669350140075938,71.05999755859375
2024-09-11,4348.861432989691,6.669350140075938,71.05999755859375
2024-09-12,4356.310293193717,6.669350140075938,71.83999633789062
2024-09-13,4380.574608050848,6.669350140075938,69.19000244140625
2024-09-14,4419.870589651023,6.669350140075938,70.61000061035156
2024-09-15,4603.213223140496,2.227702521904525,71.97000122070312
2024-09-16,4510.491293532338,2.227702521904525,71.61000061035156
2024-09-17,4561.60544217687,2.227702521904525,71.61000061035156
2024-09-18,4596.1122305229455,2.227702521904525,71.61000061035156
2024-09-19,4563.434162384378,2.227702521904525,72.75
2024-09-20,4545.53001017294,2.227702521904525,73.69999694824219
2024-09-21,4557.00422832981,2.227702521904525,73.6500015258789
2024-09-22,4823.945185185185,158.67458488294128,74.87999725341797
2024-09-23,4659.417085427136,158.67458488294128,74.48999786376953
2024-09-24,4653.70245398773,158.67458488294128,74.48999786376953
2024-09-25,4711.087645195354,158.67458488294128,74.48999786376953
2024-09-26,4620.613659531091,158.67458488294128,73.9000015258789
2024-09-27,4641.72853909465,158.67458488294128,75.16999816894531
2024-09-28,4654.145598194131,158.67458488294128,73.45999908447266
2024-09-29,4864.561561561562,3.549856444610778,71.5999984741211
2024-09-30,4625.222484076433,3.549856444610778,71.9800033569336
2024-10-01,4657.216376811594,3.549856444610778,71.9800033569336
2024-10-02,4732.070404172099,3.549856444610778,71.9800033569336
2024-10-03,4633.816062176165,3.549856444610778,71.7699966430664
2024-10-04,4661.065197095435,3.549856444610778,73.55999755859375
2024-10-05,4658.015167930661,3.549856444610778,73.9000015258789
2024-10-06,4878.665144596652,31.20741624737583,77.62000274658203
2024-10-07,4721.83895538629,31.20741624737583,78.05000305175781
2024-10-08,4784.581655480984,31.20741624737583,78.05000305175781
2024-10-09,4641.81270700637,31.20741624737583,78.05000305175781
2024-10-10,4672.981147186148,31.20741624737583,80.93000030517578
2024-10-11,4775.056647398844,31.20741624737583,77.18000030517578
2024-10-12,4883.971612903226,31.20741624737583,76.58000183105469
2024-10-13,4888.570776255708,75.26568847230183,79.4000015258789
2024-10-14,4739.4375655823715,75.26568847230183,79.04000091552734
2024-10-15,4691.041052631579,75.26568847230183,79.04000091552734
2024-10-16,4743.227032734952,75.26568847230183,79.04000091552734
2024-10-17,4761.508849557522,75.26568847230183,77.45999908447266
2024-10-18,4707.37720164609,75.26568847230183,74.25
2024-10-19,4752.584905660377,75.26568847230183,74.22000122070312
2024-10-20,5043.877611940298,1.415043339550122,74.44999694824219
2024-10-21,4774.632989690722,1.415043339550122,73.05999755859375
2024-10-22,4798.0364806866955,1.415043339550122,73.05999755859375
2024-10-23,4833.890396659708,1.415043339550122,73.05999755859375
2024-10-24,4788.245967741936,1.415043339550122,74.29000091552734
2024-10-25,4780.093186372746,1.415043339550122,76.04000091552734
2024-10-26,4830.299781181619,1.415043339550122,74.95999908447266
2024-10-27,5041.178187403993,0.0,74.37999725341797
2024-10-28,4844.894901144641,0.0,76.05000305175781
2024-10-29,4865.119419642857,0.0,76.05000305175781
2024-10-30,4974.620098039216,0.0,76.05000305175781
2024-10-31,5208.795698924731,0.0,71.41999816894531
2024-11-01,5159.931276297335,0.0,71.12000274658203
2024-11-02,5053.272373540856,0.0,72.55000305175781
2024-11-03,5140.078369905956,0.2928556780974403,73.16000366210938
2024-11-04,4957.033444816054,0.2928556780974403,73.0999984741211
2024-11-05,4967.567360350493,0.2928556780974403,73.0999984741211
2024-11-06,4996.826737967915,0.2928556780974403,73.0999984741211
2024-11-07,5028.9504132231405,0.2928556780974403,75.08000183105469
2024-11-08,5083.070306122449,0.2928556780974403,75.52999877929688
2024-11-09,5201.110011415525,0.2928556780974403,74.91999816894531
2024-11-10,5459.314705882353,0.3323613921759771,75.62999725341797
2024-11-11,5251.249744114637,0.3323613921759771,73.87000274658203
2024-11-12,5253.003144654088,0.3323613921759771,73.87000274658203
2024-11-13,5189.00487628866,0.3323613921759771,73.87000274658203
2024-11-14,5309.872241579558,0.3323613921759771,71.83000183105469
2024-11-15,5386.39054054054,0.3323613921759771,71.88999938964844
2024-11-16,5280.1378848728245,0.3323613921759771,72.27999877929688
2024-11-17,5608.6736842105265,0.0239724893037362,72.55999755859375
2024-11-18,5143.391551155116,0.0239724893037362,71.04000091552734
2024-11-19,5086.303783783784,0.0239724893037362,71.04000091552734
2024-11-20,5144.2677165354335,0.0239724893037362,71.04000091552734
2024-11-21,4976.843177189409,0.0239724893037362,73.30000305175781
2024-11-22,4898.35333677686,0.0239724893037362,73.30999755859375
2024-11-23,5019.716335540839,0.0239724893037362,72.80999755859375
2024-11-24,5190.526158445441,0.2372698499539202,74.2300033569336
2024-11-25,4866.385923309788,0.2372698499539202,75.16999816894531
2024-11-26,4908.0040941658135,0.2372698499539202,75.16999816894531
2024-11-27,4887.3530612244895,0.2372698499539202,75.16999816894531
2024-11-28,4879.057471264367,0.2372698499539202,73.01000213623047
2024-11-29,4799.103861517976,0.2372698499539202,72.80999755859375
2024-11-30,4202.346578366446,0.2372698499539202,72.83000183105469
2024-12-01,3936.7217741935483,4.097525865237748,72.83000183105469
2024-12-02,4920.473347547974,4.097525865237748,72.94000244140625
2024-12-03,4833.135557872784,4.097525865237748,72.94000244140625
2024-12-04,4951.7987355110645,4.097525865237748,72.94000244140625
2024-12-05,4781.680561914672,4.097525865237748,71.83000183105469
2024-12-06,4868.112953367876,4.097525865237748,73.62000274658203
2024-12-07,4901.562162162162,4.097525865237748,72.30999755859375
2024-12-08,5236.503793626707,0.0,72.08999633789062
2024-12-09,4910.151832460733,0.0,71.12000274658203
2024-12-10,4899.496183206107,0.0,71.12000274658203
2024-12-11,4964.782372143634,0.0,71.12000274658203
2024-12-12,4825.908333333334,0.0,72.13999938964844
2024-12-13,4806.143460743801,0.0,72.19000244140625
2024-12-14,4888.718244803696,0.0,73.5199966430664
2024-12-15,5108.606287425149,0.4766700060170977,73.41000366210938
2024-12-16,4694.573195876289,0.4766700060170977,74.48999786376953
2024-12-17,4571.845213849288,0.4766700060170977,74.48999786376953
2024-12-18,4473.291497975709,0.4766700060170977,74.48999786376953
2024-12-19,4318.447342026078,0.4766700060170977,73.91000366210938
2024-12-20,4201.865384615385,0.4766700060170977,73.19000244140625
2024-12-21,4169.5126849894295,0.4766700060170977,73.38999938964844
2024-12-22,4509.63353115727,0.0055097956435914,72.87999725341797
2024-12-23,954809.6839378239,0.0055097956435914,72.94000244140625
2024-12-24,3940.0528683914513,0.0055097956435914,72.94000244140625
2024-12-25,3982.5894465894467,0.0055097956435914,72.94000244140625
2024-12-26,3811.810950413223,0.0055097956435914,72.62999725341797
2024-12-27,3822.7227513227513,0.0055097956435914,73.58000183105469
2024-12-28,3874.1314285714284,0.0055097956435914,73.58000183105469
2024-12-29,4210.158878504673,0.0,73.26000213623047
2024-12-30,3917.2170978627673,0.0,74.16999816894531
2024-12-31,3887.090979955457,0.0,74.16999816894531
2025-01-01,4003.0054495912805,0.0,74.16999816894531
2025-01-02,3844.182222222222,0.0,74.38999938964844
2025-01-03,3909.142558386412,0.0,74.63999938964844
2025-01-04,3972.0426695842452,0.0,74.63999938964844
2025-01-05,4547.926788685524,0.0,75.93000030517578
2025-01-06,4047.2935377875137,0.0,76.51000213623047
2025-01-07,3937.3091086065574,0.0,76.51000213623047
2025-01-08,4002.7086637931034,0.0,76.51000213623047
2025-01-09,3893.295336787565,0.0,76.30000305175781
2025-01-10,3996.9706431535274,0.0,77.05000305175781
2025-01-11,4109.064027939465,0.0,76.16000366210938
2025-01-12,4396.194029850746,0.0,76.91999816894531
2025-01-13,4083.928888888889,0.0,79.76000213623047
2025-01-14,4195.78875,0.0,79.76000213623047
2025-01-15,3865.03707995365,0.0,79.76000213623047
2025-01-16,3748.559866962306,0.0,81.01000213623047
2025-01-17,3918.8198400852875,0.0,79.91999816894531
2025-01-18,3979.2456896551726,0.0,82.02999877929688
2025-01-19,4425.352855051245,1.3204208055754278,81.29000091552734
2025-01-20,4037.997920997921,1.3204208055754278,80.79000091552734
2025-01-21,3998.8984293193716,1.3204208055754278,80.79000091552734
2025-01-22,4026.9310344827586,1.3204208055754278,80.79000091552734
2025-01-23,3969.491317671093,1.3204208055754278,80.79000091552734
2025-01-24,3908.7583081570997,1.3204208055754278,79.29000091552734
2025-01-25,4014.47928331467,1.3204208055754278,79.0
2025-01-26,4518.412698412699,0.0,78.29000091552734
2025-01-27,3760.2554471544713,0.0,78.5
2025-01-28,3709.0510204081634,0.0,78.5
2025-01-29,3712.0604166666667,0.0,78.5
2025-01-30,3552.538844621514,0.0,77.08000183105469
2025-01-31,3589.0853277835586,0.0,77.48999786376953
2025-02-01,3628.923076923077,0.0,76.58000183105469
2025-02-02,3909.8425655976675,0.2814265115229347,76.87000274658203
2025-02-03,3459.59623015873,0.2814265115229347,76.76000213623047
2025-02-04,3421.71896053898,0.2814265115229347,76.76000213623047
2025-02-05,3456.593287265548,0.2814265115229347,76.76000213623047
2025-02-06,3430.9162561576354,0.2814265115229347,75.95999908447266
2025-02-07,3420.6637426900584,0.2814265115229347,76.19999694824219
2025-02-08,3479.335886214442,0.2814265115229347,74.61000061035156
2025-02-09,3776.494318181818,0.5126862687721756,74.29000091552734
2025-02-10,3562.4508368200836,0.5126862687721756,74.66000366210938
2025-02-11,3582.365906680806,0.5126862687721756,74.66000366210938
2025-02-12,3655.9638554216867,0.5126862687721756,74.66000366210938
2025-02-13,3481.5631067961167,0.5126862687721756,75.87000274658203
2025-02-14,3484.7430488974114,0.5126862687721756,77.0
2025-02-15,3506.4554455445545,0.5126862687721756,75.18000030517578
2025-02-16,3871.01269393512,0.0,75.0199966430664
2025-02-17,3498.105014191107,0.0,74.73999786376953
2025-02-18,3873.2752752752754,0.0,74.73999786376953
2025-02-19,3579.8273092369477,0.0,74.73999786376953
2025-02-20,3491.445478927203,0.0,74.73999786376953
2025-02-21,3763.276142857143,0.0,75.83999633789062
2025-02-22,3561.060869565217,0.0,76.04000091552734
2025-02-23,3686.698166431594,0.5051377100278945,76.4800033569336
2025-02-24,3402.2516698473282,0.5051377100278945,74.43000030517578
2025-02-25,3438.478305785124,0.5051377100278945,74.43000030517578
2025-02-26,3570.1735436893205,0.5051377100278945,74.43000030517578
2025-02-27,3340.7228796844183,0.5051377100278945,74.77999877929688
2025-02-28,3341.2008154943933,0.5051377100278945,73.0199966430664
2025-03-01,3332.4947257383965,0.5051377100278945,72.52999877929688
2025-03-02,3618.9806896551722,0.0,74.04000091552734
2025-03-03,3278.202769535114,0.0,73.18000030517578
2025-03-04,3270.2678571428573,0.0,73.18000030517578
2025-03-05,3257.2738424124514,0.0,73.18000030517578
2025-03-06,3250.037962037962,0.0,71.62000274658203
2025-03-07,3217.161980392157,0.0,71.04000091552734
2025-03-08,3243.3773377337734,0.0,69.30000305175781
2025-03-09,3449.2787794729543,0.0,69.45999908447266
2025-03-10,3109.925855513308,0.0,70.36000061035156
2025-03-11,3068.363548698168,0.0,70.36000061035156
2025-03-12,3081.432938856016,0.0,70.36000061035156
2025-03-13,3157.7697044334977,0.0,69.27999877929688
2025-03-14,3343.6031294452346,0.0,69.55999755859375
2025-03-15,3065.727066817667,0.0,70.94999694824219
2025-03-16,2516.7241379310344,0.0,69.87999725341797
2025-03-17,2893.6005917159764,0.0,70.58000183105469
2025-03-18,2855.0432645034416,0.0,70.58000183105469
2025-03-19,2898.3828920570263,0.0,70.58000183105469
2025-03-20,2788.584942084942,0.0,71.06999969482422
2025-03-21,2746.6942800788956,0.0,70.55999755859375
2025-03-22,2769.0632780082988,0.0,70.77999877929688
2025-03-23,2888.150417827298,0.0,72.0
2025-03-24,2674.9893100097183,0.0,72.16000366210938
2025-03-25,2622.606994163424,0.0,72.16000366210938
2025-03-26,2623.741429970617,0.0,72.16000366210938
2025-03-27,2548.2652859960554,0.0,73.0
2025-03-28,2551.734778121775,0.0,73.0199966430664
2025-03-29,2707.602100350058,0.0,73.79000091552734
2025-03-30,2881.3896551724138,0.0902009084976292,74.02999877929688
2025-03-31,2719.2086230876216,0.0902009084976292,73.62999725341797
2025-04-01,2635.6122905027933,0.0902009084976292,73.62999725341797
2025-04-02,2529.977091633466,0.0902009084976292,73.62999725341797
2025-04-03,2486.7587890625,0.0902009084976292,74.73999786376953
2025-04-04,2452.403019230769,0.0902009084976292,74.48999786376953
2025-04-05,2497.974128440367,0.0902009084976292,74.94999694824219
2025-04-06,2786.9396914446,0.047432158274541,70.13999938964844
2025-04-07,2455.3961165048545,0.047432158274541,65.58000183105469
2025-04-08,2421.124066797642,0.047432158274541,65.58000183105469
2025-04-09,2434.196810431294,0.047432158274541,65.58000183105469
2025-04-10,2532.1848839779004,0.047432158274541,64.20999908447266
2025-04-11,2400.264577114428,0.047432158274541,62.81999969482422
2025-04-12,2538.06986935867,0.047432158274541,65.4800033569336
2025-04-13,2729.9075757575756,0.0,63.33000183105469
2025-04-14,2484.0,0.0,64.76000213623047
2025-04-15,2327.1073379860422,0.0,64.76000213623047
2025-04-16,2303.9925661116554,0.0,64.76000213623047
2025-04-17,2306.113378378378,0.0,64.87999725341797
2025-04-18,2348.7100869565215,0.0,64.66999816894531
2025-04-19,2300.076595744681,0.0,65.8499984741211
2025-04-20,2522.5407303370785,0.0,67.95999908447266
2025-04-21,2260.063375984252,0.0,67.95999908447266
2025-04-22,2227.9288315481986,0.0,67.95999908447266
2025-04-23,2206.644995169082,0.0,67.95999908447266
2025-04-24,2208.015532945736,0.0,66.26000213623047
2025-04-25,2212.8616290480863,0.0,67.44000244140625
2025-04-26,2273.6314391534393,0.0,66.12000274658203
2025-04-27,2522.166193181818,0.0,66.55000305175781
2025-04-28,2194.7308746355684,0.0,66.87000274658203
2025-04-29,2225.8519979612643,0.0,66.87000274658203
2025-04-30,2342.6611824324323,0.0,66.87000274658203
2025-05-01,2306.0632183908046,0.0,65.86000061035156
2025-05-02,2170.899990186457,0.0,64.25
2025-05-03,2172.0174640657083,0.0,63.119998931884766
2025-05-04,2448.3144827586207,0.2637412579921123,62.130001068115234
2025-05-05,2196.294815891473,0.2637412579921123,61.290000915527344
2025-05-06,2263.0376052104207,0.2637412579921123,61.290000915527344
2025-05-07,2267.6321350546177,0.2637412579921123,61.290000915527344
2025-05-08,2269.7884046692607,0.2637412579921123,60.22999954223633
2025-05-09,2278.405783836417,0.2637412579921123,62.150001525878906
2025-05-10,1528.9002973977695,0.2637412579921123,61.119998931884766
2025-05-11,2719.076119402985,4.107540741387953,62.84000015258789
2025-05-12,2407.8733296089385,4.107540741387953,63.90999984741211
2025-05-13,2365.722842639594,4.107540741387953,63.90999984741211
2025-05-14,2422.968814968815,4.107540741387953,63.90999984741211
2025-05-15,2326.811154598826,4.107540741387953,64.95999908447266
2025-05-16,2319.6767833491012,4.107540741387953,66.62999725341797
2025-05-17,2354.7013118062564,4.107540741387953,66.08999633789062
2025-05-18,2667.1991701244815,9.395281165782244,64.52999877929688
2025-05-19,2339.3124306220097,9.395281165782244,65.41000366210938
2025-05-20,2342.1758846529815,9.395281165782244,65.41000366210938
2025-05-21,2338.2179684418147,9.395281165782244,65.41000366210938
2025-05-22,2334.8368186226962,9.395281165782244,65.54000091552734
2025-05-23,2349.5182761998044,9.395281165782244,65.37999725341797
2025-05-24,2434.6146282722516,9.395281165782244,64.91000366210938
2025-05-25,2791.3867243867244,36.2492493278174,64.44000244140625
2025-05-26,2411.7075855327466,36.2492493278174,64.77999877929688
2025-05-27,2427.9386400000003,36.2492493278174,64.77999877929688
2025-05-28,2451.1115577889445,36.2492493278174,64.77999877929688
2025-05-29,2540.5289855072465,36.2492493278174,64.77999877929688
2025-05-30,2533.043303121853,36.2492493278174,64.08999633789062
2025-05-31,2646.5228539576365,36.2492493278174,64.9000015258789
2025-06-01,3028.308270676692,23.480836396152647,64.1500015258789
2025-06-02,2564.7618525896414,23.480836396152647,63.900001525878906
2025-06-03,2543.6458333333335,23.480836396152647,63.900001525878906
2025-06-04,2583.3174924165824,23.480836396152647,63.900001525878906
2025-06-05,2561.496531219029,23.480836396152647,64.62999725341797
2025-06-06,2613.325039840637,23.480836396152647,65.62999725341797
2025-06-07,2797.3601829268296,23.480836396152647,64.86000061035156
2025-06-08,2975.5326842837276,45.86646028065234,65.33999633789062
2025-06-09,2572.018758758759,45.86646028065234,66.47000122070312
2025-06-10,1598.8594618834081,45.86646028065234,66.47000122070312
2025-06-11,2653.4726903023984,45.86646028065234,66.47000122070312
2025-06-12,2551.2887164179106,45.86646028065234,67.04000091552734
2025-06-13,2549.1963707317072,45.86646028065234,66.87000274658203
2025-06-14,2692.345881708653,45.86646028065234,69.7699966430664
2025-06-15,3015.935344827586,60.37345574579061,69.36000061035156
2025-06-16,2593.624505928854,60.37345574579061,74.2300033569336
2025-06-17,2577.816103379722,60.37345574579061,74.2300033569336
2025-06-18,2621.556398390342,60.37345574579061,74.2300033569336
2025-06-19,2589.41533530572,60.37345574579061,73.2300033569336
2025-06-20,2612.14897029703,60.37345574579061,76.44999694824219
2025-06-21,2659.0246544715446,60.37345574579061,76.69999694824219
2025-06-22,3038.9576868829336,15.412123111145489,76.69999694824219
2025-06-23,2655.067061143984,15.412123111145489,77.01000213623047
2025-06-24,2690.006081218274,15.412123111145489,77.01000213623047
2025-06-25,2732.869367991845,15.412123111145489,77.01000213623047
2025-06-26,2714.070826693227,15.412123111145489,71.4800033569336
2025-06-27,1698.8723723723724,15.412123111145489,67.13999938964844
2025-06-28,2820.1509846827134,15.412123111145489,67.68000030517578
2025-06-29,3108.511177347243,4.491027927972643,67.7300033569336
2025-06-30,2776.629225736096,4.491027927972643,67.7699966430664
2025-07-01,2728.953109504132,4.491027927972643,67.7699966430664
2025-07-02,2708.841046277666,4.491027927972643,67.7699966430664
2025-07-03,2663.3566866866868,4.491027927972643,67.61000061035156
2025-07-04,2629.16611328125,4.491027927972643,67.11000061035156
2025-07-05,2736.6052631578946,4.491027927972643,69.11000061035156
2025-07-06,1741.7971830985916,6.766724678121181,68.80000305175781
2025-07-07,2750.5901720430106,6.766724678121181,68.29000091552734
2025-07-08,2662.7804995004994,6.766724678121181,68.29000091552734
2025-07-09,2616.916836628512,6.766724678121181,68.29000091552734
2025-07-10,2710.43176056338,6.766724678121181,69.58000183105469
2025-07-11,2671.3942115768464,6.766724678121181,70.1500015258789
2025-07-12,2732.2917127071823,6.766724678121181,70.19000244140625
2025-07-13,3029.5687134502923,4.056580731599341,68.63999938964844
2025-07-14,1803.6604046242774,4.056580731599341,70.36000061035156
2025-07-15,2635.384468503937,4.056580731599341,70.36000061035156
2025-07-16,2635.389881773399,4.056580731599341,70.36000061035156
2025-07-17,2605.6526418786693,4.056580731599341,69.20999908447266
2025-07-18,2603.4451284584984,4.056580731599341,68.70999908447266
2025-07-19,2625.6446700507613,4.056580731599341,68.5199966430664
2025-07-20,1770.874331550802,33.257560133697595,69.5199966430664
2025-07-21,2641.19896373057,33.257560133697595,69.27999877929688
2025-07-22,2549.622529644269,33.257560133697595,69.27999877929688
2025-07-23,2745.9909547738694,33.257560133697595,69.27999877929688
2025-07-24,2579.391032325339,33.257560133697595,69.20999908447266
2025-07-25,2549.1923076923076,33.257560133697595,68.58999633789062
2025-07-26,1881.6186131386862,33.257560133697595,68.51000213623047
2025-07-27,2945.028358208955,30.293895128823525,69.18000030517578
2025-07-28,2561.250601427115,30.293895128823525,68.44000244140625
2025-07-29,2536.213692946058,30.293895128823525,68.44000244140625
2025-07-30,2489.842430484037,30.293895128823525,68.44000244140625
2025-07-31,2564.5092491838955,30.293895128823525,70.04000091552734
2025-08-01,2496.18085106383,30.293895128823525,72.51000213623047
2025-08-02,2480.547743966422,30.293895128823525,73.23999786376953
2025-08-03,2782.206744868035,6.748224217222232,72.52999877929688
2025-08-04,2488.970770833333,6.748224217222232,69.66999816894531
2025-08-05,2427.914597815293,6.748224217222232,69.66999816894531
2025-08-06,2407.4779559118238,6.748224217222232,69.66999816894531
2025-08-07,2398.2948717948716,6.748224217222232,68.76000213623047
2025-08-08,1726.1780821917807,6.748224217222232,67.63999938964844
2025-08-09,1819.159090909091,6.748224217222232,66.88999938964844
2025-08-10,2724.7895522388058,71.99317385302955,66.43000030517578
2025-08-11,2401.5766633165827,71.99317385302955,66.58999633789062
2025-08-12,2424.5577689243028,71.99317385302955,66.58999633789062
2025-08-13,2408.205680705191,71.99317385302955,66.58999633789062
2025-08-14,1796.9412808641976,71.99317385302955,66.62999725341797
2025-08-15,2659.603591160221,71.99317385302955,66.12000274658203
2025-08-16,2576.9768250289685,71.99317385302955,65.62999725341797
2025-08-17,2677.3781869688387,43.3225343808003,66.83999633789062
2025-08-18,2493.7854922279794,43.3225343808003,65.8499984741211
2025-08-19,2450.9475806451615,43.3225343808003,65.8499984741211
2025-08-20,2430.3621890547265,43.3225343808003,65.8499984741211
2025-08-21,2439.6934673366836,43.3225343808003,66.5999984741211
2025-08-22,2473.561421319797,43.3225343808003,65.79000091552734
2025-08-23,2558.365406643757,43.3225343808003,66.83999633789062
2025-08-24,2697.5472263868064,35.970141220291865,67.66999816894531
2025-08-25,2418.9928861788617,35.970141220291865,67.7300033569336
2025-08-26,2427.631364562118,35.970141220291865,67.7300033569336
2025-08-27,2499.559246954596,35.970141220291865,67.7300033569336
2025-08-28,2378.7795753286146,35.970141220291865,68.80000305175781
2025-08-29,1768.0678466076697,35.970141220291865,67.22000122070312
2025-08-30,2484.4623059866963,35.970141220291865,68.05000305175781
2025-08-31,2744.420472440945,43.85479341065959,68.62000274658203
2025-09-01,2424.257275902212,43.85479341065959,68.12000274658203
2025-09-02,2402.518912529551,43.85479341065959,68.12000274658203
2025-09-03,2429.321387283237,43.85479341065959,68.12000274658203
2025-09-04,2383.995232419547,43.85479341065959,68.12000274658203
2025-09-05,2461.7882037533514,43.85479341065959,69.13999938964844
2025-09-06,2479.433889602054,43.85479341065959,67.5999984741211
2025-09-07,2688.7449664429532,17.548791028786308,66.98999786376953
2025-09-08,2379.240719910011,17.548791028786308,65.5
2025-09-09,2326.9508379888266,17.548791028786308,65.5
2025-09-10,2328.960044101433,17.548791028786308,65.5
2025-09-11,2314.20067264574,17.548791028786308,66.0199966430664
2025-09-12,2299.0674915254235,17.548791028786308,66.38999938964844
2025-09-13,2404.923273657289,17.548791028786308,67.48999786376953
2025-09-14,2597.5716560509554,89.04262027792741,66.37000274658203
2025-09-15,2331.714285714286,89.04262027792741,66.98999786376953
2025-09-16,2281.861572535991,89.04262027792741,66.98999786376953
2025-09-17,2306.4045454545453,89.04262027792741,66.98999786376953
2025-09-18,2281.1576576576576,89.04262027792741,67.44000244140625
2025-09-19,2278.2454954954956,89.04262027792741,68.47000122070312
2025-09-20,2298.2812135355894,89.04262027792741,67.94999694824219
2025-09-21,2579.0505902192244,80.05633741836215,67.44000244140625
2025-09-22,2286.8854781582054,80.05633741836215,66.68000030517578
2025-09-23,2262.7577497129737,80.05633741836215,66.68000030517578
2025-09-24,2153.8036890645585,80.05633741836215,66.68000030517578
2025-09-25,2291.9052757793766,80.05633741836215,66.56999969482422
2025-09-26,2294.773851590106,80.05633741836215,67.62999725341797
2025-09-27,2273.02457002457,80.05633741836215,69.30999755859375
2025-09-28,2643.30350877193,44.51322269658704,69.41999816894531
2025-09-29,2295.851168511685,44.51322269658704,70.12999725341797
2025-09-30,2422.016853932584,44.51322269658704,70.12999725341797
2025-10-01,1695.4798850574712,44.51322269658704,70.12999725341797
2025-10-02,2477.3082595870205,44.51322269658704,67.97000122070312
2025-10-03,2283.26248853211,44.51322269658704,67.0199966430664
2025-10-04,1578.494623655914,44.51322269658704,65.3499984741211
2025-10-05,2566.5146103896104,3.749551217222044,64.11000061035156
2025-10-06,2324.7917159763315,3.749551217222044,64.52999877929688
2025-10-07,2420.144278606965,3.749551217222044,64.52999877929688
2025-10-08,2326.5600882028666,3.749551217222044,64.52999877929688
2025-10-09,2362.577056778679,3.749551217222044,65.47000122070312
2025-10-10,2530.75,3.749551217222044,65.44999694824219
2025-10-11,1717.1341719077568,3.749551217222044,66.25
2025-10-12,2674.7019543973943,0.2688989508624864,65.22000122070312
2025-10-13,2407.1927990708477,0.2688989508624864,62.72999954223633
2025-10-14,2406.3951927437643,0.2688989508624864,62.72999954223633
2025-10-15,2339.7688838782415,0.2688989508624864,62.72999954223633
2025-10-16,2391.878348214286,0.2688989508624864,63.31999969482422
2025-10-17,2502.820197044335,0.2688989508624864,62.38999938964844
2025-10-18,2626.515603799186,0.2688989508624864,61.90999984741211
2025-10-19,3151.260042283298,58.31090829071273,61.060001373291016
2025-10-20,1956.3868613138686,58.31090829071273,61.290000915527344
2025-10-21,2903.717391304348,58.31090829071273,61.290000915527344
2025-10-22,2972.8602620087336,58.31090829071273,61.290000915527344
2025-10-23,2605.143312101911,58.31090829071273,61.0099983215332
2025-10-24,2542.471875,58.31090829071273,61.31999969482422
2025-10-25,1644.1221374045801,58.31090829071273,62.59000015258789
2025-10-26,2354.121951219512,22.16012396215148,65.98999786376953
2025-10-27,2349.810397553517,22.16012396215148,65.94000244140625
2025-10-28,2450.994778067885,22.16012396215148,65.94000244140625
2025-10-29,2253.452229299363,22.16012396215148,65.94000244140625
2025-10-30,2239.7184750733136,22.16012396215148,65.62000274658203
2025-10-31,2247.276729559748,22.16012396215148,64.4000015258789
2025-11-01,2793.877551020408,22.16012396215148,64.91999816894531
2025-11-02,2906.4548611111113,0.0,65.0
2025-11-03,2116.266666666667,0.0,65.06999969482422
2025-11-04,2626.9289940828403,0.0,65.06999969482422
2025-11-05,2000.9628099173553,0.0,65.06999969482422
2025-11-06,1826.6666666666667,0.0,64.88999938964844
2025-11-29,4641.804347826087,2.246153317274023,63.130001068115234
2025-11-30,5304.285714285715,2.442614305492234,63.130001068115234
2025-12-01,4954.024390243902,2.442614305492234,63.20000076293945
2025-12-02,4411.882352941177,2.442614305492234,63.20000076293945
2025-12-03,2697.671282051282,2.442614305492234,63.20000076293945
2025-12-04,2562.1233467741936,2.442614305492234,63.16999816894531
2025-12-05,2404.7570158102767,2.442614305492234,62.45000076293945
2025-12-06,2759.8541900311525,2.442614305492234,62.66999816894531
2025-12-07,3242.0247524752476,0.0,63.2599983215332
2025-12-08,3033.9411312217194,0.0,63.75
2025-12-09,3175.3467336683416,0.0,63.75
2025-12-10,3256.4845360824743,0.0,63.75
2025-12-11,2629.1008591065292,0.0,62.4900016784668
2025-12-12,2836.5369969512194,0.0,61.93999862670898
2025-12-13,2957.910695187166,0.0,62.209999084472656
2025-12-14,3805.7125748502995,0.0,61.27999877929688
2025-12-15,3180.6491983122364,0.0,61.119998931884766
2025-12-16,3169.0476190476193,0.0,61.119998931884766
2025-12-17,3019.128898128898,0.0,61.119998931884766
2025-12-18,2661.593514376997,0.0,60.560001373291016
2025-12-19,2675.759493670886,0.0,58.91999816894531
2025-12-20,3340.493,0.0,59.68000030517578
2025-12-21,3859.670731707317,0.0,59.81999969482422
2025-12-22,3132.882,0.0,60.470001220703125
2025-12-23,2976.304195804196,0.0,60.470001220703125
2025-12-24,3025.008054474708,0.0,60.470001220703125
2025-12-25,3268.114186851211,0.0,62.06999969482422
2025-12-26,3070.3330263157895,0.0,62.380001068115234
2025-12-27,3379.478873239437,0.0,62.2400016784668
2025-12-28,3825.3870056497176,0.0,62.2400016784668
2025-12-29,3524.435842696629,0.0,60.63999938964844
2025-12-30,3036.0381944444443,0.0,60.63999938964844
2025-12-31,3146.7194444444444,0.0,60.63999938964844
2026-01-01,3153.3141363636364,0.0,61.93999862670898
2026-01-02,3389.6048780487804,0.0,61.91999816894531
2026-01-03,3035.694290780142,0.0,60.84999847412109
2026-01-04,3500.3574660633485,0.0,60.84999847412109
2026-01-05,3236.2066420664205,0.0,60.75
2026-01-06,3292.08125,0.0,60.75
2026-01-07,3009.4840935672514,0.0,60.75
2026-01-08,2927.2698961937717,0.0,61.7599983215332
2026-01-09,2858.8199367088605,0.0,60.70000076293945
2026-01-10,2947.3167791411042,0.0,59.959999084472656
2026-01-11,3201.2638909090906,0.0,61.9900016784668
2026-01-12,2791.156891495601,0.0,63.34000015258789
2026-01-13,2631.1188118811883,0.0,63.34000015258789
2026-01-14,2877.617292576419,0.0,63.34000015258789
2026-01-15,3111.1360278745647,0.0,63.869998931884766
2026-01-16,2636.9790592334493,0.0,65.47000122070312
2026-01-17,2828.6149584487534,0.0,66.5199966430664
2026-01-18,3285.558394160584,0.0,63.7599983215332
2026-01-19,3032.586440677966,0.0,64.12999725341797
2026-01-20,3240.6975609756096,0.0,64.12999725341797
2026-01-21,3197.7294685990337,0.0,64.12999725341797
2026-01-22,2997.715909090909,0.0,64.12999725341797
2026-01-23,2982.9704918032785,0.0,64.91999816894531
2026-01-24,2771.7275263157894,0.0,65.23999786376953
2026-01-25,3150.203187250996,0.0,64.05999755859375
2026-01-26,2948.401515151515,0.0,65.87999725341797
2026-01-27,2587.4957264957266,0.0,65.87999725341797
2026-01-28,2422.243031088083,0.0,65.87999725341797
2026-01-29,2568.4608852459014,0.0,65.58999633789062
2026-01-30,2556.834375,0.0,67.56999969482422
2026-01-31,2600.087786259542,0.0,68.4000015258789
2026-02-01,2695.730941704036,0.0,70.70999908447266
2026-02-02,2375.185328185328,0.0,70.70999908447266
2026-02-03,2342.168581818182,0.0,70.70999908447266
2026-02-04,2432.484243697479,0.0,70.70999908447266
2026-02-05,2435.994082840237,0.0,70.70999908447266
2026-02-06,2545.1823648648647,0.0,70.70999908447266
2026-02-07,2405.9799331103677,0.0,70.70999908447266
2026-02-08,2643.0217289719626,0.0,70.70999908447266
2026-02-09,2422.3391003460206,0.0,70.70999908447266
2026-02-10,2488.205424354244,0.0,70.70999908447266
2026-02-11,2449.866730769231,0.0,70.70999908447266
2026-02-12,2576.0701754385964,0.0,70.70999908447266
